modelo,condicao,predicao,label_final,id,comentario,erro
e5_multilingual,sem_instrucao,1,0,4224,que lindo cortou cabelo,True
e5_multilingual,sem_instrucao,1,0,4855,Eternas SAUDDADS,True
e5_multilingual,sem_instrucao,0,1,1482,Esse 💩tem que provar é a sua inocência (não tem como provar) e não atacar o Moro.,True
e5_multilingual,sem_instrucao,0,1,235,Ah tá com pena? Devolve o dinheiro do 🇧🇷,True
e5_multilingual,sem_instrucao,1,0,5470,Também acho. Esse cara fala demais. Os filhos do bolsonaro acabam enfraquecendo o governo. Sempre disse issso desde o começo,True
e5_multilingual,sem_instrucao,0,1,452,Que dia é o impeachment desse senhor mesmo? Já deu 💩💩💩💩💩💩💩💩💩💩💩💩💩💩,True
e5_multilingual,sem_instrucao,0,1,906,"Ai5 é meus ovos , entrevista de qualidade de gente sem cérebro🍊🍊🍊🍊🍊🍊🍊🍊",True
e5_multilingual,sem_instrucao,0,1,2456,"Não aguento mais . Pelo amor de Deus , nesse País os poros dessas pessoas que respira Lula Credo! Chou coisa ruim . Oremos para vê se pensam em coisa sadia 🙏🙏",True
e5_multilingual,sem_instrucao,1,0,5071,"Estamos em um grande barco a remo metade 50% rema para frente 25% não rema 25 % rema para trás ,e culpa do Presidente, não, somos nós brasileiros devemos remar ele apenas põe ordem na embarcação ,por favor Brasil temos muitos brasileiros que não fazem nada pra melhorar estamos no mesmo barco ,perde um perde todos ou tô errado?",True
e5_multilingual,sem_instrucao,1,0,5056,"Deixa ver se entendi...se 1/4 está pessimista, 1/4 está neutro como pode a maioria estar otimista? Ora se somarmos pessimistas mais neutros há um empate. Não?kkkkk tá foda em Dudu.",True
e5_multilingual,sem_instrucao,1,0,6340,E A SOLIDARIEDADE COM A NORA DO LULA????,True
e5_multilingual,sem_instrucao,1,0,4979,A excelente globo mostrou diferente....🙄,True
e5_multilingual,sem_instrucao,0,1,2425,Pra todos nós que Samos milhões de negros nessi país incruindo eu esse miZeravel tem que ser punido pela lei isso e inaceitável🇧🇷🇧🇷🇧🇷🇧🇷🇧🇷🇧🇷🇧🇷🇧🇷,True
e5_multilingual,sem_instrucao,0,1,2470,VAI VOLTAR PRA JAULA,True
e5_multilingual,sem_instrucao,1,0,3858,"Patriotismo a parte..."".los Hermanos"" sempre tiveram mais cultura.. desta vez foi só mais uma demonstração",True
e5_multilingual,sem_instrucao,1,0,4641,"Que absurdo contra essa mulher,ministra ou nao.",True
e5_multilingual,sem_instrucao,0,1,245,Ninguém está preocupado com a pena dela. É melhor ela cuidadar do pais dela .,True
e5_multilingual,sem_instrucao,1,0,3765,Haddad era pra ser nosso presidente.nossa Amazonia nao.estaria .morrendo mas um louco faze.o.que🙏😍😍❤❤,True
e5_multilingual,sem_instrucao,1,0,6283,"Ao fim dos privilégios tbm e que todos os políticos passem a pagar seus planos de saúde, INSS e impostos de renda... Que peguem seus próprios alugueis e suas próprias roupas. Afinal políticos tem algum gasto? Pra que tem salários?",True
e5_multilingual,sem_instrucao,0,1,1525,Já estou levantado capeta,True
e5_multilingual,sem_instrucao,1,0,3803,@lauraisv tá ofendendo seu país aqui amiga,True
e5_multilingual,sem_instrucao,0,1,2293,"Fica quieta joice, tá feio ja",True
e5_multilingual,sem_instrucao,1,0,5754,Benedita não se altere porque esse ato cometido foi por gente que tem alma escura !,True
e5_multilingual,sem_instrucao,1,0,4492,Dupla imbatível nas argumentações inteligentes contra esse governo desgovernado que estamos pagando....aff,True
e5_multilingual,sem_instrucao,1,0,5602,Correta afirmação! Estao areimando argumentos e justificativas para os contrarios usarem de artificio para derruba los,True
e5_multilingual,sem_instrucao,1,0,4645,"Se fosse o Pabllo Vittar , os lacradores: ""Linda"" , ""Essa mulher nos representa"" , ""Ninguém solta a mão de ninguém"" , ""Viva o Feminismo"". 😂😂😂😂😂😂",True
e5_multilingual,sem_instrucao,0,1,2367,Pior é que tem negros que votam nessa gente! O Brasil precisa acordar!!!,True
e5_multilingual,sem_instrucao,0,1,1925,"A Joyce só pode estar ""surtando""!!! 😱😱😱",True
e5_multilingual,sem_instrucao,1,0,6069,"Lamentável, deste jeito, 2022 não vai dar pra vc",True
e5_multilingual,sem_instrucao,0,1,649,"Para que tanta inveja Muié, o povo tem que manifestar mesmo para provar que Bolsonaro é mais amado que o *L* o persona non grata, aceita que dói menos tá?",True
e5_multilingual,sem_instrucao,0,1,113,"Pois é, nojenta!!",True
e5_multilingual,sem_instrucao,0,1,632,Até quando o STF vai trabalhar contra o país?,True
e5_multilingual,sem_instrucao,1,0,3919,Lei da mordaça,True
e5_multilingual,sem_instrucao,1,0,4935,"Por um lado eu acho desnecessário ficar um atacando o outro, MAS por outro lado acho necessário, pois SÓ assim ficamos sabendo o que a passa nos """" bastidores """".",True
e5_multilingual,sem_instrucao,1,0,4619,"Que absurdo fizeram com ela,o Brasil precisa de você,e está fazendo um ótimo trabalho,indo atrás de pedófilos que estupram até bebês.",True
e5_multilingual,sem_instrucao,0,1,1477,Não vou acionar o áudio porque não aguento a voz e o conteúdo dito pelo carniça.,True
e5_multilingual,sem_instrucao,0,1,2601,Vc e a Greta: duas oportunistas,True
e5_multilingual,sem_instrucao,0,1,420,Fora bozzolino! Christina vamos a volver✌✌✌,True
e5_multilingual,sem_instrucao,0,1,1637,"Quando a gente acha que uma pessoa não consegue ser mais zé ruéla do que já é, vem o cara e se supera.",True
e5_multilingual,sem_instrucao,1,0,3818,"Dá-lhe Cristina, dá-lhe Manu... Lula livre já👏❤️",True
e5_multilingual,sem_instrucao,0,1,3236,@ed.biel vdd pq são uns vendidos,True
e5_multilingual,sem_instrucao,1,0,4025,Cuidado para não comprarmos pautas colonizadas com patrocínios por trás!,True
e5_multilingual,sem_instrucao,1,0,5934,Afinal o sítio não é dele kkkkkkkkkkkkk,True
e5_multilingual,sem_instrucao,0,1,1963,"Ainda bem que não foi no SBT, com certeza , lá, o resultado seria alterado pelo dono.",True
e5_multilingual,sem_instrucao,0,1,2829,"Coitada dessa menina, tem que crescer muito ainda. Foi fabricada e agora a exploram",True
e5_multilingual,sem_instrucao,1,0,5666,"Verdade , é tudo que os inimigos querem",True
e5_multilingual,sem_instrucao,1,0,3756,Vai mostra as provas que é inocente 👏👏👏😆😆😆😆😆😆😆,True
e5_multilingual,sem_instrucao,0,1,195,É outra HIPÓCRITA 😔😔😔,True
e5_multilingual,sem_instrucao,1,0,5762,Um desgaste muito grande para o congresso nacional tem que ser punido severamente.,True
e5_multilingual,sem_instrucao,1,0,4379,O pior é que as pessoas acham graça,True
e5_multilingual,sem_instrucao,1,0,3897,@jairmessiasbolsonaro Deveria fazer procedimento dentário todos os dias,True
e5_multilingual,sem_instrucao,0,1,1445,"Se tiver que lutar pelo futuro dos meus filhos e a melhoria do meu país , eu volto para as forças armadas sem salário e ajudo a combater a esquerdalha. #lulaterroristanacadeia",True
e5_multilingual,sem_instrucao,0,1,305,"@ronaldosnascimento1_ Mas tu é baixo nível, né cara? Dá dó!",True
e5_multilingual,sem_instrucao,1,0,6842,"Na verdade, a maior mensagem que eu tirei da propaganda foi 'tenha cachorros em casa pra espantar a dengue'",True
e5_multilingual,sem_instrucao,0,1,496,"Perde não, Carla. As notícias verdadeiras é que são válidas mesmo. Quem corre risco maior é a esquerda, que inventou muito na eleição.",True
e5_multilingual,sem_instrucao,0,1,2295,"Realmente , seria mais sensato que os filhos do Presidente permanecessem calados!!! 👍",True
e5_multilingual,sem_instrucao,1,0,5973,Nem era pra ter sido preso! #LulaInocente ❤️🇧🇷💚,True
e5_multilingual,sem_instrucao,0,1,2320,"Se arrependimento matasse, eu e todos meus amigos e familiares a quem incentivei que votassem em vc estaríamos mortos!! 🤮",True
e5_multilingual,sem_instrucao,0,1,950,Silvio Santos é a cara do senhor do engenho,True
e5_multilingual,sem_instrucao,1,0,6141,@joaoamgomes Por que os petistas têm tanto medo de investigarem a morte do Celso Daniel?,True
e5_multilingual,sem_instrucao,0,1,3276,"O grupo é grande, com certeza tem mais políticos no meio.",True
e5_multilingual,sem_instrucao,0,1,3237,"O tombo vai ser grande, eu vou aplaudir de pé.",True
e5_multilingual,sem_instrucao,0,1,3146,Kkkkk bem afrontoso👏👏👏👏👏👏🙌,True
e5_multilingual,sem_instrucao,0,1,778,coisa nojenta sim,True
e5_multilingual,sem_instrucao,1,0,5391,Deveria recolher impostos em quem votou nele !,True
e5_multilingual,sem_instrucao,0,1,994,E essas mulheres rindo????? Credo,True
e5_multilingual,sem_instrucao,0,1,2087,Aí seus otario bonsoniho,True
e5_multilingual,sem_instrucao,0,1,597,Deputada! Temos que ir pra cima dessa corja.,True
e5_multilingual,sem_instrucao,1,0,5894,Estão querendo prender Lula de novo.,True
e5_multilingual,sem_instrucao,0,1,2774,"Não tenha dúvidas, sem capim está sempre a sua disposição 😂😢",True
e5_multilingual,sem_instrucao,1,0,4673,Cada uma viu ninguém merece já chega,True
e5_multilingual,sem_instrucao,1,0,5736,É tem negro defendendo essa barbárie!,True
e5_multilingual,sem_instrucao,1,0,5661,Esses filhos vão acabar com o mandato do pai,True
e5_multilingual,sem_instrucao,1,0,4396,"Que absurdo, não sei como tem gente q assiste esse cara, e ainda acham graça 😔",True
e5_multilingual,sem_instrucao,0,1,977,@alice.lavigne.3388 NOJO! por isso prefiro assistir o fantástico aos fins de domingo. Porque contém informações e conteúdos!,True
e5_multilingual,sem_instrucao,1,0,6021,"A estratégia de Soros é apoiar movimentos de protesto que minam os nacionalismos, colocando acima as reivindicações sociais globais, que desafiam os governos progressistas com um senso de pátria. De pertencer a um território e uma cultura. Malala e Greta fazem parte dessa estratégia, embora a mídia corporativa do mundo esteja focada em saber se a garota escandinava pode retornar de veleiro, mula ou skate para sua escola sueca, para não se contaminar no caminho de volta.",True
e5_multilingual,sem_instrucao,0,1,3303,"Vai arregar pros pastores, Haddad? Vc realmente acha que eles vāo deixar de perseguir a esquerda?",True
e5_multilingual,sem_instrucao,0,1,662,"Sei não hein!? Pertinente, porém vejo um desvio de pensamento arquitetado aí!",True
e5_multilingual,sem_instrucao,1,0,3953,Desfazem tudo que o presidente Bolsonaro faz !!! Que sentido faz ?,True
e5_multilingual,sem_instrucao,0,1,384,"Perguntem quantos votos esse energúmeno teve em Roraima, então poderemos ter compreensão do porque ele sente liberdade para as atrocidades que diz e faz sem pudor.",True
e5_multilingual,sem_instrucao,1,0,5501,Vc poderia ser mais sensata ... E não alimentar ainda mais as coisas... afinal de que lado vc esta ...,True
e5_multilingual,sem_instrucao,1,0,5562,Os filhos do Presidente só criam problemas .... corta a mesada deles ....,True
e5_multilingual,sem_instrucao,1,0,4371,Cadê a Damares e a igreja para proteger as crianças ?,True
e5_multilingual,sem_instrucao,1,0,5887,Boa Fachin,True
e5_multilingual,sem_instrucao,0,1,116,A única coisa que no momento a esquerda faz é rosnar!!,True
e5_multilingual,sem_instrucao,1,0,4229,Lindao arrebenta,True
e5_multilingual,sem_instrucao,1,0,3522,Devia ter tido pena ANTES... bem ANTES 🤬,True
e5_multilingual,sem_instrucao,1,0,3687,"@matthews_salles Que bobagem! O Glen ñ precisa da proteçao de ninguem! O flavinho, sim!",True
e5_multilingual,sem_instrucao,0,1,2838,CAPA DA TIME AGORA VIROU LIXO,True
e5_multilingual,sem_instrucao,1,0,4040,"sem industria, sem soberania. Não adianta nada ""não manufaturar"" se compramos de quem manufatura, e permitimos a destruição da Amazônia.",True
e5_multilingual,sem_instrucao,1,0,6409,Kkkkk Mais afiado que tramontina😂💚💛,True
e5_multilingual,sem_instrucao,0,1,121,Nossa mostre sua compaixão devolvendo o dinheiro que recebeu do MOLUSCO,True
e5_multilingual,sem_instrucao,1,0,6274,Os Robin Hood's do Brasil,True
e5_multilingual,sem_instrucao,1,0,5180,"Esse negócio de mulher NEGRA está por fora. Foi escolhida uma MULHER LINDA do continente africano. Mulher é mulher. Ou ela é diferente das outras por causa da sua cor. É mais sensual, mais carinhosa, mais inteligente...???",True
e5_multilingual,sem_instrucao,0,1,2013,Isso é pouco pra os otário q votou nele.,True
e5_multilingual,sem_instrucao,0,1,661,Parabéns a garotinha do George Sorus. Uma laranjinha sendo usada pelas grandes corporações parabéns a menina usada por sua mãe e as gigantes de seu contrato.,True
e5_multilingual,sem_instrucao,0,1,1814,Ridícula essa briguinha de vocês . Será que daria para crescer e voltar a trabalhar pelo Brasil ???????????,True
e5_multilingual,sem_instrucao,0,1,40,Nojo 🙈🙉🙊sempre assim,True
e5_multilingual,sem_instrucao,0,1,690,"Agora vai ser assim "" votem em quem eu indicar"" pelo amor de Deus para de frescura no toba e deixa o povo votar",True
e5_multilingual,sem_instrucao,0,1,746,😂 Porisso gosto dele pq eu sou afiada igual a ele povo pela saco!,True
e5_multilingual,sem_instrucao,0,1,680,"A grande destruição ambiental no Brasil ocorreu principalmente durante os anos que a europa nos colonizava e hj europeu vem nos dar lição de moral, isso é um grande hipocrisia. Deixando claro que votei em Haddad Nordeste13",True
e5_multilingual,sem_instrucao,0,1,2006,Parabéns aos envolvidos! Faz arminha e grita mito.,True
e5_multilingual,sem_instrucao,0,1,495,Ainda bem que do PT e do Lula Ladrao só falamos a verdade.,True
e5_multilingual,sem_instrucao,1,0,5853,Tem dinheiro... responde em liberdade 😡 lamentável,True
e5_multilingual,sem_instrucao,1,0,3504,A Dilma chilena 🤢🤢🤢🤮🤮,True
e5_multilingual,sem_instrucao,0,1,2840,Tem mtas outras pessoas q realmente merecem destaque!!! menos essa tal de Greta🙄,True
e5_multilingual,sem_instrucao,1,0,5528,"Esses filhos foram criados dessa maneira, falando o que pensam. Esquecem que estão no comando de uma grande nação. Precisam todos eles pensar melhor antes de falar.",True
e5_multilingual,sem_instrucao,0,1,499,FORA CONGRESSO. LIXO,True
e5_multilingual,sem_instrucao,1,0,5447,É o mito dos trabalhador,True
e5_multilingual,sem_instrucao,0,1,2258,Os filhos do nosso Presidente poderiam calar à boca!!!,True
e5_multilingual,sem_instrucao,1,0,4123,Turma do bem !,True
e5_multilingual,sem_instrucao,1,0,4940,"Desculpe, mas acho lamentável e infantil... não espero isso de parlamentares a quem confiei e dei a voz para nos defender.",True
e5_multilingual,sem_instrucao,0,1,3269,"A importância da democracia, das instituições, da Justiça e da @policiafederal @flaviodino e a luta da esquerda @psol50 @ptbrasil @pcdob_oficial e da imprensa e dos movimentos sociais para não deixar impune os mandantes milicianos de direita deste assassinato político contra uma mulher de luta e de esquerda, que lutava pelos pobres, favelados, trabalhadores, povo e democracia! MARIELLE VIVE!",True
e5_multilingual,sem_instrucao,1,0,5637,é preciso pensar 10 X antes de falar para depois ter que pedir desculpas . Certos Bolsonaros deviam aprender isso . um leão nuca pede desculpas ..,True
e5_multilingual,sem_instrucao,1,0,4939,"Noh coisa feia duas deputadas do mesmo partido , com essas brigas sem fundamento.",True
e5_multilingual,sem_instrucao,0,1,3279,"Eu quero mais mulheres na política, mas que não sejam iguais a você.",True
e5_multilingual,sem_instrucao,0,1,1146,Aceitar comentários de Minions é de uma grandeza absoluta... só por isso tem meu voto eternamente,True
e5_multilingual,sem_instrucao,0,1,1857,Desiquilibrio total.,True
e5_multilingual,sem_instrucao,1,0,6844,Dengue precisa e de vacina né de vídeo bonito não cadê as vacina,True
e5_multilingual,sem_instrucao,0,1,1938,"🇧🇷🇧🇷🇧🇷🇧🇷🇧🇷 Maravilha! Bolsonaro 2022!!!!! Vamos mudar o rumo de nossas vidas pelo trabalho, pela honra, pela honestidade e pela ética. Apoio total ao governo. Vamos defender nosso país da quadrilha comunista.",True
e5_multilingual,sem_instrucao,1,0,3993,"Eu nao quero ser presidente, eu que ser DEPUTADO OU SENADOR...",True
e5_multilingual,sem_instrucao,0,1,2676,Só foi eleita porque apoiou o Bolsonaro. Vai caçar o que fazer!!!,True
e5_multilingual,sem_instrucao,0,1,160,Ou quando o Brasil estava sendo saqueado pelo PT? ?,True
e5_multilingual,sem_instrucao,0,1,2750,Estamos vendo que 💩 é a TIME afinal só olhar o dono. E como boa puxa saco de editor acha justo...precisa conhecer @boyanslat e entender o que é relevância de PERSONALIDADE EM MEIO AMBIENTE MUNDIAL!,True
e5_multilingual,sem_instrucao,0,1,3444,@crisflorais orgulho de levar no rabicó ne,True
e5_multilingual,sem_instrucao,1,0,4550,Deus é contigo @damaresalvesoficial1 . Isso é o cúmulo do absurdo,True
e5_multilingual,sem_instrucao,0,1,1706,Esse aí nao vale nada,True
e5_multilingual,instrucao_manual,1,0,5540,So tem petistas aqui agora kkk,True
e5_multilingual,instrucao_manual,1,0,4274,"DEPUTADO NAO E O GABINETE do ÓDIO , MAS SIM DE UMA GRANDE JORNALISTA CANAL da LEDA NAGLE ! ENTREVISTA . PARABÉNS ! 👏👏👏👏👏💛👏👏🇧🇷👮‍♂️🇧🇷💚👮‍♂️💛👍👍👍👍🤝👮‍♂️🇧🇷👏👏VAMOS ASSISTIR ! TODOS ! 😂😂😂😂😂❤️😂😂😂😂😂😂😂👮‍♂️😂😂😂🇧🇷NÃO PERCAM !",True
e5_multilingual,instrucao_manual,1,0,4855,Eternas SAUDDADS,True
e5_multilingual,instrucao_manual,0,1,2452,Que seja condenado,True
e5_multilingual,instrucao_manual,0,1,1381,Abatam esse verme!,True
e5_multilingual,instrucao_manual,0,1,1482,Esse 💩tem que provar é a sua inocência (não tem como provar) e não atacar o Moro.,True
e5_multilingual,instrucao_manual,0,1,235,Ah tá com pena? Devolve o dinheiro do 🇧🇷,True
e5_multilingual,instrucao_manual,1,0,5470,Também acho. Esse cara fala demais. Os filhos do bolsonaro acabam enfraquecendo o governo. Sempre disse issso desde o começo,True
e5_multilingual,instrucao_manual,1,0,3838,Como um presidente faz esse tipo de comentário? Depreciando um estado 🤦🏼‍♀️,True
e5_multilingual,instrucao_manual,0,1,452,Que dia é o impeachment desse senhor mesmo? Já deu 💩💩💩💩💩💩💩💩💩💩💩💩💩💩,True
e5_multilingual,instrucao_manual,1,0,3901,Tem que rir para não chorar...😢😂,True
e5_multilingual,instrucao_manual,0,1,3474,Ainda tem gente que apoia esse verme,True
e5_multilingual,instrucao_manual,0,1,906,"Ai5 é meus ovos , entrevista de qualidade de gente sem cérebro🍊🍊🍊🍊🍊🍊🍊🍊",True
e5_multilingual,instrucao_manual,0,1,2456,"Não aguento mais . Pelo amor de Deus , nesse País os poros dessas pessoas que respira Lula Credo! Chou coisa ruim . Oremos para vê se pensam em coisa sadia 🙏🙏",True
e5_multilingual,instrucao_manual,1,0,6561,"O AMAZONAS AGONIZA MAIS UMA VEZ, AGORA É QUALIDADE PÉSSIMA DE AR RELACIONADA A FUMAÇA CONSEQUÊNCIA DAS QUEIMADAS PROMOVIDA PELA AÇÃO HUMANA. Os humanos destruindo nosso meio ambiente, os animais que lá habitam e nos sufocando com essa fumaça insuportável",True
e5_multilingual,instrucao_manual,1,0,5056,"Deixa ver se entendi...se 1/4 está pessimista, 1/4 está neutro como pode a maioria estar otimista? Ora se somarmos pessimistas mais neutros há um empate. Não?kkkkk tá foda em Dudu.",True
e5_multilingual,instrucao_manual,1,0,6340,E A SOLIDARIEDADE COM A NORA DO LULA????,True
e5_multilingual,instrucao_manual,1,0,5208,"Mais uma terráquea vence o Miss Universo, parabéns!!!",True
e5_multilingual,instrucao_manual,0,1,2425,Pra todos nós que Samos milhões de negros nessi país incruindo eu esse miZeravel tem que ser punido pela lei isso e inaceitável🇧🇷🇧🇷🇧🇷🇧🇷🇧🇷🇧🇷🇧🇷🇧🇷,True
e5_multilingual,instrucao_manual,1,0,4397,É isto uma pessoa de bem???,True
e5_multilingual,instrucao_manual,0,1,2470,VAI VOLTAR PRA JAULA,True
e5_multilingual,instrucao_manual,1,0,3858,"Patriotismo a parte..."".los Hermanos"" sempre tiveram mais cultura.. desta vez foi só mais uma demonstração",True
e5_multilingual,instrucao_manual,1,0,4641,"Que absurdo contra essa mulher,ministra ou nao.",True
e5_multilingual,instrucao_manual,0,1,245,Ninguém está preocupado com a pena dela. É melhor ela cuidadar do pais dela .,True
e5_multilingual,instrucao_manual,1,0,3765,Haddad era pra ser nosso presidente.nossa Amazonia nao.estaria .morrendo mas um louco faze.o.que🙏😍😍❤❤,True
e5_multilingual,instrucao_manual,0,1,1495,Esse calhorda nunca mais terá a força que nosso Brasil tem hoje 👏🏻👏🏻👏🏻👏🏻,True
e5_multilingual,instrucao_manual,1,0,4901,Haudad até hoje a ficha não caiu 😓😓😢,True
e5_multilingual,instrucao_manual,1,0,6301,É a existência do foro privilegiado que dá esse poder aos 11 ministros do STF.,True
e5_multilingual,instrucao_manual,0,1,1525,Já estou levantado capeta,True
e5_multilingual,instrucao_manual,0,1,2093,"Filho da p........ volta Lula, só vc pra consertar tudo isso....",True
e5_multilingual,instrucao_manual,1,0,5754,Benedita não se altere porque esse ato cometido foi por gente que tem alma escura !,True
e5_multilingual,instrucao_manual,0,1,1816,#DEPUTADADECEPÇÃOTRAÍRA,True
e5_multilingual,instrucao_manual,1,0,4492,Dupla imbatível nas argumentações inteligentes contra esse governo desgovernado que estamos pagando....aff,True
e5_multilingual,instrucao_manual,1,0,5812,Tem que abrir processo disciplinar por quebra de decoro na forma do regimento. Pelo vandalismo e pelo ato de racismo.,True
e5_multilingual,instrucao_manual,1,0,6543,"@cheoheck mídia direitista brasileira? Isso existe? Tem anos que procuro uma e ainda não achei.. Se tiver pra indicar, eu agradeço..",True
e5_multilingual,instrucao_manual,1,0,4751,Triste realidade do brasil,True
e5_multilingual,instrucao_manual,0,1,2367,Pior é que tem negros que votam nessa gente! O Brasil precisa acordar!!!,True
e5_multilingual,instrucao_manual,1,0,5035,"PARABÉNS PARA O JORNALISMO SERIO, PARAB3NS AL3XANDRE GARCIA!! !PARABÉNS BRASIL!🇧🇷🇧🇷🇧🇷🇧🇷🇧🇷👏🇧🇷👏👏🇧🇷👏🇧🇷🤲🇧🇷🤲🇧🇷🤲🇧🇷🔰🌻🌷🌻🌷🌻👍👍🇧🇷👏🇧🇷👏🇧🇷👏🇧🇷",True
e5_multilingual,instrucao_manual,0,1,356,E um viva à esquerdalha!!!!!!,True
e5_multilingual,instrucao_manual,0,1,428,"Certeza q a esquerda eh doente. Apoio a maduro, Cristina. Só pode ser doença",True
e5_multilingual,instrucao_manual,1,0,4420,2 pessoas super inteligentes...,True
e5_multilingual,instrucao_manual,0,1,649,"Para que tanta inveja Muié, o povo tem que manifestar mesmo para provar que Bolsonaro é mais amado que o *L* o persona non grata, aceita que dói menos tá?",True
e5_multilingual,instrucao_manual,1,0,4292,@bolsonarosp não perco por nada! 🔥,True
e5_multilingual,instrucao_manual,0,1,1740,"E o PSL como sempre, envolvido das atrocidades .",True
e5_multilingual,instrucao_manual,0,1,632,Até quando o STF vai trabalhar contra o país?,True
e5_multilingual,instrucao_manual,1,0,3919,Lei da mordaça,True
e5_multilingual,instrucao_manual,1,0,4619,"Que absurdo fizeram com ela,o Brasil precisa de você,e está fazendo um ótimo trabalho,indo atrás de pedófilos que estupram até bebês.",True
e5_multilingual,instrucao_manual,0,1,3313,"A Gente Sabe, Quem Realmente Deu O Golpe Seu verme",True
e5_multilingual,instrucao_manual,0,1,2063,"Rebentado a gente, foi para isso que colocamos vc aí, vai acaba com nós pobres.",True
e5_multilingual,instrucao_manual,1,0,6019,Quando era amiguinha do presidente não fazia essas coisas.,True
e5_multilingual,instrucao_manual,0,1,1477,Não vou acionar o áudio porque não aguento a voz e o conteúdo dito pelo carniça.,True
e5_multilingual,instrucao_manual,1,0,4361,Cadê a Damaris que não se posiciona? 😂😂😂😂😂,True
e5_multilingual,instrucao_manual,0,1,2601,Vc e a Greta: duas oportunistas,True
e5_multilingual,instrucao_manual,0,1,851,"Parabéns, ex presidente inelegível. Quem sabe no seu próximo aniversário vai comemorar na Papuda. 😂😂😂",True
e5_multilingual,instrucao_manual,0,1,420,Fora bozzolino! Christina vamos a volver✌✌✌,True
e5_multilingual,instrucao_manual,0,1,135,Ta com pena? Devolve a propina,True
e5_multilingual,instrucao_manual,1,0,4532,Isso é um tipo de violência contra a MULHER MINISTRA DAMARES. Tem q ser tomada uma providência.,True
e5_multilingual,instrucao_manual,1,0,6232,@_rodrigobrazz Então como é curioso veio comentar kkkkkkk ajuda aí Zé 😂😂😂😂😂😂😂,True
e5_multilingual,instrucao_manual,0,1,3236,@ed.biel vdd pq são uns vendidos,True
e5_multilingual,instrucao_manual,1,0,4025,Cuidado para não comprarmos pautas colonizadas com patrocínios por trás!,True
e5_multilingual,instrucao_manual,1,0,5934,Afinal o sítio não é dele kkkkkkkkkkkkk,True
e5_multilingual,instrucao_manual,0,1,1963,"Ainda bem que não foi no SBT, com certeza , lá, o resultado seria alterado pelo dono.",True
e5_multilingual,instrucao_manual,1,0,5666,"Verdade , é tudo que os inimigos querem",True
e5_multilingual,instrucao_manual,1,0,3756,Vai mostra as provas que é inocente 👏👏👏😆😆😆😆😆😆😆,True
e5_multilingual,instrucao_manual,1,0,5762,Um desgaste muito grande para o congresso nacional tem que ser punido severamente.,True
e5_multilingual,instrucao_manual,0,1,305,"@ronaldosnascimento1_ Mas tu é baixo nível, né cara? Dá dó!",True
e5_multilingual,instrucao_manual,1,0,3836,"Eu quero ver se o Tramp perder, vai ser melhor ainda.",True
e5_multilingual,instrucao_manual,1,0,6842,"Na verdade, a maior mensagem que eu tirei da propaganda foi 'tenha cachorros em casa pra espantar a dengue'",True
e5_multilingual,instrucao_manual,0,1,3334,@mariamenezes3258 nem vc acredita nestas bobagens,True
e5_multilingual,instrucao_manual,0,1,2584,"Claro, e criança adolescente, mas tem postura de bruxa",True
e5_multilingual,instrucao_manual,0,1,1994,Desgraça que foi escolhida pelo povo para atrazar suas vidas,True
e5_multilingual,instrucao_manual,0,1,496,"Perde não, Carla. As notícias verdadeiras é que são válidas mesmo. Quem corre risco maior é a esquerda, que inventou muito na eleição.",True
e5_multilingual,instrucao_manual,0,1,206,"pois é, né? O dinheiro da OAS fez com que ela esquecesse de ter pena do Brasil. Muito cínica.",True
e5_multilingual,instrucao_manual,1,0,6566,"@grazi_diphylleia acabei de ler na imprensa. De fato, a situação é grave e eu não queria estar na ele de Manaus e entorno agora. Meu Deus 😱",True
e5_multilingual,instrucao_manual,1,0,5469,"Qualquer coisa que alguém da direita disser será desvirtuado para ser usado pela esquerda pra atacar. Ele citou um exemplo histórico que nós não queremos de volta mas pra isso o Brasil tem que se preparar, coisa que não fez na década de 60.🇧🇷",True
e5_multilingual,instrucao_manual,0,1,2295,"Realmente , seria mais sensato que os filhos do Presidente permanecessem calados!!! 👍",True
e5_multilingual,instrucao_manual,1,0,5973,Nem era pra ter sido preso! #LulaInocente ❤️🇧🇷💚,True
e5_multilingual,instrucao_manual,1,0,6906,Muita boa pessoa Carla Zambele,True
e5_multilingual,instrucao_manual,0,1,3210,Tomar o diploma dele,True
e5_multilingual,instrucao_manual,0,1,2320,"Se arrependimento matasse, eu e todos meus amigos e familiares a quem incentivei que votassem em vc estaríamos mortos!! 🤮",True
e5_multilingual,instrucao_manual,0,1,3276,"O grupo é grande, com certeza tem mais políticos no meio.",True
e5_multilingual,instrucao_manual,0,1,3237,"O tombo vai ser grande, eu vou aplaudir de pé.",True
e5_multilingual,instrucao_manual,0,1,3146,Kkkkk bem afrontoso👏👏👏👏👏👏🙌,True
e5_multilingual,instrucao_manual,0,1,1473,Isss aí @bolsonarosp 👏👏👏👏(Carniça humana!!!!! Lula)!!!!!,True
e5_multilingual,instrucao_manual,1,0,5391,Deveria recolher impostos em quem votou nele !,True
e5_multilingual,instrucao_manual,0,1,994,E essas mulheres rindo????? Credo,True
e5_multilingual,instrucao_manual,0,1,597,Deputada! Temos que ir pra cima dessa corja.,True
e5_multilingual,instrucao_manual,1,0,3900,A Europa prática o capitalismo. O governo não precisa ser de direita para praticar tal,True
e5_multilingual,instrucao_manual,1,0,5894,Estão querendo prender Lula de novo.,True
e5_multilingual,instrucao_manual,0,1,2774,"Não tenha dúvidas, sem capim está sempre a sua disposição 😂😢",True
e5_multilingual,instrucao_manual,1,0,6568,@coca.figueiredo chefe não saber e normal..........fica na paz vamos nos alegrR mais segurança pra nós pais de família 👏,True
e5_multilingual,instrucao_manual,1,0,5736,É tem negro defendendo essa barbárie!,True
e5_multilingual,instrucao_manual,1,0,4396,"Que absurdo, não sei como tem gente q assiste esse cara, e ainda acham graça 😔",True
e5_multilingual,instrucao_manual,1,0,6094,Quando ele vai ouvir musk na polícia federal kkkkkk,True
e5_multilingual,instrucao_manual,1,0,4946,Foi tudo em um piscar de olhos.,True
e5_multilingual,instrucao_manual,1,0,4107,Meu Deus. Ela tem apenas 16 anos com toda essa lucidez e sensibilidade? Tem gente governando por ai que não consegue falar uma frase que faça algum sentido... tanto a aprender com as crianças e os jovens! Maravilhosa!,True
e5_multilingual,instrucao_manual,0,1,977,@alice.lavigne.3388 NOJO! por isso prefiro assistir o fantástico aos fins de domingo. Porque contém informações e conteúdos!,True
e5_multilingual,instrucao_manual,1,0,6021,"A estratégia de Soros é apoiar movimentos de protesto que minam os nacionalismos, colocando acima as reivindicações sociais globais, que desafiam os governos progressistas com um senso de pátria. De pertencer a um território e uma cultura. Malala e Greta fazem parte dessa estratégia, embora a mídia corporativa do mundo esteja focada em saber se a garota escandinava pode retornar de veleiro, mula ou skate para sua escola sueca, para não se contaminar no caminho de volta.",True
e5_multilingual,instrucao_manual,0,1,3303,"Vai arregar pros pastores, Haddad? Vc realmente acha que eles vāo deixar de perseguir a esquerda?",True
e5_multilingual,instrucao_manual,0,1,662,"Sei não hein!? Pertinente, porém vejo um desvio de pensamento arquitetado aí!",True
e5_multilingual,instrucao_manual,1,0,5194,"Estou sem palavras... Já acho foda, ver o cabelo afro como moda (a palavra foda saiu para não digitar emocionado) e agora isso.... Lindo lindo",True
e5_multilingual,instrucao_manual,1,0,5459,Isso é a retórica dela. Quanto ao mesmo objetivo vcs tem o mesmo. O duro é contemplar o cargo que lhe agrada.,True
e5_multilingual,instrucao_manual,0,1,384,"Perguntem quantos votos esse energúmeno teve em Roraima, então poderemos ter compreensão do porque ele sente liberdade para as atrocidades que diz e faz sem pudor.",True
e5_multilingual,instrucao_manual,1,0,5501,Vc poderia ser mais sensata ... E não alimentar ainda mais as coisas... afinal de que lado vc esta ...,True
e5_multilingual,instrucao_manual,0,1,3149,"SOU BOLSONARIANA ATÉ VCS NÃO ESTIVER MAIS NA POLÍTICA, SOU DO ESTADO DE SÃO PAULO,,,HAHA VOLTEI EM VC BEBÊ,,,EU NÃO TENHO SAUDADES DO QUEIROZ, SE ELE DEVE ALGUMA EXPLICAÇÃO NÃO É PRA MIM, E SIM PRA JUSTIÇA..,..SO ALGO ME ENCOMODA MUITO, O FLAVIO ESTÁ NA MÃO CONTRÁRIA DO SEU PAI, NAS VOTAÇÕES DELE, O MAJOR OLÍMPIO SIM SEGUE MAIS OS IDEAIS DO SEU PAI, QUE O FLAVIO,,, PORQUE FLAVIO É TOTALMENTE CONTRA A CPI DA LAVA TOGA, EDUARDO O POVO ODEIA ESSE STF, PORQUE FLAVIO OS PROTEGE TANTO.....SEI QUE VC NÃO VAI DAR BOLA AO MEU COMENTÁRIO, MAS JURO QUERIA ENTENDER...💗💗💗💗💗💗",True
e5_multilingual,instrucao_manual,1,0,5562,Os filhos do Presidente só criam problemas .... corta a mesada deles ....,True
e5_multilingual,instrucao_manual,0,1,116,A única coisa que no momento a esquerda faz é rosnar!!,True
e5_multilingual,instrucao_manual,1,0,3522,Devia ter tido pena ANTES... bem ANTES 🤬,True
e5_multilingual,instrucao_manual,1,0,3694,Dois feras ❤️,True
e5_multilingual,instrucao_manual,0,1,354,Ele está certo. Vai ter um monte de argentino faminto invadindo aqui,True
e5_multilingual,instrucao_manual,1,0,4040,"sem industria, sem soberania. Não adianta nada ""não manufaturar"" se compramos de quem manufatura, e permitimos a destruição da Amazônia.",True
e5_multilingual,instrucao_manual,1,0,6409,Kkkkk Mais afiado que tramontina😂💚💛,True
e5_multilingual,instrucao_manual,1,0,6274,Os Robin Hood's do Brasil,True
e5_multilingual,instrucao_manual,0,1,2013,Isso é pouco pra os otário q votou nele.,True
e5_multilingual,instrucao_manual,0,1,2526,"Lula so ..vai ganlha, matrícula na cadeia 😂",True
e5_multilingual,instrucao_manual,0,1,661,Parabéns a garotinha do George Sorus. Uma laranjinha sendo usada pelas grandes corporações parabéns a menina usada por sua mãe e as gigantes de seu contrato.,True
e5_multilingual,instrucao_manual,0,1,1520,"@lee_eid olha esse vídeo, desse vagabundo, o que a esquerda quer para nosso país!! Gostaria muito que visse, não seja enganada 😘",True
e5_multilingual,instrucao_manual,0,1,690,"Agora vai ser assim "" votem em quem eu indicar"" pelo amor de Deus para de frescura no toba e deixa o povo votar",True
e5_multilingual,instrucao_manual,1,0,5575,Por isso que Lula e Dilma não tinham familiares na política.,True
e5_multilingual,instrucao_manual,0,1,746,😂 Porisso gosto dele pq eu sou afiada igual a ele povo pela saco!,True
e5_multilingual,instrucao_manual,0,1,680,"A grande destruição ambiental no Brasil ocorreu principalmente durante os anos que a europa nos colonizava e hj europeu vem nos dar lição de moral, isso é um grande hipocrisia. Deixando claro que votei em Haddad Nordeste13",True
e5_multilingual,instrucao_manual,0,1,638,Mais um projeto de esquerdista dominada pelo ódio.,True
e5_multilingual,instrucao_manual,0,1,2006,Parabéns aos envolvidos! Faz arminha e grita mito.,True
e5_multilingual,instrucao_manual,0,1,495,Ainda bem que do PT e do Lula Ladrao só falamos a verdade.,True
e5_multilingual,instrucao_manual,1,0,3504,A Dilma chilena 🤢🤢🤢🤮🤮,True
e5_multilingual,instrucao_manual,0,1,2840,Tem mtas outras pessoas q realmente merecem destaque!!! menos essa tal de Greta🙄,True
e5_multilingual,instrucao_manual,0,1,2484,Lula na cadeia já !!!,True
e5_multilingual,instrucao_manual,1,0,5447,É o mito dos trabalhador,True
e5_multilingual,instrucao_manual,1,0,4123,Turma do bem !,True
e5_multilingual,instrucao_manual,1,0,3761,Já tá na hora de gravar vídeo com os caras da Galãs Feios,True
e5_multilingual,instrucao_manual,1,0,3960,Não tô entendendo mais nada!😠,True
e5_multilingual,instrucao_manual,0,1,3269,"A importância da democracia, das instituições, da Justiça e da @policiafederal @flaviodino e a luta da esquerda @psol50 @ptbrasil @pcdob_oficial e da imprensa e dos movimentos sociais para não deixar impune os mandantes milicianos de direita deste assassinato político contra uma mulher de luta e de esquerda, que lutava pelos pobres, favelados, trabalhadores, povo e democracia! MARIELLE VIVE!",True
e5_multilingual,instrucao_manual,1,0,5637,é preciso pensar 10 X antes de falar para depois ter que pedir desculpas . Certos Bolsonaros deviam aprender isso . um leão nuca pede desculpas ..,True
e5_multilingual,instrucao_manual,1,0,4939,"Noh coisa feia duas deputadas do mesmo partido , com essas brigas sem fundamento.",True
e5_multilingual,instrucao_manual,0,1,3279,"Eu quero mais mulheres na política, mas que não sejam iguais a você.",True
e5_multilingual,instrucao_manual,0,1,1146,Aceitar comentários de Minions é de uma grandeza absoluta... só por isso tem meu voto eternamente,True
e5_multilingual,instrucao_manual,0,1,1857,Desiquilibrio total.,True
e5_multilingual,instrucao_manual,1,0,6844,Dengue precisa e de vacina né de vídeo bonito não cadê as vacina,True
e5_multilingual,instrucao_manual,0,1,1938,"🇧🇷🇧🇷🇧🇷🇧🇷🇧🇷 Maravilha! Bolsonaro 2022!!!!! Vamos mudar o rumo de nossas vidas pelo trabalho, pela honra, pela honestidade e pela ética. Apoio total ao governo. Vamos defender nosso país da quadrilha comunista.",True
e5_multilingual,instrucao_manual,1,0,5653,Será que o filho está fazendo isto pra prejudicar o pai?,True
e5_multilingual,instrucao_manual,1,0,3967,"Tem que divulgar a lista dos parlamentares que derrubaram o veto, e o povo tem que fazer barulho e nas próximas eleições derrubar a todos eles nas urnas, é hora de dar um basta em tudo isso.",True
e5_multilingual,instrucao_manual,0,1,160,Ou quando o Brasil estava sendo saqueado pelo PT? ?,True
e5_multilingual,instrucao_manual,0,1,2750,Estamos vendo que 💩 é a TIME afinal só olhar o dono. E como boa puxa saco de editor acha justo...precisa conhecer @boyanslat e entender o que é relevância de PERSONALIDADE EM MEIO AMBIENTE MUNDIAL!,True
e5_multilingual,instrucao_manual,1,0,4550,Deus é contigo @damaresalvesoficial1 . Isso é o cúmulo do absurdo,True
e5_multilingual,instrucao_automatica,1,0,5540,So tem petistas aqui agora kkk,True
e5_multilingual,instrucao_automatica,0,1,1996,👏👏👏👏o capeta sendo capeta. Normal.,True
e5_multilingual,instrucao_automatica,1,0,4855,Eternas SAUDDADS,True
e5_multilingual,instrucao_automatica,0,1,1201,E os diretos morais? Processe os canalhas!,True
e5_multilingual,instrucao_automatica,0,1,235,Ah tá com pena? Devolve o dinheiro do 🇧🇷,True
e5_multilingual,instrucao_automatica,1,0,5470,Também acho. Esse cara fala demais. Os filhos do bolsonaro acabam enfraquecendo o governo. Sempre disse issso desde o começo,True
e5_multilingual,instrucao_automatica,1,0,5586,O mineiro fala um dito popular muito bem aplicado aos filhos do Presidente: Quem fala demais da bom dia a cavalo!,True
e5_multilingual,instrucao_automatica,0,1,2456,"Não aguento mais . Pelo amor de Deus , nesse País os poros dessas pessoas que respira Lula Credo! Chou coisa ruim . Oremos para vê se pensam em coisa sadia 🙏🙏",True
e5_multilingual,instrucao_automatica,0,1,1998,"Será,,Kkkk,,,,vcs mentem tanto mais tanto,,,,,parabéns Bolsonaro senta lenha",True
e5_multilingual,instrucao_automatica,1,0,6561,"O AMAZONAS AGONIZA MAIS UMA VEZ, AGORA É QUALIDADE PÉSSIMA DE AR RELACIONADA A FUMAÇA CONSEQUÊNCIA DAS QUEIMADAS PROMOVIDA PELA AÇÃO HUMANA. Os humanos destruindo nosso meio ambiente, os animais que lá habitam e nos sufocando com essa fumaça insuportável",True
e5_multilingual,instrucao_automatica,1,0,5056,"Deixa ver se entendi...se 1/4 está pessimista, 1/4 está neutro como pode a maioria estar otimista? Ora se somarmos pessimistas mais neutros há um empate. Não?kkkkk tá foda em Dudu.",True
e5_multilingual,instrucao_automatica,1,0,5208,"Mais uma terráquea vence o Miss Universo, parabéns!!!",True
e5_multilingual,instrucao_automatica,0,1,2638,"Boa a fala do presidente, parem de dar moral pra essa pirralha, inclusive a senhora deputada.",True
e5_multilingual,instrucao_automatica,0,1,2425,Pra todos nós que Samos milhões de negros nessi país incruindo eu esse miZeravel tem que ser punido pela lei isso e inaceitável🇧🇷🇧🇷🇧🇷🇧🇷🇧🇷🇧🇷🇧🇷🇧🇷,True
e5_multilingual,instrucao_automatica,1,0,3858,"Patriotismo a parte..."".los Hermanos"" sempre tiveram mais cultura.. desta vez foi só mais uma demonstração",True
e5_multilingual,instrucao_automatica,1,0,4364,"""Vcs que fazem parte dessa massa"" 😞",True
e5_multilingual,instrucao_automatica,1,0,4641,"Que absurdo contra essa mulher,ministra ou nao.",True
e5_multilingual,instrucao_automatica,0,1,2460,Demorou pra colocar esse ser na cadeia novamente,True
e5_multilingual,instrucao_automatica,1,0,5754,Benedita não se altere porque esse ato cometido foi por gente que tem alma escura !,True
e5_multilingual,instrucao_automatica,0,1,1891,"Que bom que,as máscaras estão caindo rápido.",True
e5_multilingual,instrucao_automatica,1,0,4492,Dupla imbatível nas argumentações inteligentes contra esse governo desgovernado que estamos pagando....aff,True
e5_multilingual,instrucao_automatica,1,0,5812,Tem que abrir processo disciplinar por quebra de decoro na forma do regimento. Pelo vandalismo e pelo ato de racismo.,True
e5_multilingual,instrucao_automatica,1,0,5602,Correta afirmação! Estao areimando argumentos e justificativas para os contrarios usarem de artificio para derruba los,True
e5_multilingual,instrucao_automatica,1,0,4645,"Se fosse o Pabllo Vittar , os lacradores: ""Linda"" , ""Essa mulher nos representa"" , ""Ninguém solta a mão de ninguém"" , ""Viva o Feminismo"". 😂😂😂😂😂😂",True
e5_multilingual,instrucao_automatica,1,0,4081,Que consciência tem essa garota!,True
e5_multilingual,instrucao_automatica,0,1,2457,"😂😂😂😂 debochado, foi bem pago..",True
e5_multilingual,instrucao_automatica,0,1,1925,"A Joyce só pode estar ""surtando""!!! 😱😱😱",True
e5_multilingual,instrucao_automatica,0,1,356,E um viva à esquerdalha!!!!!!,True
e5_multilingual,instrucao_automatica,0,1,929,"A esquerda além de tudo, é invejosa!🤣",True
e5_multilingual,instrucao_automatica,0,1,709,"Enquanto um protege nossas riquezas, o outro se preocupa com o cú alheio",True
e5_multilingual,instrucao_automatica,1,0,3893,E ele sabe onde fica Roraima?,True
e5_multilingual,instrucao_automatica,0,1,632,Até quando o STF vai trabalhar contra o país?,True
e5_multilingual,instrucao_automatica,1,0,3919,Lei da mordaça,True
e5_multilingual,instrucao_automatica,0,1,1773,Deus nos livre desse mal!!!,True
e5_multilingual,instrucao_automatica,1,0,4619,"Que absurdo fizeram com ela,o Brasil precisa de você,e está fazendo um ótimo trabalho,indo atrás de pedófilos que estupram até bebês.",True
e5_multilingual,instrucao_automatica,0,1,2063,"Rebentado a gente, foi para isso que colocamos vc aí, vai acaba com nós pobres.",True
e5_multilingual,instrucao_automatica,1,0,3593,Me orgulho de ver estes garotos,True
e5_multilingual,instrucao_automatica,0,1,2601,Vc e a Greta: duas oportunistas,True
e5_multilingual,instrucao_automatica,1,0,4532,Isso é um tipo de violência contra a MULHER MINISTRA DAMARES. Tem q ser tomada uma providência.,True
e5_multilingual,instrucao_automatica,0,1,1943,"Cortei inúmeras páginas que não é oficial, tem comunista que entra nesses grupos que fazem campanha até para não comer carne, é bom aí sobra e os produtores exportam mais ,E a greve segunda feira?.",True
e5_multilingual,instrucao_automatica,1,0,6232,@_rodrigobrazz Então como é curioso veio comentar kkkkkkk ajuda aí Zé 😂😂😂😂😂😂😂,True
e5_multilingual,instrucao_automatica,0,1,3236,@ed.biel vdd pq são uns vendidos,True
e5_multilingual,instrucao_automatica,1,0,5949,😂😂😂👏👏👏vc vai ser juíza do lula .imaginando,True
e5_multilingual,instrucao_automatica,1,0,6721,@bolsonarosp será que VCS podem fazer fotografia cartaz em tamanho grande do nosso Bolsonaro. Gostaria de ter um poster grande dele.,True
e5_multilingual,instrucao_automatica,1,0,3913,Quem é que vai julgar as fakes news ? Esse é o problema!,True
e5_multilingual,instrucao_automatica,0,1,349,Será q o Bozo e seus filhos tb vão fraudar as eleições da Argentina??,True
e5_multilingual,instrucao_automatica,0,1,1963,"Ainda bem que não foi no SBT, com certeza , lá, o resultado seria alterado pelo dono.",True
e5_multilingual,instrucao_automatica,1,0,4582,"Lamentável essas palavras contra um mulher de caráter indiscutível como nossa minitra Damares, DEUS é contigo mulher guerreira q o SENHOR levantou nesse pais chamado Brasil para lutar contra as injustiças desse país. 👏👏👏👏👏👏👏🇧🇷🇧🇷🇧🇷🇧🇷🇧🇷🇧🇷 bjs 😘",True
e5_multilingual,instrucao_automatica,1,0,5666,"Verdade , é tudo que os inimigos querem",True
e5_multilingual,instrucao_automatica,1,0,5569,Por que você e a Janaína se calaram quando escutam o Lindbergh farias fazendo menção a desordem civil e quando a Gleisi fala que pessoas serão mortas ao tentarem prender o Lula?,True
e5_multilingual,instrucao_automatica,0,1,2257,Outra q não vou e essa Janaína fica em cima do muro o lado q tá ganhando e q ela vai,True
e5_multilingual,instrucao_automatica,1,0,5762,Um desgaste muito grande para o congresso nacional tem que ser punido severamente.,True
e5_multilingual,instrucao_automatica,1,0,4379,O pior é que as pessoas acham graça,True
e5_multilingual,instrucao_automatica,1,0,3897,@jairmessiasbolsonaro Deveria fazer procedimento dentário todos os dias,True
e5_multilingual,instrucao_automatica,1,0,3836,"Eu quero ver se o Tramp perder, vai ser melhor ainda.",True
e5_multilingual,instrucao_automatica,1,0,6842,"Na verdade, a maior mensagem que eu tirei da propaganda foi 'tenha cachorros em casa pra espantar a dengue'",True
e5_multilingual,instrucao_automatica,0,1,496,"Perde não, Carla. As notícias verdadeiras é que são válidas mesmo. Quem corre risco maior é a esquerda, que inventou muito na eleição.",True
e5_multilingual,instrucao_automatica,0,1,3168,O pior é o povo aplaudindo essa merda,True
e5_multilingual,instrucao_automatica,0,1,2295,"Realmente , seria mais sensato que os filhos do Presidente permanecessem calados!!! 👍",True
e5_multilingual,instrucao_automatica,1,0,5973,Nem era pra ter sido preso! #LulaInocente ❤️🇧🇷💚,True
e5_multilingual,instrucao_automatica,1,0,3896,E ele quer decidir até as eleições vizinhas.,True
e5_multilingual,instrucao_automatica,0,1,3210,Tomar o diploma dele,True
e5_multilingual,instrucao_automatica,0,1,2320,"Se arrependimento matasse, eu e todos meus amigos e familiares a quem incentivei que votassem em vc estaríamos mortos!! 🤮",True
e5_multilingual,instrucao_automatica,0,1,3276,"O grupo é grande, com certeza tem mais políticos no meio.",True
e5_multilingual,instrucao_automatica,0,1,3237,"O tombo vai ser grande, eu vou aplaudir de pé.",True
e5_multilingual,instrucao_automatica,0,1,2029,Rindo feito um condenado,True
e5_multilingual,instrucao_automatica,0,1,2101,Ñ suporto essas palhaçadas esse ñ. me representa.,True
e5_multilingual,instrucao_automatica,0,1,3146,Kkkkk bem afrontoso👏👏👏👏👏👏🙌,True
e5_multilingual,instrucao_automatica,0,1,778,coisa nojenta sim,True
e5_multilingual,instrucao_automatica,1,0,5391,Deveria recolher impostos em quem votou nele !,True
e5_multilingual,instrucao_automatica,0,1,994,E essas mulheres rindo????? Credo,True
e5_multilingual,instrucao_automatica,0,1,3114,🤣🤣🤣🤣🤣ser desmentida ao vivo não tem preço!!!🤣🤣🔝🇧🇷,True
e5_multilingual,instrucao_automatica,0,1,1960,"Ai vem a hipocrisia, sou contra concurso de beleza pois mulher não é objeto, ok mas se a vencedora for Negra, ou qualquer representante de uma minoria ai tudo bem relativo isso.",True
e5_multilingual,instrucao_automatica,0,1,597,Deputada! Temos que ir pra cima dessa corja.,True
e5_multilingual,instrucao_automatica,1,0,3900,A Europa prática o capitalismo. O governo não precisa ser de direita para praticar tal,True
e5_multilingual,instrucao_automatica,1,0,5557,Sinto muito mas tenho medo q ele atrapalhe demais o pai dele. Fala muito.,True
e5_multilingual,instrucao_automatica,1,0,5894,Estão querendo prender Lula de novo.,True
e5_multilingual,instrucao_automatica,0,1,2774,"Não tenha dúvidas, sem capim está sempre a sua disposição 😂😢",True
e5_multilingual,instrucao_automatica,1,0,6281,Publiquem quem já assinou,True
e5_multilingual,instrucao_automatica,1,0,5736,É tem negro defendendo essa barbárie!,True
e5_multilingual,instrucao_automatica,1,0,4396,"Que absurdo, não sei como tem gente q assiste esse cara, e ainda acham graça 😔",True
e5_multilingual,instrucao_automatica,1,0,6094,Quando ele vai ouvir musk na polícia federal kkkkkk,True
e5_multilingual,instrucao_automatica,1,0,6021,"A estratégia de Soros é apoiar movimentos de protesto que minam os nacionalismos, colocando acima as reivindicações sociais globais, que desafiam os governos progressistas com um senso de pátria. De pertencer a um território e uma cultura. Malala e Greta fazem parte dessa estratégia, embora a mídia corporativa do mundo esteja focada em saber se a garota escandinava pode retornar de veleiro, mula ou skate para sua escola sueca, para não se contaminar no caminho de volta.",True
e5_multilingual,instrucao_automatica,0,1,2641,Manda ela capinar uma roça e vai vc tbm,True
e5_multilingual,instrucao_automatica,1,0,6554,@wellington_do_gremio não tenho tempo nem de ver TV quanto mais globo.,True
e5_multilingual,instrucao_automatica,0,1,2266,Para com essa briga. Todo mundo erra. Seja compassiva com os outros. Ou aguentaremos os ladroes da esquerda.,True
e5_multilingual,instrucao_automatica,1,0,5459,Isso é a retórica dela. Quanto ao mesmo objetivo vcs tem o mesmo. O duro é contemplar o cargo que lhe agrada.,True
e5_multilingual,instrucao_automatica,0,1,384,"Perguntem quantos votos esse energúmeno teve em Roraima, então poderemos ter compreensão do porque ele sente liberdade para as atrocidades que diz e faz sem pudor.",True
e5_multilingual,instrucao_automatica,1,0,5501,Vc poderia ser mais sensata ... E não alimentar ainda mais as coisas... afinal de que lado vc esta ...,True
e5_multilingual,instrucao_automatica,1,0,6211,@lu_cianoramos vai se taxado em 92% pra respirar,True
e5_multilingual,instrucao_automatica,0,1,3149,"SOU BOLSONARIANA ATÉ VCS NÃO ESTIVER MAIS NA POLÍTICA, SOU DO ESTADO DE SÃO PAULO,,,HAHA VOLTEI EM VC BEBÊ,,,EU NÃO TENHO SAUDADES DO QUEIROZ, SE ELE DEVE ALGUMA EXPLICAÇÃO NÃO É PRA MIM, E SIM PRA JUSTIÇA..,..SO ALGO ME ENCOMODA MUITO, O FLAVIO ESTÁ NA MÃO CONTRÁRIA DO SEU PAI, NAS VOTAÇÕES DELE, O MAJOR OLÍMPIO SIM SEGUE MAIS OS IDEAIS DO SEU PAI, QUE O FLAVIO,,, PORQUE FLAVIO É TOTALMENTE CONTRA A CPI DA LAVA TOGA, EDUARDO O POVO ODEIA ESSE STF, PORQUE FLAVIO OS PROTEGE TANTO.....SEI QUE VC NÃO VAI DAR BOLA AO MEU COMENTÁRIO, MAS JURO QUERIA ENTENDER...💗💗💗💗💗💗",True
e5_multilingual,instrucao_automatica,0,1,2254,"Eu acho, que o filho do presidente , é seu maior impecilio , o presidente perde muito tempo tentando explicar as burrice filho errrr.",True
e5_multilingual,instrucao_automatica,1,0,5562,Os filhos do Presidente só criam problemas .... corta a mesada deles ....,True
e5_multilingual,instrucao_automatica,0,1,1217,"Jornalistas babaca, somos todos Damares❤️❤️❤️",True
e5_multilingual,instrucao_automatica,1,0,3522,Devia ter tido pena ANTES... bem ANTES 🤬,True
e5_multilingual,instrucao_automatica,1,0,4298,"Essa entrevista vou assistir por sua causa Deputado, quanto ao Queiróz já tem gente para se preocupar por mim 😂😂. Avisa se vai sair na quinta-feira mesmo. 👉🇧🇷",True
e5_multilingual,instrucao_automatica,0,1,2342,So negros morrem no Brasil? Bandido nao escolhe cor!,True
e5_multilingual,instrucao_automatica,0,1,354,Ele está certo. Vai ter um monte de argentino faminto invadindo aqui,True
e5_multilingual,instrucao_automatica,1,0,6409,Kkkkk Mais afiado que tramontina😂💚💛,True
e5_multilingual,instrucao_automatica,1,0,5382,Haudad nós estamos esperando🇧🇷🇧🇷🇧🇷🇧🇷🇧🇷🇧🇷,True
e5_multilingual,instrucao_automatica,1,0,5601,É isso! Mas eles acham q é perseguição pessoal,True
e5_multilingual,instrucao_automatica,1,0,6274,Os Robin Hood's do Brasil,True
e5_multilingual,instrucao_automatica,1,0,5180,"Esse negócio de mulher NEGRA está por fora. Foi escolhida uma MULHER LINDA do continente africano. Mulher é mulher. Ou ela é diferente das outras por causa da sua cor. É mais sensual, mais carinhosa, mais inteligente...???",True
e5_multilingual,instrucao_automatica,0,1,2013,Isso é pouco pra os otário q votou nele.,True
e5_multilingual,instrucao_automatica,1,0,3768,Pra ganhar a eleição teve que prender Lula sem provas .....,True
e5_multilingual,instrucao_automatica,0,1,661,Parabéns a garotinha do George Sorus. Uma laranjinha sendo usada pelas grandes corporações parabéns a menina usada por sua mãe e as gigantes de seu contrato.,True
e5_multilingual,instrucao_automatica,0,1,40,Nojo 🙈🙉🙊sempre assim,True
e5_multilingual,instrucao_automatica,0,1,690,"Agora vai ser assim "" votem em quem eu indicar"" pelo amor de Deus para de frescura no toba e deixa o povo votar",True
e5_multilingual,instrucao_automatica,1,0,5575,Por isso que Lula e Dilma não tinham familiares na política.,True
e5_multilingual,instrucao_automatica,0,1,2006,Parabéns aos envolvidos! Faz arminha e grita mito.,True
e5_multilingual,instrucao_automatica,1,0,5853,Tem dinheiro... responde em liberdade 😡 lamentável,True
e5_multilingual,instrucao_automatica,1,0,3504,A Dilma chilena 🤢🤢🤢🤮🤮,True
e5_multilingual,instrucao_automatica,0,1,2840,Tem mtas outras pessoas q realmente merecem destaque!!! menos essa tal de Greta🙄,True
e5_multilingual,instrucao_automatica,0,1,2484,Lula na cadeia já !!!,True
e5_multilingual,instrucao_automatica,1,0,5528,"Esses filhos foram criados dessa maneira, falando o que pensam. Esquecem que estão no comando de uma grande nação. Precisam todos eles pensar melhor antes de falar.",True
e5_multilingual,instrucao_automatica,1,0,5447,É o mito dos trabalhador,True
e5_multilingual,instrucao_automatica,0,1,2258,Os filhos do nosso Presidente poderiam calar à boca!!!,True
e5_multilingual,instrucao_automatica,1,0,5950,Onde foi feita essa Pesquisa na sede do PT,True
e5_multilingual,instrucao_automatica,1,0,3761,Já tá na hora de gravar vídeo com os caras da Galãs Feios,True
e5_multilingual,instrucao_automatica,0,1,462,"Eu tenho ranço desse estocador de cocô, mas entendi o que ele quis dizer em relação à Roraima. A população desse estado teve muitos problemas com os imigrantes venezuelanos. Agora ele errou ao dizer, que um governo de esquerda na Argentina faria isso, está mais fácil a gente emigrar para lá se isso acontecer.",True
e5_multilingual,instrucao_automatica,1,0,5637,é preciso pensar 10 X antes de falar para depois ter que pedir desculpas . Certos Bolsonaros deviam aprender isso . um leão nuca pede desculpas ..,True
e5_multilingual,instrucao_automatica,1,0,4939,"Noh coisa feia duas deputadas do mesmo partido , com essas brigas sem fundamento.",True
e5_multilingual,instrucao_automatica,0,1,3279,"Eu quero mais mulheres na política, mas que não sejam iguais a você.",True
e5_multilingual,instrucao_automatica,0,1,2171,"Cínico, ordinário, antidemocrático",True
e5_multilingual,instrucao_automatica,0,1,1146,Aceitar comentários de Minions é de uma grandeza absoluta... só por isso tem meu voto eternamente,True
e5_multilingual,instrucao_automatica,0,1,1857,Desiquilibrio total.,True
e5_multilingual,instrucao_automatica,1,0,6844,Dengue precisa e de vacina né de vídeo bonito não cadê as vacina,True
e5_multilingual,instrucao_automatica,0,1,1938,"🇧🇷🇧🇷🇧🇷🇧🇷🇧🇷 Maravilha! Bolsonaro 2022!!!!! Vamos mudar o rumo de nossas vidas pelo trabalho, pela honra, pela honestidade e pela ética. Apoio total ao governo. Vamos defender nosso país da quadrilha comunista.",True
e5_multilingual,instrucao_automatica,1,0,5653,Será que o filho está fazendo isto pra prejudicar o pai?,True
e5_multilingual,instrucao_automatica,0,1,2969,Tem que mandar outra dizendo que esses vigaristas não nos representam.,True
e5_multilingual,instrucao_automatica,1,0,3993,"Eu nao quero ser presidente, eu que ser DEPUTADO OU SENADOR...",True
e5_multilingual,instrucao_automatica,0,1,2676,Só foi eleita porque apoiou o Bolsonaro. Vai caçar o que fazer!!!,True
e5_multilingual,instrucao_automatica,0,1,160,Ou quando o Brasil estava sendo saqueado pelo PT? ?,True
e5_multilingual,instrucao_automatica,0,1,2750,Estamos vendo que 💩 é a TIME afinal só olhar o dono. E como boa puxa saco de editor acha justo...precisa conhecer @boyanslat e entender o que é relevância de PERSONALIDADE EM MEIO AMBIENTE MUNDIAL!,True
e5_multilingual,instrucao_automatica,1,0,5583,Última eleição votei nas duas nas próximas não votarei em nenhuma das duas taokey.,True
e5_multilingual,instrucao_automatica,1,0,6126,@solangemariamoreradasilva ia encher de radar novamente,True
e5_large_instruct,sem_instrucao,0,1,1996,👏👏👏👏o capeta sendo capeta. Normal.,True
e5_large_instruct,sem_instrucao,1,0,4274,"DEPUTADO NAO E O GABINETE do ÓDIO , MAS SIM DE UMA GRANDE JORNALISTA CANAL da LEDA NAGLE ! ENTREVISTA . PARABÉNS ! 👏👏👏👏👏💛👏👏🇧🇷👮‍♂️🇧🇷💚👮‍♂️💛👍👍👍👍🤝👮‍♂️🇧🇷👏👏VAMOS ASSISTIR ! TODOS ! 😂😂😂😂😂❤️😂😂😂😂😂😂😂👮‍♂️😂😂😂🇧🇷NÃO PERCAM !",True
e5_large_instruct,sem_instrucao,0,1,1482,Esse 💩tem que provar é a sua inocência (não tem como provar) e não atacar o Moro.,True
e5_large_instruct,sem_instrucao,0,1,235,Ah tá com pena? Devolve o dinheiro do 🇧🇷,True
e5_large_instruct,sem_instrucao,0,1,452,Que dia é o impeachment desse senhor mesmo? Já deu 💩💩💩💩💩💩💩💩💩💩💩💩💩💩,True
e5_large_instruct,sem_instrucao,1,0,6561,"O AMAZONAS AGONIZA MAIS UMA VEZ, AGORA É QUALIDADE PÉSSIMA DE AR RELACIONADA A FUMAÇA CONSEQUÊNCIA DAS QUEIMADAS PROMOVIDA PELA AÇÃO HUMANA. Os humanos destruindo nosso meio ambiente, os animais que lá habitam e nos sufocando com essa fumaça insuportável",True
e5_large_instruct,sem_instrucao,0,1,2026,Este homem é o CÃO em forma de serhumaninho 😂😂😂,True
e5_large_instruct,sem_instrucao,1,0,4641,"Que absurdo contra essa mulher,ministra ou nao.",True
e5_large_instruct,sem_instrucao,0,1,245,Ninguém está preocupado com a pena dela. É melhor ela cuidadar do pais dela .,True
e5_large_instruct,sem_instrucao,0,1,1495,Esse calhorda nunca mais terá a força que nosso Brasil tem hoje 👏🏻👏🏻👏🏻👏🏻,True
e5_large_instruct,sem_instrucao,0,1,1525,Já estou levantado capeta,True
e5_large_instruct,sem_instrucao,1,0,3803,@lauraisv tá ofendendo seu país aqui amiga,True
e5_large_instruct,sem_instrucao,1,0,5754,Benedita não se altere porque esse ato cometido foi por gente que tem alma escura !,True
e5_large_instruct,sem_instrucao,0,1,1891,"Que bom que,as máscaras estão caindo rápido.",True
e5_large_instruct,sem_instrucao,1,0,6047,Cada vez você se complica mais ficando contra o Presidente. Sinal que é contra a recuperação do nosso País...Fico triste pois admirava você Joice...Agora vejo que me enganei...Mesmo assim seja feliz...,True
e5_large_instruct,sem_instrucao,1,0,5812,Tem que abrir processo disciplinar por quebra de decoro na forma do regimento. Pelo vandalismo e pelo ato de racismo.,True
e5_large_instruct,sem_instrucao,1,0,4645,"Se fosse o Pabllo Vittar , os lacradores: ""Linda"" , ""Essa mulher nos representa"" , ""Ninguém solta a mão de ninguém"" , ""Viva o Feminismo"". 😂😂😂😂😂😂",True
e5_large_instruct,sem_instrucao,1,0,3551,"Cara, você tem noção de quem ordenou essa invasão da Polonia!?!?🙁😣",True
e5_large_instruct,sem_instrucao,0,1,356,E um viva à esquerdalha!!!!!!,True
e5_large_instruct,sem_instrucao,0,1,1063,"@maisa vamos tesouro, ñ se misture com essa gentalha 🥺",True
e5_large_instruct,sem_instrucao,0,1,649,"Para que tanta inveja Muié, o povo tem que manifestar mesmo para provar que Bolsonaro é mais amado que o *L* o persona non grata, aceita que dói menos tá?",True
e5_large_instruct,sem_instrucao,1,0,3919,Lei da mordaça,True
e5_large_instruct,sem_instrucao,1,0,4619,"Que absurdo fizeram com ela,o Brasil precisa de você,e está fazendo um ótimo trabalho,indo atrás de pedófilos que estupram até bebês.",True
e5_large_instruct,sem_instrucao,0,1,2862,Não suporto mais tantas asneiras e imbecilidade desse estúpido. Acorda Brasil do sono da ignorância Ninguém solta a mão de ninguém. #LULAÉINOCENTE #LULALIVREJÁ #CADÊAPROVA? #EusouLula Recife PE Lula foi e sempre será o melhor e honesto presidente do Brasil e único Presidente que fez pelo povo Brasileiro o que nenhum outro presidente quiz fazer e pelo Brasil. Ninguém solta a mão de ninguém.,True
e5_large_instruct,sem_instrucao,0,1,2601,Vc e a Greta: duas oportunistas,True
e5_large_instruct,sem_instrucao,0,1,420,Fora bozzolino! Christina vamos a volver✌✌✌,True
e5_large_instruct,sem_instrucao,0,1,1637,"Quando a gente acha que uma pessoa não consegue ser mais zé ruéla do que já é, vem o cara e se supera.",True
e5_large_instruct,sem_instrucao,1,0,4532,Isso é um tipo de violência contra a MULHER MINISTRA DAMARES. Tem q ser tomada uma providência.,True
e5_large_instruct,sem_instrucao,1,0,5934,Afinal o sítio não é dele kkkkkkkkkkkkk,True
e5_large_instruct,sem_instrucao,0,1,1963,"Ainda bem que não foi no SBT, com certeza , lá, o resultado seria alterado pelo dono.",True
e5_large_instruct,sem_instrucao,1,0,5569,Por que você e a Janaína se calaram quando escutam o Lindbergh farias fazendo menção a desordem civil e quando a Gleisi fala que pessoas serão mortas ao tentarem prender o Lula?,True
e5_large_instruct,sem_instrucao,0,1,2257,Outra q não vou e essa Janaína fica em cima do muro o lado q tá ganhando e q ela vai,True
e5_large_instruct,sem_instrucao,1,0,4379,O pior é que as pessoas acham graça,True
e5_large_instruct,sem_instrucao,0,1,2680,"Emprego é bom mas ganhar 1.200,00 por mês pra cuidar de casa e filhos, é outra história. É muito pão e circo.",True
e5_large_instruct,sem_instrucao,1,0,6842,"Na verdade, a maior mensagem que eu tirei da propaganda foi 'tenha cachorros em casa pra espantar a dengue'",True
e5_large_instruct,sem_instrucao,0,1,2584,"Claro, e criança adolescente, mas tem postura de bruxa",True
e5_large_instruct,sem_instrucao,0,1,2872,"Continuará sendo a diva das Américas e a única mulher eleita e reeleita presidente da república federativa do Brasil! Engulam isso, canalhas fascistas.",True
e5_large_instruct,sem_instrucao,0,1,496,"Perde não, Carla. As notícias verdadeiras é que são válidas mesmo. Quem corre risco maior é a esquerda, que inventou muito na eleição.",True
e5_large_instruct,sem_instrucao,0,1,2295,"Realmente , seria mais sensato que os filhos do Presidente permanecessem calados!!! 👍",True
e5_large_instruct,sem_instrucao,0,1,1839,"No Brasil ñ pensou, e sim na sua pessoa. Patriota de bosta",True
e5_large_instruct,sem_instrucao,0,1,3210,Tomar o diploma dele,True
e5_large_instruct,sem_instrucao,0,1,3276,"O grupo é grande, com certeza tem mais políticos no meio.",True
e5_large_instruct,sem_instrucao,0,1,3237,"O tombo vai ser grande, eu vou aplaudir de pé.",True
e5_large_instruct,sem_instrucao,0,1,2101,Ñ suporto essas palhaçadas esse ñ. me representa.,True
e5_large_instruct,sem_instrucao,0,1,3146,Kkkkk bem afrontoso👏👏👏👏👏👏🙌,True
e5_large_instruct,sem_instrucao,1,0,5391,Deveria recolher impostos em quem votou nele !,True
e5_large_instruct,sem_instrucao,0,1,994,E essas mulheres rindo????? Credo,True
e5_large_instruct,sem_instrucao,0,1,3114,🤣🤣🤣🤣🤣ser desmentida ao vivo não tem preço!!!🤣🤣🔝🇧🇷,True
e5_large_instruct,sem_instrucao,0,1,2087,Aí seus otario bonsoniho,True
e5_large_instruct,sem_instrucao,0,1,1960,"Ai vem a hipocrisia, sou contra concurso de beleza pois mulher não é objeto, ok mas se a vencedora for Negra, ou qualquer representante de uma minoria ai tudo bem relativo isso.",True
e5_large_instruct,sem_instrucao,0,1,597,Deputada! Temos que ir pra cima dessa corja.,True
e5_large_instruct,sem_instrucao,1,0,5894,Estão querendo prender Lula de novo.,True
e5_large_instruct,sem_instrucao,0,1,2774,"Não tenha dúvidas, sem capim está sempre a sua disposição 😂😢",True
e5_large_instruct,sem_instrucao,1,0,4673,Cada uma viu ninguém merece já chega,True
e5_large_instruct,sem_instrucao,1,0,5736,É tem negro defendendo essa barbárie!,True
e5_large_instruct,sem_instrucao,1,0,4396,"Que absurdo, não sei como tem gente q assiste esse cara, e ainda acham graça 😔",True
e5_large_instruct,sem_instrucao,1,0,4741,Gente em que mundo estamos... Como um cara que é pastor pede as pessoas para atacar alguém?,True
e5_large_instruct,sem_instrucao,0,1,977,@alice.lavigne.3388 NOJO! por isso prefiro assistir o fantástico aos fins de domingo. Porque contém informações e conteúdos!,True
e5_large_instruct,sem_instrucao,1,0,6021,"A estratégia de Soros é apoiar movimentos de protesto que minam os nacionalismos, colocando acima as reivindicações sociais globais, que desafiam os governos progressistas com um senso de pátria. De pertencer a um território e uma cultura. Malala e Greta fazem parte dessa estratégia, embora a mídia corporativa do mundo esteja focada em saber se a garota escandinava pode retornar de veleiro, mula ou skate para sua escola sueca, para não se contaminar no caminho de volta.",True
e5_large_instruct,sem_instrucao,0,1,662,"Sei não hein!? Pertinente, porém vejo um desvio de pensamento arquitetado aí!",True
e5_large_instruct,sem_instrucao,1,0,3953,Desfazem tudo que o presidente Bolsonaro faz !!! Que sentido faz ?,True
e5_large_instruct,sem_instrucao,1,0,5501,Vc poderia ser mais sensata ... E não alimentar ainda mais as coisas... afinal de que lado vc esta ...,True
e5_large_instruct,sem_instrucao,1,0,5562,Os filhos do Presidente só criam problemas .... corta a mesada deles ....,True
e5_large_instruct,sem_instrucao,0,1,1217,"Jornalistas babaca, somos todos Damares❤️❤️❤️",True
e5_large_instruct,sem_instrucao,1,0,4229,Lindao arrebenta,True
e5_large_instruct,sem_instrucao,1,0,3522,Devia ter tido pena ANTES... bem ANTES 🤬,True
e5_large_instruct,sem_instrucao,1,0,3687,"@matthews_salles Que bobagem! O Glen ñ precisa da proteçao de ninguem! O flavinho, sim!",True
e5_large_instruct,sem_instrucao,0,1,2342,So negros morrem no Brasil? Bandido nao escolhe cor!,True
e5_large_instruct,sem_instrucao,0,1,354,Ele está certo. Vai ter um monte de argentino faminto invadindo aqui,True
e5_large_instruct,sem_instrucao,1,0,6409,Kkkkk Mais afiado que tramontina😂💚💛,True
e5_large_instruct,sem_instrucao,1,0,6274,Os Robin Hood's do Brasil,True
e5_large_instruct,sem_instrucao,1,0,3768,Pra ganhar a eleição teve que prender Lula sem provas .....,True
e5_large_instruct,sem_instrucao,0,1,661,Parabéns a garotinha do George Sorus. Uma laranjinha sendo usada pelas grandes corporações parabéns a menina usada por sua mãe e as gigantes de seu contrato.,True
e5_large_instruct,sem_instrucao,0,1,1760,Tira o nome de Jesus da boca.,True
e5_large_instruct,sem_instrucao,0,1,690,"Agora vai ser assim "" votem em quem eu indicar"" pelo amor de Deus para de frescura no toba e deixa o povo votar",True
e5_large_instruct,sem_instrucao,0,1,1077,Tudi lixo e me admiro mães levando crianças lá 😩,True
e5_large_instruct,sem_instrucao,1,0,6059,"Projeto do George Soros, patrocinador da esquerda no mundo.",True
e5_large_instruct,sem_instrucao,0,1,2832,"Tô com meu presidente, está Maria mijona quer meter o bedelho no país dos outros, por que ela não investe toda essa força pra reflorestar o país dela, falar do país dos outros é fácil, agora tá todo mundo preocupado com o nosso verde e outras coisas mais, acho que se ela não nos encher é melhor, manda ver presidente, nós te apoiamos.",True
e5_large_instruct,sem_instrucao,1,0,3539,É sério que estão comemorando a invasão dos nazistas????? Caramba...... Decepção!!!!!!!,True
e5_large_instruct,sem_instrucao,0,1,680,"A grande destruição ambiental no Brasil ocorreu principalmente durante os anos que a europa nos colonizava e hj europeu vem nos dar lição de moral, isso é um grande hipocrisia. Deixando claro que votei em Haddad Nordeste13",True
e5_large_instruct,sem_instrucao,0,1,2006,Parabéns aos envolvidos! Faz arminha e grita mito.,True
e5_large_instruct,sem_instrucao,0,1,495,Ainda bem que do PT e do Lula Ladrao só falamos a verdade.,True
e5_large_instruct,sem_instrucao,1,0,5853,Tem dinheiro... responde em liberdade 😡 lamentável,True
e5_large_instruct,sem_instrucao,0,1,2840,Tem mtas outras pessoas q realmente merecem destaque!!! menos essa tal de Greta🙄,True
e5_large_instruct,sem_instrucao,1,0,5528,"Esses filhos foram criados dessa maneira, falando o que pensam. Esquecem que estão no comando de uma grande nação. Precisam todos eles pensar melhor antes de falar.",True
e5_large_instruct,sem_instrucao,1,0,5447,É o mito dos trabalhador,True
e5_large_instruct,sem_instrucao,0,1,2258,Os filhos do nosso Presidente poderiam calar à boca!!!,True
e5_large_instruct,sem_instrucao,1,0,6194,Não dê isenção a pastores!!!!,True
e5_large_instruct,sem_instrucao,1,0,4940,"Desculpe, mas acho lamentável e infantil... não espero isso de parlamentares a quem confiei e dei a voz para nos defender.",True
e5_large_instruct,sem_instrucao,0,1,1539,Um homem de Deus que nem o diabo quer .,True
e5_large_instruct,sem_instrucao,1,0,3761,Já tá na hora de gravar vídeo com os caras da Galãs Feios,True
e5_large_instruct,sem_instrucao,0,1,3269,"A importância da democracia, das instituições, da Justiça e da @policiafederal @flaviodino e a luta da esquerda @psol50 @ptbrasil @pcdob_oficial e da imprensa e dos movimentos sociais para não deixar impune os mandantes milicianos de direita deste assassinato político contra uma mulher de luta e de esquerda, que lutava pelos pobres, favelados, trabalhadores, povo e democracia! MARIELLE VIVE!",True
e5_large_instruct,sem_instrucao,0,1,1933,SÓ A ESQUERDOPATIA NÃO VÊ ISSO...,True
e5_large_instruct,sem_instrucao,1,0,5637,é preciso pensar 10 X antes de falar para depois ter que pedir desculpas . Certos Bolsonaros deviam aprender isso . um leão nuca pede desculpas ..,True
e5_large_instruct,sem_instrucao,1,0,4939,"Noh coisa feia duas deputadas do mesmo partido , com essas brigas sem fundamento.",True
e5_large_instruct,sem_instrucao,0,1,3279,"Eu quero mais mulheres na política, mas que não sejam iguais a você.",True
e5_large_instruct,sem_instrucao,0,1,1146,Aceitar comentários de Minions é de uma grandeza absoluta... só por isso tem meu voto eternamente,True
e5_large_instruct,sem_instrucao,0,1,1938,"🇧🇷🇧🇷🇧🇷🇧🇷🇧🇷 Maravilha! Bolsonaro 2022!!!!! Vamos mudar o rumo de nossas vidas pelo trabalho, pela honra, pela honestidade e pela ética. Apoio total ao governo. Vamos defender nosso país da quadrilha comunista.",True
e5_large_instruct,sem_instrucao,0,1,2969,Tem que mandar outra dizendo que esses vigaristas não nos representam.,True
e5_large_instruct,sem_instrucao,0,1,160,Ou quando o Brasil estava sendo saqueado pelo PT? ?,True
e5_large_instruct,sem_instrucao,0,1,3444,@crisflorais orgulho de levar no rabicó ne,True
e5_large_instruct,sem_instrucao,0,1,1715,Ainda bem que ele eh fervoroso evangélico 😱 eh hipocrisia que se chama ?,True
e5_large_instruct,sem_instrucao,0,1,307,@ricardobedendo Vc ainda ñ caiu fora? Va seguir seu jegue!,True
e5_large_instruct,instrucao_manual,0,1,1996,👏👏👏👏o capeta sendo capeta. Normal.,True
e5_large_instruct,instrucao_manual,0,1,271,A ONU é pior esquerda que temos no mundo atualmente.,True
e5_large_instruct,instrucao_manual,0,1,284,"Os inteligente na pista kkkk o que mais que a galera sabe me contam eu não sabia dessa será que sou burra, a não eu não estava lá na guerra opis",True
e5_large_instruct,instrucao_manual,0,1,659,"Falou e falou e não falou nada, só vejo ódio na vida dela. nada vê essa menina 😂😂😂😂😂😂",True
e5_large_instruct,instrucao_manual,0,1,1482,Esse 💩tem que provar é a sua inocência (não tem como provar) e não atacar o Moro.,True
e5_large_instruct,instrucao_manual,0,1,235,Ah tá com pena? Devolve o dinheiro do 🇧🇷,True
e5_large_instruct,instrucao_manual,0,1,452,Que dia é o impeachment desse senhor mesmo? Já deu 💩💩💩💩💩💩💩💩💩💩💩💩💩💩,True
e5_large_instruct,instrucao_manual,0,1,451,"Daqui a pouco o povo brasileiro que vai migrar pra outros lugares, migração em massa. Com esse governo ridículo autoritário e idiota.",True
e5_large_instruct,instrucao_manual,0,1,2456,"Não aguento mais . Pelo amor de Deus , nesse País os poros dessas pessoas que respira Lula Credo! Chou coisa ruim . Oremos para vê se pensam em coisa sadia 🙏🙏",True
e5_large_instruct,instrucao_manual,0,1,2815,Continua sendo Pirralha só que agora com um título.Ah Ah ah @joicehasselmannoficial,True
e5_large_instruct,instrucao_manual,0,1,2425,Pra todos nós que Samos milhões de negros nessi país incruindo eu esse miZeravel tem que ser punido pela lei isso e inaceitável🇧🇷🇧🇷🇧🇷🇧🇷🇧🇷🇧🇷🇧🇷🇧🇷,True
e5_large_instruct,instrucao_manual,0,1,245,Ninguém está preocupado com a pena dela. É melhor ela cuidadar do pais dela .,True
e5_large_instruct,instrucao_manual,0,1,1495,Esse calhorda nunca mais terá a força que nosso Brasil tem hoje 👏🏻👏🏻👏🏻👏🏻,True
e5_large_instruct,instrucao_manual,0,1,1525,Já estou levantado capeta,True
e5_large_instruct,instrucao_manual,0,1,2293,"Fica quieta joice, tá feio ja",True
e5_large_instruct,instrucao_manual,1,0,5754,Benedita não se altere porque esse ato cometido foi por gente que tem alma escura !,True
e5_large_instruct,instrucao_manual,0,1,1891,"Que bom que,as máscaras estão caindo rápido.",True
e5_large_instruct,instrucao_manual,1,0,5812,Tem que abrir processo disciplinar por quebra de decoro na forma do regimento. Pelo vandalismo e pelo ato de racismo.,True
e5_large_instruct,instrucao_manual,1,0,4645,"Se fosse o Pabllo Vittar , os lacradores: ""Linda"" , ""Essa mulher nos representa"" , ""Ninguém solta a mão de ninguém"" , ""Viva o Feminismo"". 😂😂😂😂😂😂",True
e5_large_instruct,instrucao_manual,0,1,3462,Impressionante!!! De doer ouvir estas barbaridades !,True
e5_large_instruct,instrucao_manual,0,1,2367,Pior é que tem negros que votam nessa gente! O Brasil precisa acordar!!!,True
e5_large_instruct,instrucao_manual,0,1,3477,Basta 4 pra fude 220 milhões de pessoas.kkkkk,True
e5_large_instruct,instrucao_manual,0,1,3096,"Infelizmente o governo mundial olha e faz cara de foda-se . Eles não ligam , eles não se importam. APENAS. 🤭🤦🏻‍♀️😥",True
e5_large_instruct,instrucao_manual,0,1,356,E um viva à esquerdalha!!!!!!,True
e5_large_instruct,instrucao_manual,0,1,1063,"@maisa vamos tesouro, ñ se misture com essa gentalha 🥺",True
e5_large_instruct,instrucao_manual,0,1,649,"Para que tanta inveja Muié, o povo tem que manifestar mesmo para provar que Bolsonaro é mais amado que o *L* o persona non grata, aceita que dói menos tá?",True
e5_large_instruct,instrucao_manual,0,1,1740,"E o PSL como sempre, envolvido das atrocidades .",True
e5_large_instruct,instrucao_manual,0,1,632,Até quando o STF vai trabalhar contra o país?,True
e5_large_instruct,instrucao_manual,1,0,3919,Lei da mordaça,True
e5_large_instruct,instrucao_manual,0,1,3332,@lusilenegaspargaspar O RIVOTRIL SENHORA ESQUECEU MESMO 😂😂😂😂😂,True
e5_large_instruct,instrucao_manual,0,1,1773,Deus nos livre desse mal!!!,True
e5_large_instruct,instrucao_manual,1,0,4619,"Que absurdo fizeram com ela,o Brasil precisa de você,e está fazendo um ótimo trabalho,indo atrás de pedófilos que estupram até bebês.",True
e5_large_instruct,instrucao_manual,0,1,1090,Ainda aplaudem uma carniça dessas...,True
e5_large_instruct,instrucao_manual,0,1,2862,Não suporto mais tantas asneiras e imbecilidade desse estúpido. Acorda Brasil do sono da ignorância Ninguém solta a mão de ninguém. #LULAÉINOCENTE #LULALIVREJÁ #CADÊAPROVA? #EusouLula Recife PE Lula foi e sempre será o melhor e honesto presidente do Brasil e único Presidente que fez pelo povo Brasileiro o que nenhum outro presidente quiz fazer e pelo Brasil. Ninguém solta a mão de ninguém.,True
e5_large_instruct,instrucao_manual,0,1,420,Fora bozzolino! Christina vamos a volver✌✌✌,True
e5_large_instruct,instrucao_manual,0,1,135,Ta com pena? Devolve a propina,True
e5_large_instruct,instrucao_manual,0,1,1637,"Quando a gente acha que uma pessoa não consegue ser mais zé ruéla do que já é, vem o cara e se supera.",True
e5_large_instruct,instrucao_manual,0,1,1963,"Ainda bem que não foi no SBT, com certeza , lá, o resultado seria alterado pelo dono.",True
e5_large_instruct,instrucao_manual,0,1,2257,Outra q não vou e essa Janaína fica em cima do muro o lado q tá ganhando e q ela vai,True
e5_large_instruct,instrucao_manual,1,0,5762,Um desgaste muito grande para o congresso nacional tem que ser punido severamente.,True
e5_large_instruct,instrucao_manual,0,1,2309,Esses filhos parecem que querem destruir o pai.,True
e5_large_instruct,instrucao_manual,1,0,6201,"@fernandohaddadoficial PRESIDENTE ARTHUR LIRA, NÓS 38 MILHÕES DE APOSENTADOS E PENSIONISTAS GOSTARÍAMOS DE SABER O PORQUÊ DO DEPUTADO ESTÁ IGNORANDO OS ARTIGOS 154 E 155 DO RICD, QUE JÁ TEM REQUERIMENTO APOIADO POR 257 DEPUTADOS DESDE O DIA 11/09 E ATÉ AGORA O DEPUTADO NÃO MARCOU PAUTA PARA O PROJETO DE QUE DEVERIA TER SIDO PAUTADO NA ORDEM DO DIA, E COMO ESTÁ A REDAÇÃO DO REQUERIMENTO 2973/2023 DO DEPUTADO POMPEO DE MATTOS, QUEREMOS UMA POSIÇÃO VOSSA DEPUTADO. O POVO QUE ELEGEU O SENHOR PRESIDENTE DESSA CASA LEGISLATIVA POIS FOI ATRAVÉS DE VOTOS DE PARLAMENTARES ELEITOS PELO POVO QUE O DEPUTADO FOI ELEITO PRESIDENTE. ENTÃO NOS RESPONDA PORQUÊ O DEPUTADO IGNORA O REGIMENTO INTERNO DA CASA? TRABALHAR EM PTOL DO POVO E COLOCAR O PL4434/2008 EM VOTAÇÃO. APOSENTADO E PENSIONISTAS EDTAO DESEPERADOS COM O REAJUSTE 3 71 FACA PELO POVO.",True
e5_large_instruct,instrucao_manual,0,1,2872,"Continuará sendo a diva das Américas e a única mulher eleita e reeleita presidente da república federativa do Brasil! Engulam isso, canalhas fascistas.",True
e5_large_instruct,instrucao_manual,0,1,496,"Perde não, Carla. As notícias verdadeiras é que são válidas mesmo. Quem corre risco maior é a esquerda, que inventou muito na eleição.",True
e5_large_instruct,instrucao_manual,0,1,2295,"Realmente , seria mais sensato que os filhos do Presidente permanecessem calados!!! 👍",True
e5_large_instruct,instrucao_manual,0,1,3047,Misericórdia!!! Inacreditável!!! Esse povo é doente! Só pode!,True
e5_large_instruct,instrucao_manual,0,1,187,A fonte secou! Não tem mais propininha!😂😂😂😂,True
e5_large_instruct,instrucao_manual,0,1,3210,Tomar o diploma dele,True
e5_large_instruct,instrucao_manual,0,1,3276,"O grupo é grande, com certeza tem mais políticos no meio.",True
e5_large_instruct,instrucao_manual,0,1,3237,"O tombo vai ser grande, eu vou aplaudir de pé.",True
e5_large_instruct,instrucao_manual,0,1,2101,Ñ suporto essas palhaçadas esse ñ. me representa.,True
e5_large_instruct,instrucao_manual,0,1,3146,Kkkkk bem afrontoso👏👏👏👏👏👏🙌,True
e5_large_instruct,instrucao_manual,0,1,994,E essas mulheres rindo????? Credo,True
e5_large_instruct,instrucao_manual,0,1,2087,Aí seus otario bonsoniho,True
e5_large_instruct,instrucao_manual,0,1,1960,"Ai vem a hipocrisia, sou contra concurso de beleza pois mulher não é objeto, ok mas se a vencedora for Negra, ou qualquer representante de uma minoria ai tudo bem relativo isso.",True
e5_large_instruct,instrucao_manual,0,1,597,Deputada! Temos que ir pra cima dessa corja.,True
e5_large_instruct,instrucao_manual,0,1,2774,"Não tenha dúvidas, sem capim está sempre a sua disposição 😂😢",True
e5_large_instruct,instrucao_manual,1,0,4396,"Que absurdo, não sei como tem gente q assiste esse cara, e ainda acham graça 😔",True
e5_large_instruct,instrucao_manual,0,1,925,Não existe gabinete do ódio do lado.debbolsonaro isso é coisa de lula,True
e5_large_instruct,instrucao_manual,0,1,977,@alice.lavigne.3388 NOJO! por isso prefiro assistir o fantástico aos fins de domingo. Porque contém informações e conteúdos!,True
e5_large_instruct,instrucao_manual,0,1,3167,"Absurdo o que ele tem feito, alguém tem que fazer parar😮😮😮😮😮",True
e5_large_instruct,instrucao_manual,0,1,3303,"Vai arregar pros pastores, Haddad? Vc realmente acha que eles vāo deixar de perseguir a esquerda?",True
e5_large_instruct,instrucao_manual,0,1,662,"Sei não hein!? Pertinente, porém vejo um desvio de pensamento arquitetado aí!",True
e5_large_instruct,instrucao_manual,0,1,384,"Perguntem quantos votos esse energúmeno teve em Roraima, então poderemos ter compreensão do porque ele sente liberdade para as atrocidades que diz e faz sem pudor.",True
e5_large_instruct,instrucao_manual,0,1,2146,"Depois q esse verme sair , pode revogar essas merdas q ele tá fazendo com o povo?",True
e5_large_instruct,instrucao_manual,1,0,4229,Lindao arrebenta,True
e5_large_instruct,instrucao_manual,1,0,3522,Devia ter tido pena ANTES... bem ANTES 🤬,True
e5_large_instruct,instrucao_manual,1,0,3687,"@matthews_salles Que bobagem! O Glen ñ precisa da proteçao de ninguem! O flavinho, sim!",True
e5_large_instruct,instrucao_manual,0,1,2342,So negros morrem no Brasil? Bandido nao escolhe cor!,True
e5_large_instruct,instrucao_manual,0,1,354,Ele está certo. Vai ter um monte de argentino faminto invadindo aqui,True
e5_large_instruct,instrucao_manual,1,0,6274,Os Robin Hood's do Brasil,True
e5_large_instruct,instrucao_manual,0,1,2833,"A Time devia colocar como personalidade do ano as crianças que são vítima de casamento precoce e morrem na primeira relação sexual por inúmeras perfurações internas mais e mais fácil colocar o que bem lhe convir o presidente está certo e uma pirralha sim e deveria estar aprendendo que o mundo inteiro está sendo destruído principalmente pessoas,,,,deviam observa os peixes grandes.....",True
e5_large_instruct,instrucao_manual,1,0,3768,Pra ganhar a eleição teve que prender Lula sem provas .....,True
e5_large_instruct,instrucao_manual,0,1,661,Parabéns a garotinha do George Sorus. Uma laranjinha sendo usada pelas grandes corporações parabéns a menina usada por sua mãe e as gigantes de seu contrato.,True
e5_large_instruct,instrucao_manual,0,1,1760,Tira o nome de Jesus da boca.,True
e5_large_instruct,instrucao_manual,0,1,690,"Agora vai ser assim "" votem em quem eu indicar"" pelo amor de Deus para de frescura no toba e deixa o povo votar",True
e5_large_instruct,instrucao_manual,0,1,746,😂 Porisso gosto dele pq eu sou afiada igual a ele povo pela saco!,True
e5_large_instruct,instrucao_manual,0,1,2832,"Tô com meu presidente, está Maria mijona quer meter o bedelho no país dos outros, por que ela não investe toda essa força pra reflorestar o país dela, falar do país dos outros é fácil, agora tá todo mundo preocupado com o nosso verde e outras coisas mais, acho que se ela não nos encher é melhor, manda ver presidente, nós te apoiamos.",True
e5_large_instruct,instrucao_manual,0,1,516,"Disseram que houve renovação. Que nada, quem manda são os caciques corruptos de sempre.",True
e5_large_instruct,instrucao_manual,0,1,680,"A grande destruição ambiental no Brasil ocorreu principalmente durante os anos que a europa nos colonizava e hj europeu vem nos dar lição de moral, isso é um grande hipocrisia. Deixando claro que votei em Haddad Nordeste13",True
e5_large_instruct,instrucao_manual,0,1,1103,"Nojo, ta passando dos limites",True
e5_large_instruct,instrucao_manual,0,1,2006,Parabéns aos envolvidos! Faz arminha e grita mito.,True
e5_large_instruct,instrucao_manual,0,1,495,Ainda bem que do PT e do Lula Ladrao só falamos a verdade.,True
e5_large_instruct,instrucao_manual,1,0,5853,Tem dinheiro... responde em liberdade 😡 lamentável,True
e5_large_instruct,instrucao_manual,1,0,3504,A Dilma chilena 🤢🤢🤢🤮🤮,True
e5_large_instruct,instrucao_manual,0,1,2840,Tem mtas outras pessoas q realmente merecem destaque!!! menos essa tal de Greta🙄,True
e5_large_instruct,instrucao_manual,0,1,2347,"Triste isso....força e acabem com esse racista por falta de decoro, por violência e racismo declarado",True
e5_large_instruct,instrucao_manual,1,0,5447,É o mito dos trabalhador,True
e5_large_instruct,instrucao_manual,0,1,2258,Os filhos do nosso Presidente poderiam calar à boca!!!,True
e5_large_instruct,instrucao_manual,0,1,2611,Estão usando a menina e como usam a família da Mariela. Interesses excusos movem a mídia esquerdopa,True
e5_large_instruct,instrucao_manual,1,0,6194,Não dê isenção a pastores!!!!,True
e5_large_instruct,instrucao_manual,0,1,1539,Um homem de Deus que nem o diabo quer .,True
e5_large_instruct,instrucao_manual,1,0,3761,Já tá na hora de gravar vídeo com os caras da Galãs Feios,True
e5_large_instruct,instrucao_manual,0,1,3269,"A importância da democracia, das instituições, da Justiça e da @policiafederal @flaviodino e a luta da esquerda @psol50 @ptbrasil @pcdob_oficial e da imprensa e dos movimentos sociais para não deixar impune os mandantes milicianos de direita deste assassinato político contra uma mulher de luta e de esquerda, que lutava pelos pobres, favelados, trabalhadores, povo e democracia! MARIELLE VIVE!",True
e5_large_instruct,instrucao_manual,0,1,1933,SÓ A ESQUERDOPATIA NÃO VÊ ISSO...,True
e5_large_instruct,instrucao_manual,0,1,462,"Eu tenho ranço desse estocador de cocô, mas entendi o que ele quis dizer em relação à Roraima. A população desse estado teve muitos problemas com os imigrantes venezuelanos. Agora ele errou ao dizer, que um governo de esquerda na Argentina faria isso, está mais fácil a gente emigrar para lá se isso acontecer.",True
e5_large_instruct,instrucao_manual,1,0,5637,é preciso pensar 10 X antes de falar para depois ter que pedir desculpas . Certos Bolsonaros deviam aprender isso . um leão nuca pede desculpas ..,True
e5_large_instruct,instrucao_manual,1,0,4939,"Noh coisa feia duas deputadas do mesmo partido , com essas brigas sem fundamento.",True
e5_large_instruct,instrucao_manual,0,1,3279,"Eu quero mais mulheres na política, mas que não sejam iguais a você.",True
e5_large_instruct,instrucao_manual,0,1,1146,Aceitar comentários de Minions é de uma grandeza absoluta... só por isso tem meu voto eternamente,True
e5_large_instruct,instrucao_manual,0,1,1857,Desiquilibrio total.,True
e5_large_instruct,instrucao_manual,0,1,1938,"🇧🇷🇧🇷🇧🇷🇧🇷🇧🇷 Maravilha! Bolsonaro 2022!!!!! Vamos mudar o rumo de nossas vidas pelo trabalho, pela honra, pela honestidade e pela ética. Apoio total ao governo. Vamos defender nosso país da quadrilha comunista.",True
e5_large_instruct,instrucao_manual,0,1,2969,Tem que mandar outra dizendo que esses vigaristas não nos representam.,True
e5_large_instruct,instrucao_manual,0,1,2676,Só foi eleita porque apoiou o Bolsonaro. Vai caçar o que fazer!!!,True
e5_large_instruct,instrucao_manual,0,1,160,Ou quando o Brasil estava sendo saqueado pelo PT? ?,True
e5_large_instruct,instrucao_manual,0,1,3444,@crisflorais orgulho de levar no rabicó ne,True
e5_large_instruct,instrucao_automatica,1,0,3865,Ja resolveu o problema do desemprego daqui???,True
e5_large_instruct,instrucao_automatica,0,1,1996,👏👏👏👏o capeta sendo capeta. Normal.,True
e5_large_instruct,instrucao_automatica,0,1,284,"Os inteligente na pista kkkk o que mais que a galera sabe me contam eu não sabia dessa será que sou burra, a não eu não estava lá na guerra opis",True
e5_large_instruct,instrucao_automatica,1,0,5470,Também acho. Esse cara fala demais. Os filhos do bolsonaro acabam enfraquecendo o governo. Sempre disse issso desde o começo,True
e5_large_instruct,instrucao_automatica,0,1,1827,Pepa Pig ou Pinguço?,True
e5_large_instruct,instrucao_automatica,1,0,6082,Ele falou tá falado e pronto.,True
e5_large_instruct,instrucao_automatica,1,0,5586,O mineiro fala um dito popular muito bem aplicado aos filhos do Presidente: Quem fala demais da bom dia a cavalo!,True
e5_large_instruct,instrucao_automatica,0,1,2456,"Não aguento mais . Pelo amor de Deus , nesse País os poros dessas pessoas que respira Lula Credo! Chou coisa ruim . Oremos para vê se pensam em coisa sadia 🙏🙏",True
e5_large_instruct,instrucao_automatica,0,1,3176,Cade os Bolsominions defendendo? Cade a espuma? Kkkkk Silêncio,True
e5_large_instruct,instrucao_automatica,1,0,5071,"Estamos em um grande barco a remo metade 50% rema para frente 25% não rema 25 % rema para trás ,e culpa do Presidente, não, somos nós brasileiros devemos remar ele apenas põe ordem na embarcação ,por favor Brasil temos muitos brasileiros que não fazem nada pra melhorar estamos no mesmo barco ,perde um perde todos ou tô errado?",True
e5_large_instruct,instrucao_automatica,1,0,6563,@prillamendes você disse tudo. Essa é a questão! E agora querem que Lula resolva??,True
e5_large_instruct,instrucao_automatica,1,0,6561,"O AMAZONAS AGONIZA MAIS UMA VEZ, AGORA É QUALIDADE PÉSSIMA DE AR RELACIONADA A FUMAÇA CONSEQUÊNCIA DAS QUEIMADAS PROMOVIDA PELA AÇÃO HUMANA. Os humanos destruindo nosso meio ambiente, os animais que lá habitam e nos sufocando com essa fumaça insuportável",True
e5_large_instruct,instrucao_automatica,0,1,2638,"Boa a fala do presidente, parem de dar moral pra essa pirralha, inclusive a senhora deputada.",True
e5_large_instruct,instrucao_automatica,0,1,2425,Pra todos nós que Samos milhões de negros nessi país incruindo eu esse miZeravel tem que ser punido pela lei isso e inaceitável🇧🇷🇧🇷🇧🇷🇧🇷🇧🇷🇧🇷🇧🇷🇧🇷,True
e5_large_instruct,instrucao_automatica,1,0,3858,"Patriotismo a parte..."".los Hermanos"" sempre tiveram mais cultura.. desta vez foi só mais uma demonstração",True
e5_large_instruct,instrucao_automatica,0,1,245,Ninguém está preocupado com a pena dela. É melhor ela cuidadar do pais dela .,True
e5_large_instruct,instrucao_automatica,0,1,2460,Demorou pra colocar esse ser na cadeia novamente,True
e5_large_instruct,instrucao_automatica,1,0,6283,"Ao fim dos privilégios tbm e que todos os políticos passem a pagar seus planos de saúde, INSS e impostos de renda... Que peguem seus próprios alugueis e suas próprias roupas. Afinal políticos tem algum gasto? Pra que tem salários?",True
e5_large_instruct,instrucao_automatica,0,1,1525,Já estou levantado capeta,True
e5_large_instruct,instrucao_automatica,0,1,3160,"Ele nao para , me impressiona a quantidade de pessoas que ainda pertencem a esse bloco que se auto intitula direita , sinceramente ...",True
e5_large_instruct,instrucao_automatica,0,1,1848,😂😂😂😂😂😂 Pepa só está dando tiro no pe... kkkk,True
e5_large_instruct,instrucao_automatica,1,0,5754,Benedita não se altere porque esse ato cometido foi por gente que tem alma escura !,True
e5_large_instruct,instrucao_automatica,0,1,1891,"Que bom que,as máscaras estão caindo rápido.",True
e5_large_instruct,instrucao_automatica,1,0,4492,Dupla imbatível nas argumentações inteligentes contra esse governo desgovernado que estamos pagando....aff,True
e5_large_instruct,instrucao_automatica,0,1,1747,"Que asco. Uma pessoa assim não pode exercer a política, porque não contribui para o debate. É só atraso.",True
e5_large_instruct,instrucao_automatica,1,0,5812,Tem que abrir processo disciplinar por quebra de decoro na forma do regimento. Pelo vandalismo e pelo ato de racismo.,True
e5_large_instruct,instrucao_automatica,1,0,4645,"Se fosse o Pabllo Vittar , os lacradores: ""Linda"" , ""Essa mulher nos representa"" , ""Ninguém solta a mão de ninguém"" , ""Viva o Feminismo"". 😂😂😂😂😂😂",True
e5_large_instruct,instrucao_automatica,0,1,3462,Impressionante!!! De doer ouvir estas barbaridades !,True
e5_large_instruct,instrucao_automatica,1,0,4081,Que consciência tem essa garota!,True
e5_large_instruct,instrucao_automatica,0,1,2457,"😂😂😂😂 debochado, foi bem pago..",True
e5_large_instruct,instrucao_automatica,0,1,2367,Pior é que tem negros que votam nessa gente! O Brasil precisa acordar!!!,True
e5_large_instruct,instrucao_automatica,0,1,3477,Basta 4 pra fude 220 milhões de pessoas.kkkkk,True
e5_large_instruct,instrucao_automatica,1,0,3938,"Vivemos no parlamentarismo ou presidencialismo, há horas que parece também o "" judicialismo""...Pobre Brasil...",True
e5_large_instruct,instrucao_automatica,0,1,1925,"A Joyce só pode estar ""surtando""!!! 😱😱😱",True
e5_large_instruct,instrucao_automatica,0,1,356,E um viva à esquerdalha!!!!!!,True
e5_large_instruct,instrucao_automatica,0,1,929,"A esquerda além de tudo, é invejosa!🤣",True
e5_large_instruct,instrucao_automatica,0,1,3131,Deveriam fazer um compilado de fake news só da Globo; criar um site só para isso!,True
e5_large_instruct,instrucao_automatica,0,1,649,"Para que tanta inveja Muié, o povo tem que manifestar mesmo para provar que Bolsonaro é mais amado que o *L* o persona non grata, aceita que dói menos tá?",True
e5_large_instruct,instrucao_automatica,0,1,632,Até quando o STF vai trabalhar contra o país?,True
e5_large_instruct,instrucao_automatica,1,0,3919,Lei da mordaça,True
e5_large_instruct,instrucao_automatica,0,1,3332,@lusilenegaspargaspar O RIVOTRIL SENHORA ESQUECEU MESMO 😂😂😂😂😂,True
e5_large_instruct,instrucao_automatica,0,1,1773,Deus nos livre desse mal!!!,True
e5_large_instruct,instrucao_automatica,1,0,4619,"Que absurdo fizeram com ela,o Brasil precisa de você,e está fazendo um ótimo trabalho,indo atrás de pedófilos que estupram até bebês.",True
e5_large_instruct,instrucao_automatica,1,0,5573,"Vocês estão fazendo tempestade em copo de água. Vc postando isto, também está dando munição para oposição. Pensa bem 🤔",True
e5_large_instruct,instrucao_automatica,1,0,4361,Cadê a Damaris que não se posiciona? 😂😂😂😂😂,True
e5_large_instruct,instrucao_automatica,0,1,2601,Vc e a Greta: duas oportunistas,True
e5_large_instruct,instrucao_automatica,1,0,4532,Isso é um tipo de violência contra a MULHER MINISTRA DAMARES. Tem q ser tomada uma providência.,True
e5_large_instruct,instrucao_automatica,0,1,1943,"Cortei inúmeras páginas que não é oficial, tem comunista que entra nesses grupos que fazem campanha até para não comer carne, é bom aí sobra e os produtores exportam mais ,E a greve segunda feira?.",True
e5_large_instruct,instrucao_automatica,1,0,6232,@_rodrigobrazz Então como é curioso veio comentar kkkkkkk ajuda aí Zé 😂😂😂😂😂😂😂,True
e5_large_instruct,instrucao_automatica,0,1,3236,@ed.biel vdd pq são uns vendidos,True
e5_large_instruct,instrucao_automatica,1,0,5949,😂😂😂👏👏👏vc vai ser juíza do lula .imaginando,True
e5_large_instruct,instrucao_automatica,1,0,6721,@bolsonarosp será que VCS podem fazer fotografia cartaz em tamanho grande do nosso Bolsonaro. Gostaria de ter um poster grande dele.,True
e5_large_instruct,instrucao_automatica,0,1,1963,"Ainda bem que não foi no SBT, com certeza , lá, o resultado seria alterado pelo dono.",True
e5_large_instruct,instrucao_automatica,1,0,5569,Por que você e a Janaína se calaram quando escutam o Lindbergh farias fazendo menção a desordem civil e quando a Gleisi fala que pessoas serão mortas ao tentarem prender o Lula?,True
e5_large_instruct,instrucao_automatica,0,1,2257,Outra q não vou e essa Janaína fica em cima do muro o lado q tá ganhando e q ela vai,True
e5_large_instruct,instrucao_automatica,1,0,5762,Um desgaste muito grande para o congresso nacional tem que ser punido severamente.,True
e5_large_instruct,instrucao_automatica,1,0,4379,O pior é que as pessoas acham graça,True
e5_large_instruct,instrucao_automatica,1,0,3897,@jairmessiasbolsonaro Deveria fazer procedimento dentário todos os dias,True
e5_large_instruct,instrucao_automatica,1,0,3836,"Eu quero ver se o Tramp perder, vai ser melhor ainda.",True
e5_large_instruct,instrucao_automatica,1,0,6842,"Na verdade, a maior mensagem que eu tirei da propaganda foi 'tenha cachorros em casa pra espantar a dengue'",True
e5_large_instruct,instrucao_automatica,0,1,496,"Perde não, Carla. As notícias verdadeiras é que são válidas mesmo. Quem corre risco maior é a esquerda, que inventou muito na eleição.",True
e5_large_instruct,instrucao_automatica,0,1,3168,O pior é o povo aplaudindo essa merda,True
e5_large_instruct,instrucao_automatica,0,1,3091,"@matthews_salles Errar é humano, persistir no êrro, é burrice! Vai se preparando q o seu choro ñ demora",True
e5_large_instruct,instrucao_automatica,1,0,5469,"Qualquer coisa que alguém da direita disser será desvirtuado para ser usado pela esquerda pra atacar. Ele citou um exemplo histórico que nós não queremos de volta mas pra isso o Brasil tem que se preparar, coisa que não fez na década de 60.🇧🇷",True
e5_large_instruct,instrucao_automatica,0,1,2295,"Realmente , seria mais sensato que os filhos do Presidente permanecessem calados!!! 👍",True
e5_large_instruct,instrucao_automatica,1,0,3989,Brasil sem esperança!,True
e5_large_instruct,instrucao_automatica,0,1,187,A fonte secou! Não tem mais propininha!😂😂😂😂,True
e5_large_instruct,instrucao_automatica,1,0,3896,E ele quer decidir até as eleições vizinhas.,True
e5_large_instruct,instrucao_automatica,0,1,3210,Tomar o diploma dele,True
e5_large_instruct,instrucao_automatica,1,0,5495,"Agora eu vou concordar com vc, os filhos estão atrapalhando a gestão do Pai. Infelizmente",True
e5_large_instruct,instrucao_automatica,0,1,2320,"Se arrependimento matasse, eu e todos meus amigos e familiares a quem incentivei que votassem em vc estaríamos mortos!! 🤮",True
e5_large_instruct,instrucao_automatica,0,1,3276,"O grupo é grande, com certeza tem mais políticos no meio.",True
e5_large_instruct,instrucao_automatica,0,1,3237,"O tombo vai ser grande, eu vou aplaudir de pé.",True
e5_large_instruct,instrucao_automatica,0,1,2029,Rindo feito um condenado,True
e5_large_instruct,instrucao_automatica,0,1,2101,Ñ suporto essas palhaçadas esse ñ. me representa.,True
e5_large_instruct,instrucao_automatica,0,1,3146,Kkkkk bem afrontoso👏👏👏👏👏👏🙌,True
e5_large_instruct,instrucao_automatica,0,1,994,E essas mulheres rindo????? Credo,True
e5_large_instruct,instrucao_automatica,0,1,3114,🤣🤣🤣🤣🤣ser desmentida ao vivo não tem preço!!!🤣🤣🔝🇧🇷,True
e5_large_instruct,instrucao_automatica,0,1,1960,"Ai vem a hipocrisia, sou contra concurso de beleza pois mulher não é objeto, ok mas se a vencedora for Negra, ou qualquer representante de uma minoria ai tudo bem relativo isso.",True
e5_large_instruct,instrucao_automatica,0,1,597,Deputada! Temos que ir pra cima dessa corja.,True
e5_large_instruct,instrucao_automatica,1,0,5894,Estão querendo prender Lula de novo.,True
e5_large_instruct,instrucao_automatica,0,1,2774,"Não tenha dúvidas, sem capim está sempre a sua disposição 😂😢",True
e5_large_instruct,instrucao_automatica,0,1,3311,"Ae, não vai dar moleza pra pastor não, né? Cortou e isenção absurda dos mercadores da fé, agora tem que manter!!!!",True
e5_large_instruct,instrucao_automatica,1,0,5736,É tem negro defendendo essa barbárie!,True
e5_large_instruct,instrucao_automatica,1,0,4396,"Que absurdo, não sei como tem gente q assiste esse cara, e ainda acham graça 😔",True
e5_large_instruct,instrucao_automatica,0,1,925,Não existe gabinete do ódio do lado.debbolsonaro isso é coisa de lula,True
e5_large_instruct,instrucao_automatica,1,0,4741,Gente em que mundo estamos... Como um cara que é pastor pede as pessoas para atacar alguém?,True
e5_large_instruct,instrucao_automatica,0,1,977,@alice.lavigne.3388 NOJO! por isso prefiro assistir o fantástico aos fins de domingo. Porque contém informações e conteúdos!,True
e5_large_instruct,instrucao_automatica,0,1,3167,"Absurdo o que ele tem feito, alguém tem que fazer parar😮😮😮😮😮",True
e5_large_instruct,instrucao_automatica,0,1,2641,Manda ela capinar uma roça e vai vc tbm,True
e5_large_instruct,instrucao_automatica,1,0,6554,@wellington_do_gremio não tenho tempo nem de ver TV quanto mais globo.,True
e5_large_instruct,instrucao_automatica,0,1,3303,"Vai arregar pros pastores, Haddad? Vc realmente acha que eles vāo deixar de perseguir a esquerda?",True
e5_large_instruct,instrucao_automatica,0,1,662,"Sei não hein!? Pertinente, porém vejo um desvio de pensamento arquitetado aí!",True
e5_large_instruct,instrucao_automatica,0,1,2266,Para com essa briga. Todo mundo erra. Seja compassiva com os outros. Ou aguentaremos os ladroes da esquerda.,True
e5_large_instruct,instrucao_automatica,1,0,3953,Desfazem tudo que o presidente Bolsonaro faz !!! Que sentido faz ?,True
e5_large_instruct,instrucao_automatica,0,1,384,"Perguntem quantos votos esse energúmeno teve em Roraima, então poderemos ter compreensão do porque ele sente liberdade para as atrocidades que diz e faz sem pudor.",True
e5_large_instruct,instrucao_automatica,0,1,2449,O STF não é inteiramente PODRE! Tiramos as maçãs podres e teremos magistrados sérios e isentos.,True
e5_large_instruct,instrucao_automatica,1,0,5501,Vc poderia ser mais sensata ... E não alimentar ainda mais as coisas... afinal de que lado vc esta ...,True
e5_large_instruct,instrucao_automatica,0,1,1217,"Jornalistas babaca, somos todos Damares❤️❤️❤️",True
e5_large_instruct,instrucao_automatica,1,0,3522,Devia ter tido pena ANTES... bem ANTES 🤬,True
e5_large_instruct,instrucao_automatica,0,1,354,Ele está certo. Vai ter um monte de argentino faminto invadindo aqui,True
e5_large_instruct,instrucao_automatica,1,0,4040,"sem industria, sem soberania. Não adianta nada ""não manufaturar"" se compramos de quem manufatura, e permitimos a destruição da Amazônia.",True
e5_large_instruct,instrucao_automatica,1,0,6409,Kkkkk Mais afiado que tramontina😂💚💛,True
e5_large_instruct,instrucao_automatica,1,0,6307,De que adianta se só fica no papel!,True
e5_large_instruct,instrucao_automatica,1,0,6274,Os Robin Hood's do Brasil,True
e5_large_instruct,instrucao_automatica,0,1,2013,Isso é pouco pra os otário q votou nele.,True
e5_large_instruct,instrucao_automatica,0,1,464,"Vou filosofar: ""O cocô sai pelo ânus, mas pelo jeito, em algumas pessoas do congresso, se acumula no cérebro"" 💩 🧠",True
e5_large_instruct,instrucao_automatica,1,0,3768,Pra ganhar a eleição teve que prender Lula sem provas .....,True
e5_large_instruct,instrucao_automatica,0,1,661,Parabéns a garotinha do George Sorus. Uma laranjinha sendo usada pelas grandes corporações parabéns a menina usada por sua mãe e as gigantes de seu contrato.,True
e5_large_instruct,instrucao_automatica,0,1,1760,Tira o nome de Jesus da boca.,True
e5_large_instruct,instrucao_automatica,0,1,690,"Agora vai ser assim "" votem em quem eu indicar"" pelo amor de Deus para de frescura no toba e deixa o povo votar",True
e5_large_instruct,instrucao_automatica,1,0,5575,Por isso que Lula e Dilma não tinham familiares na política.,True
e5_large_instruct,instrucao_automatica,0,1,567,O povo é culpado por eleger essas aberrações aí. Ou aprende a votar ou cifra trouxa pro resto da vida.,True
e5_large_instruct,instrucao_automatica,1,0,6059,"Projeto do George Soros, patrocinador da esquerda no mundo.",True
e5_large_instruct,instrucao_automatica,0,1,2832,"Tô com meu presidente, está Maria mijona quer meter o bedelho no país dos outros, por que ela não investe toda essa força pra reflorestar o país dela, falar do país dos outros é fácil, agora tá todo mundo preocupado com o nosso verde e outras coisas mais, acho que se ela não nos encher é melhor, manda ver presidente, nós te apoiamos.",True
e5_large_instruct,instrucao_automatica,0,1,2006,Parabéns aos envolvidos! Faz arminha e grita mito.,True
e5_large_instruct,instrucao_automatica,1,0,5853,Tem dinheiro... responde em liberdade 😡 lamentável,True
e5_large_instruct,instrucao_automatica,1,0,3504,A Dilma chilena 🤢🤢🤢🤮🤮,True
e5_large_instruct,instrucao_automatica,0,1,2840,Tem mtas outras pessoas q realmente merecem destaque!!! menos essa tal de Greta🙄,True
e5_large_instruct,instrucao_automatica,1,0,5528,"Esses filhos foram criados dessa maneira, falando o que pensam. Esquecem que estão no comando de uma grande nação. Precisam todos eles pensar melhor antes de falar.",True
e5_large_instruct,instrucao_automatica,1,0,5447,É o mito dos trabalhador,True
e5_large_instruct,instrucao_automatica,0,1,2258,Os filhos do nosso Presidente poderiam calar à boca!!!,True
e5_large_instruct,instrucao_automatica,1,0,3761,Já tá na hora de gravar vídeo com os caras da Galãs Feios,True
e5_large_instruct,instrucao_automatica,0,1,462,"Eu tenho ranço desse estocador de cocô, mas entendi o que ele quis dizer em relação à Roraima. A população desse estado teve muitos problemas com os imigrantes venezuelanos. Agora ele errou ao dizer, que um governo de esquerda na Argentina faria isso, está mais fácil a gente emigrar para lá se isso acontecer.",True
e5_large_instruct,instrucao_automatica,1,0,5637,é preciso pensar 10 X antes de falar para depois ter que pedir desculpas . Certos Bolsonaros deviam aprender isso . um leão nuca pede desculpas ..,True
e5_large_instruct,instrucao_automatica,1,0,4939,"Noh coisa feia duas deputadas do mesmo partido , com essas brigas sem fundamento.",True
e5_large_instruct,instrucao_automatica,0,1,3279,"Eu quero mais mulheres na política, mas que não sejam iguais a você.",True
e5_large_instruct,instrucao_automatica,0,1,1146,Aceitar comentários de Minions é de uma grandeza absoluta... só por isso tem meu voto eternamente,True
e5_large_instruct,instrucao_automatica,0,1,1857,Desiquilibrio total.,True
e5_large_instruct,instrucao_automatica,1,0,6844,Dengue precisa e de vacina né de vídeo bonito não cadê as vacina,True
e5_large_instruct,instrucao_automatica,0,1,1938,"🇧🇷🇧🇷🇧🇷🇧🇷🇧🇷 Maravilha! Bolsonaro 2022!!!!! Vamos mudar o rumo de nossas vidas pelo trabalho, pela honra, pela honestidade e pela ética. Apoio total ao governo. Vamos defender nosso país da quadrilha comunista.",True
e5_large_instruct,instrucao_automatica,1,0,5653,Será que o filho está fazendo isto pra prejudicar o pai?,True
e5_large_instruct,instrucao_automatica,0,1,2969,Tem que mandar outra dizendo que esses vigaristas não nos representam.,True
e5_large_instruct,instrucao_automatica,0,1,2676,Só foi eleita porque apoiou o Bolsonaro. Vai caçar o que fazer!!!,True
e5_large_instruct,instrucao_automatica,0,1,160,Ou quando o Brasil estava sendo saqueado pelo PT? ?,True
bertimbau_pt,sem_instrucao,1,0,5540,So tem petistas aqui agora kkk,True
bertimbau_pt,sem_instrucao,1,0,4855,Eternas SAUDDADS,True
bertimbau_pt,sem_instrucao,1,0,6800,"O ministro do Trabalho e Emprego, Luiz Marinho, se autonomeou para o Conselho Fiscal do Serviço Social do Comércio (Sesc), no lugar do Gilberto Carvalho, ex-ministro no governo de Dilma Rousseff. O salário pode chegar a R$ 28,6 mil se ele comparecer a todas as reuniões, e é cumulativo ao salário de ministro. Por cada participação em uma das seis reuniões mensais do Conselho, Marinho receberá R$ 4,7 mil.",True
bertimbau_pt,sem_instrucao,1,0,5470,Também acho. Esse cara fala demais. Os filhos do bolsonaro acabam enfraquecendo o governo. Sempre disse issso desde o começo,True
bertimbau_pt,sem_instrucao,1,0,6750,Chic esses filhos do mito 👏👏,True
bertimbau_pt,sem_instrucao,1,0,3901,Tem que rir para não chorar...😢😂,True
bertimbau_pt,sem_instrucao,0,1,451,"Daqui a pouco o povo brasileiro que vai migrar pra outros lugares, migração em massa. Com esse governo ridículo autoritário e idiota.",True
bertimbau_pt,sem_instrucao,0,1,906,"Ai5 é meus ovos , entrevista de qualidade de gente sem cérebro🍊🍊🍊🍊🍊🍊🍊🍊",True
bertimbau_pt,sem_instrucao,1,0,6495,Em julho acaba a esperança. Kkkkk,True
bertimbau_pt,sem_instrucao,0,1,2205,Nisso vc tem razão . Os filhos do presidente falam muita besteira desnecessária,True
bertimbau_pt,sem_instrucao,1,0,6561,"O AMAZONAS AGONIZA MAIS UMA VEZ, AGORA É QUALIDADE PÉSSIMA DE AR RELACIONADA A FUMAÇA CONSEQUÊNCIA DAS QUEIMADAS PROMOVIDA PELA AÇÃO HUMANA. Os humanos destruindo nosso meio ambiente, os animais que lá habitam e nos sufocando com essa fumaça insuportável",True
bertimbau_pt,sem_instrucao,0,1,2425,Pra todos nós que Samos milhões de negros nessi país incruindo eu esse miZeravel tem que ser punido pela lei isso e inaceitável🇧🇷🇧🇷🇧🇷🇧🇷🇧🇷🇧🇷🇧🇷🇧🇷,True
bertimbau_pt,sem_instrucao,1,0,6114,A ordem é arrecadar o máximo,True
bertimbau_pt,sem_instrucao,1,0,4641,"Que absurdo contra essa mulher,ministra ou nao.",True
bertimbau_pt,sem_instrucao,1,0,3765,Haddad era pra ser nosso presidente.nossa Amazonia nao.estaria .morrendo mas um louco faze.o.que🙏😍😍❤❤,True
bertimbau_pt,sem_instrucao,1,0,4627,Essa Ministra enfrenta a violência que tb é verbal com mãos de ferro👏👏,True
bertimbau_pt,sem_instrucao,1,0,4259,Gato que homen lindo🔥🔥🔥🔥🔥,True
bertimbau_pt,sem_instrucao,1,0,6283,"Ao fim dos privilégios tbm e que todos os políticos passem a pagar seus planos de saúde, INSS e impostos de renda... Que peguem seus próprios alugueis e suas próprias roupas. Afinal políticos tem algum gasto? Pra que tem salários?",True
bertimbau_pt,sem_instrucao,1,0,4901,Haudad até hoje a ficha não caiu 😓😓😢,True
bertimbau_pt,sem_instrucao,1,0,5754,Benedita não se altere porque esse ato cometido foi por gente que tem alma escura !,True
bertimbau_pt,sem_instrucao,1,0,4492,Dupla imbatível nas argumentações inteligentes contra esse governo desgovernado que estamos pagando....aff,True
bertimbau_pt,sem_instrucao,1,0,5602,Correta afirmação! Estao areimando argumentos e justificativas para os contrarios usarem de artificio para derruba los,True
bertimbau_pt,sem_instrucao,1,0,4751,Triste realidade do brasil,True
bertimbau_pt,sem_instrucao,1,0,3551,"Cara, você tem noção de quem ordenou essa invasão da Polonia!?!?🙁😣",True
bertimbau_pt,sem_instrucao,1,0,3535,Candidato a embaixador comemorando o massacre que a Alemanha nazista fez quando invadiu a Polônia.,True
bertimbau_pt,sem_instrucao,0,1,1925,"A Joyce só pode estar ""surtando""!!! 😱😱😱",True
bertimbau_pt,sem_instrucao,0,1,356,E um viva à esquerdalha!!!!!!,True
bertimbau_pt,sem_instrucao,1,0,5700,Respeitem aqueles que saem todos os dias de casa pra nos defender. Respeitem a policia brasileira.,True
bertimbau_pt,sem_instrucao,0,1,632,Até quando o STF vai trabalhar contra o país?,True
bertimbau_pt,sem_instrucao,1,0,3919,Lei da mordaça,True
bertimbau_pt,sem_instrucao,0,1,1773,Deus nos livre desse mal!!!,True
bertimbau_pt,sem_instrucao,1,0,4619,"Que absurdo fizeram com ela,o Brasil precisa de você,e está fazendo um ótimo trabalho,indo atrás de pedófilos que estupram até bebês.",True
bertimbau_pt,sem_instrucao,0,1,1477,Não vou acionar o áudio porque não aguento a voz e o conteúdo dito pelo carniça.,True
bertimbau_pt,sem_instrucao,0,1,2601,Vc e a Greta: duas oportunistas,True
bertimbau_pt,sem_instrucao,0,1,851,"Parabéns, ex presidente inelegível. Quem sabe no seu próximo aniversário vai comemorar na Papuda. 😂😂😂",True
bertimbau_pt,sem_instrucao,0,1,420,Fora bozzolino! Christina vamos a volver✌✌✌,True
bertimbau_pt,sem_instrucao,1,0,7000,"Agradecer a Deus por colocar esses anjos para defender o povo honesto do Brasil, estamos juntos nessa luta, povo unido.Vomos nos unir em oração para que Deus proteja vocês.",True
bertimbau_pt,sem_instrucao,0,1,1637,"Quando a gente acha que uma pessoa não consegue ser mais zé ruéla do que já é, vem o cara e se supera.",True
bertimbau_pt,sem_instrucao,0,1,1988,😡😡😡 Gente o que o povo tá esperando pra tirar esse Satanás do poder meu Deus,True
bertimbau_pt,sem_instrucao,1,0,5934,Afinal o sítio não é dele kkkkkkkkkkkkk,True
bertimbau_pt,sem_instrucao,1,0,5666,"Verdade , é tudo que os inimigos querem",True
bertimbau_pt,sem_instrucao,1,0,3756,Vai mostra as provas que é inocente 👏👏👏😆😆😆😆😆😆😆,True
bertimbau_pt,sem_instrucao,0,1,2257,Outra q não vou e essa Janaína fica em cima do muro o lado q tá ganhando e q ela vai,True
bertimbau_pt,sem_instrucao,0,1,2704,Pirralha mesmo!!! Tô com presidente! Ele é sincero!! A cara dele não mudou!,True
bertimbau_pt,sem_instrucao,0,1,413,O que esperar de um NAZISTA?,True
bertimbau_pt,sem_instrucao,1,0,5762,Um desgaste muito grande para o congresso nacional tem que ser punido severamente.,True
bertimbau_pt,sem_instrucao,1,0,4379,O pior é que as pessoas acham graça,True
bertimbau_pt,sem_instrucao,0,1,1272,Jornalistas podres👏👏👏👏🇧🇷🇧🇷🇧🇷 #somostodosdanares💓💓💓❤️,True
bertimbau_pt,sem_instrucao,1,0,6201,"@fernandohaddadoficial PRESIDENTE ARTHUR LIRA, NÓS 38 MILHÕES DE APOSENTADOS E PENSIONISTAS GOSTARÍAMOS DE SABER O PORQUÊ DO DEPUTADO ESTÁ IGNORANDO OS ARTIGOS 154 E 155 DO RICD, QUE JÁ TEM REQUERIMENTO APOIADO POR 257 DEPUTADOS DESDE O DIA 11/09 E ATÉ AGORA O DEPUTADO NÃO MARCOU PAUTA PARA O PROJETO DE QUE DEVERIA TER SIDO PAUTADO NA ORDEM DO DIA, E COMO ESTÁ A REDAÇÃO DO REQUERIMENTO 2973/2023 DO DEPUTADO POMPEO DE MATTOS, QUEREMOS UMA POSIÇÃO VOSSA DEPUTADO. O POVO QUE ELEGEU O SENHOR PRESIDENTE DESSA CASA LEGISLATIVA POIS FOI ATRAVÉS DE VOTOS DE PARLAMENTARES ELEITOS PELO POVO QUE O DEPUTADO FOI ELEITO PRESIDENTE. ENTÃO NOS RESPONDA PORQUÊ O DEPUTADO IGNORA O REGIMENTO INTERNO DA CASA? TRABALHAR EM PTOL DO POVO E COLOCAR O PL4434/2008 EM VOTAÇÃO. APOSENTADO E PENSIONISTAS EDTAO DESEPERADOS COM O REAJUSTE 3 71 FACA PELO POVO.",True
bertimbau_pt,sem_instrucao,1,0,6842,"Na verdade, a maior mensagem que eu tirei da propaganda foi 'tenha cachorros em casa pra espantar a dengue'",True
bertimbau_pt,sem_instrucao,0,1,3091,"@matthews_salles Errar é humano, persistir no êrro, é burrice! Vai se preparando q o seu choro ñ demora",True
bertimbau_pt,sem_instrucao,0,1,2295,"Realmente , seria mais sensato que os filhos do Presidente permanecessem calados!!! 👍",True
bertimbau_pt,sem_instrucao,0,1,3210,Tomar o diploma dele,True
bertimbau_pt,sem_instrucao,1,0,5692,"Nunca houve isso no Brasil o Bolsonaro semeou está descriminação contra a os negros ,os gays, contra a todos. O quê que este homem aínda está fazendo no governo.",True
bertimbau_pt,sem_instrucao,0,1,2320,"Se arrependimento matasse, eu e todos meus amigos e familiares a quem incentivei que votassem em vc estaríamos mortos!! 🤮",True
bertimbau_pt,sem_instrucao,1,0,6141,@joaoamgomes Por que os petistas têm tanto medo de investigarem a morte do Celso Daniel?,True
bertimbau_pt,sem_instrucao,0,1,3276,"O grupo é grande, com certeza tem mais políticos no meio.",True
bertimbau_pt,sem_instrucao,0,1,3237,"O tombo vai ser grande, eu vou aplaudir de pé.",True
bertimbau_pt,sem_instrucao,0,1,3146,Kkkkk bem afrontoso👏👏👏👏👏👏🙌,True
bertimbau_pt,sem_instrucao,0,1,1960,"Ai vem a hipocrisia, sou contra concurso de beleza pois mulher não é objeto, ok mas se a vencedora for Negra, ou qualquer representante de uma minoria ai tudo bem relativo isso.",True
bertimbau_pt,sem_instrucao,1,0,5894,Estão querendo prender Lula de novo.,True
bertimbau_pt,sem_instrucao,0,1,2774,"Não tenha dúvidas, sem capim está sempre a sua disposição 😂😢",True
bertimbau_pt,sem_instrucao,1,0,5418,"E por falar nisso, e a delação do paloci????",True
bertimbau_pt,sem_instrucao,1,0,4673,Cada uma viu ninguém merece já chega,True
bertimbau_pt,sem_instrucao,1,0,5661,Esses filhos vão acabar com o mandato do pai,True
bertimbau_pt,sem_instrucao,1,0,4396,"Que absurdo, não sei como tem gente q assiste esse cara, e ainda acham graça 😔",True
bertimbau_pt,sem_instrucao,1,0,6094,Quando ele vai ouvir musk na polícia federal kkkkkk,True
bertimbau_pt,sem_instrucao,1,0,6609,"Um abraço, nossa corajosa representante na luta contra as mentiras que assolam o nosso país.",True
bertimbau_pt,sem_instrucao,1,0,4741,Gente em que mundo estamos... Como um cara que é pastor pede as pessoas para atacar alguém?,True
bertimbau_pt,sem_instrucao,0,1,977,@alice.lavigne.3388 NOJO! por isso prefiro assistir o fantástico aos fins de domingo. Porque contém informações e conteúdos!,True
bertimbau_pt,sem_instrucao,0,1,2641,Manda ela capinar uma roça e vai vc tbm,True
bertimbau_pt,sem_instrucao,1,0,3763,"Q top, o Haddad é professor, gênio, prefeito, capacitado pra ser presidente, etc e tem um cara q acha q indíos jogaram fogo na casa deles mesmos",True
bertimbau_pt,sem_instrucao,1,0,6182,"Dia 8 de Março, dia de luta, dia das lutadoras, dias das revolucionárias! Viva o 8 de Março!",True
bertimbau_pt,sem_instrucao,0,1,662,"Sei não hein!? Pertinente, porém vejo um desvio de pensamento arquitetado aí!",True
bertimbau_pt,sem_instrucao,1,0,3953,Desfazem tudo que o presidente Bolsonaro faz !!! Que sentido faz ?,True
bertimbau_pt,sem_instrucao,0,1,2254,"Eu acho, que o filho do presidente , é seu maior impecilio , o presidente perde muito tempo tentando explicar as burrice filho errrr.",True
bertimbau_pt,sem_instrucao,1,0,5562,Os filhos do Presidente só criam problemas .... corta a mesada deles ....,True
bertimbau_pt,sem_instrucao,0,1,116,A única coisa que no momento a esquerda faz é rosnar!!,True
bertimbau_pt,sem_instrucao,1,0,4377,Mds! Até quando vão permitir isso com as mulheres desse país?!!!,True
bertimbau_pt,sem_instrucao,1,0,3687,"@matthews_salles Que bobagem! O Glen ñ precisa da proteçao de ninguem! O flavinho, sim!",True
bertimbau_pt,sem_instrucao,0,1,2342,So negros morrem no Brasil? Bandido nao escolhe cor!,True
bertimbau_pt,sem_instrucao,0,1,354,Ele está certo. Vai ter um monte de argentino faminto invadindo aqui,True
bertimbau_pt,sem_instrucao,1,0,6409,Kkkkk Mais afiado que tramontina😂💚💛,True
bertimbau_pt,sem_instrucao,1,0,5601,É isso! Mas eles acham q é perseguição pessoal,True
bertimbau_pt,sem_instrucao,1,0,3556,"Não entendi o post. Está enaltecendo a invasão da Polônia pelos alemães que culminou na maior guerra planetária da história, com opressão a judeus, ciganos, negros e homossexuais?",True
bertimbau_pt,sem_instrucao,1,0,6274,Os Robin Hood's do Brasil,True
bertimbau_pt,sem_instrucao,1,0,3768,Pra ganhar a eleição teve que prender Lula sem provas .....,True
bertimbau_pt,sem_instrucao,0,1,661,Parabéns a garotinha do George Sorus. Uma laranjinha sendo usada pelas grandes corporações parabéns a menina usada por sua mãe e as gigantes de seu contrato.,True
bertimbau_pt,sem_instrucao,0,1,1760,Tira o nome de Jesus da boca.,True
bertimbau_pt,sem_instrucao,0,1,3231,@elshaday.morrinhos pó de merda😂😂😂,True
bertimbau_pt,sem_instrucao,1,0,6156,"É fato, o assassinato de Marielle e Anderson, os cargos ocupados pelos suspeitos envolvidos, assim como, as pessoas afastadas das investigações, deixa claro que o crime organizado faz parte da estrutura do Estado do Rio de Janeiro. Parabéns a PF pela seriedade do trabalho! #judticapormarielleeanderson",True
bertimbau_pt,sem_instrucao,0,1,3369,"@marcelosousa1994 chora de que ? Ta todo mundo afundado no mesmo barco ue , em vez de ficar ai mamando ovo de político taxador dos mais pobres va procurar cobra-los.",True
bertimbau_pt,sem_instrucao,1,0,3517,"Viva Bolsonaro! Moro Herói Nacional!! Recorde de empregos, menor taxa Selic, maior infraestrutura, privatização! Viva o Novo Brasil!!",True
bertimbau_pt,sem_instrucao,0,1,690,"Agora vai ser assim "" votem em quem eu indicar"" pelo amor de Deus para de frescura no toba e deixa o povo votar",True
bertimbau_pt,sem_instrucao,1,0,6059,"Projeto do George Soros, patrocinador da esquerda no mundo.",True
bertimbau_pt,sem_instrucao,0,1,2832,"Tô com meu presidente, está Maria mijona quer meter o bedelho no país dos outros, por que ela não investe toda essa força pra reflorestar o país dela, falar do país dos outros é fácil, agora tá todo mundo preocupado com o nosso verde e outras coisas mais, acho que se ela não nos encher é melhor, manda ver presidente, nós te apoiamos.",True
bertimbau_pt,sem_instrucao,1,0,3539,É sério que estão comemorando a invasão dos nazistas????? Caramba...... Decepção!!!!!!!,True
bertimbau_pt,sem_instrucao,0,1,680,"A grande destruição ambiental no Brasil ocorreu principalmente durante os anos que a europa nos colonizava e hj europeu vem nos dar lição de moral, isso é um grande hipocrisia. Deixando claro que votei em Haddad Nordeste13",True
bertimbau_pt,sem_instrucao,0,1,2006,Parabéns aos envolvidos! Faz arminha e grita mito.,True
bertimbau_pt,sem_instrucao,0,1,256,"Vai cuidar do seu quintal, que o nosso a gente cuida,,corrupta😤",True
bertimbau_pt,sem_instrucao,1,0,5853,Tem dinheiro... responde em liberdade 😡 lamentável,True
bertimbau_pt,sem_instrucao,0,1,2840,Tem mtas outras pessoas q realmente merecem destaque!!! menos essa tal de Greta🙄,True
bertimbau_pt,sem_instrucao,0,1,1568,"Aqui na Bahia se chama ""CRENTE DO CU QUENTE""",True
bertimbau_pt,sem_instrucao,1,0,5528,"Esses filhos foram criados dessa maneira, falando o que pensam. Esquecem que estão no comando de uma grande nação. Precisam todos eles pensar melhor antes de falar.",True
bertimbau_pt,sem_instrucao,1,0,5447,É o mito dos trabalhador,True
bertimbau_pt,sem_instrucao,0,1,2258,Os filhos do nosso Presidente poderiam calar à boca!!!,True
bertimbau_pt,sem_instrucao,1,0,6194,Não dê isenção a pastores!!!!,True
bertimbau_pt,sem_instrucao,1,0,6797,"O Ministro do Trabalho, Luiz Marinho, planeja propor ao Conselho Curador do Fundo de Garantia por Tempo de Serviço (FGTS), a suspensão da antecipação do saque-aniversário. Essa medida funciona como um empréstimo bancário, com um limite de juros de 2,05% ao mês, que é significativamente menor do que os juros do cheque especial e do rotativo do cartão de crédito.",True
bertimbau_pt,sem_instrucao,1,0,3761,Já tá na hora de gravar vídeo com os caras da Galãs Feios,True
bertimbau_pt,sem_instrucao,1,0,3960,Não tô entendendo mais nada!😠,True
bertimbau_pt,sem_instrucao,0,1,462,"Eu tenho ranço desse estocador de cocô, mas entendi o que ele quis dizer em relação à Roraima. A população desse estado teve muitos problemas com os imigrantes venezuelanos. Agora ele errou ao dizer, que um governo de esquerda na Argentina faria isso, está mais fácil a gente emigrar para lá se isso acontecer.",True
bertimbau_pt,sem_instrucao,1,0,6196,"Não se iluda, aqueles que defendem a censura na Internet, não estão preocupados com as notícias falsas (fake news) e sim com as notícias verdadeiras! Censura nunca mais ! Chega de ditaduras",True
bertimbau_pt,sem_instrucao,1,0,5637,é preciso pensar 10 X antes de falar para depois ter que pedir desculpas . Certos Bolsonaros deviam aprender isso . um leão nuca pede desculpas ..,True
bertimbau_pt,sem_instrucao,1,0,4939,"Noh coisa feia duas deputadas do mesmo partido , com essas brigas sem fundamento.",True
bertimbau_pt,sem_instrucao,0,1,3279,"Eu quero mais mulheres na política, mas que não sejam iguais a você.",True
bertimbau_pt,sem_instrucao,0,1,375,Esse presidente e um louko,True
bertimbau_pt,sem_instrucao,0,1,1146,Aceitar comentários de Minions é de uma grandeza absoluta... só por isso tem meu voto eternamente,True
bertimbau_pt,sem_instrucao,1,0,6844,Dengue precisa e de vacina né de vídeo bonito não cadê as vacina,True
bertimbau_pt,sem_instrucao,1,0,3967,"Tem que divulgar a lista dos parlamentares que derrubaram o veto, e o povo tem que fazer barulho e nas próximas eleições derrubar a todos eles nas urnas, é hora de dar um basta em tudo isso.",True
bertimbau_pt,sem_instrucao,1,0,3520,É de esquerda? Sem explicações.,True
bertimbau_pt,sem_instrucao,0,1,2750,Estamos vendo que 💩 é a TIME afinal só olhar o dono. E como boa puxa saco de editor acha justo...precisa conhecer @boyanslat e entender o que é relevância de PERSONALIDADE EM MEIO AMBIENTE MUNDIAL!,True
bertimbau_pt,sem_instrucao,0,1,3444,@crisflorais orgulho de levar no rabicó ne,True
bertimbau_pt,sem_instrucao,1,0,4550,Deus é contigo @damaresalvesoficial1 . Isso é o cúmulo do absurdo,True
bertimbau_pt,sem_instrucao,0,1,307,@ricardobedendo Vc ainda ñ caiu fora? Va seguir seu jegue!,True
bertimbau_pt,instrucao_manual,1,0,5540,So tem petistas aqui agora kkk,True
bertimbau_pt,instrucao_manual,0,1,2452,Que seja condenado,True
bertimbau_pt,instrucao_manual,1,0,6800,"O ministro do Trabalho e Emprego, Luiz Marinho, se autonomeou para o Conselho Fiscal do Serviço Social do Comércio (Sesc), no lugar do Gilberto Carvalho, ex-ministro no governo de Dilma Rousseff. O salário pode chegar a R$ 28,6 mil se ele comparecer a todas as reuniões, e é cumulativo ao salário de ministro. Por cada participação em uma das seis reuniões mensais do Conselho, Marinho receberá R$ 4,7 mil.",True
bertimbau_pt,instrucao_manual,1,0,6750,Chic esses filhos do mito 👏👏,True
bertimbau_pt,instrucao_manual,1,0,3901,Tem que rir para não chorar...😢😂,True
bertimbau_pt,instrucao_manual,0,1,451,"Daqui a pouco o povo brasileiro que vai migrar pra outros lugares, migração em massa. Com esse governo ridículo autoritário e idiota.",True
bertimbau_pt,instrucao_manual,0,1,906,"Ai5 é meus ovos , entrevista de qualidade de gente sem cérebro🍊🍊🍊🍊🍊🍊🍊🍊",True
bertimbau_pt,instrucao_manual,0,1,2425,Pra todos nós que Samos milhões de negros nessi país incruindo eu esse miZeravel tem que ser punido pela lei isso e inaceitável🇧🇷🇧🇷🇧🇷🇧🇷🇧🇷🇧🇷🇧🇷🇧🇷,True
bertimbau_pt,instrucao_manual,1,0,6114,A ordem é arrecadar o máximo,True
bertimbau_pt,instrucao_manual,1,0,4641,"Que absurdo contra essa mulher,ministra ou nao.",True
bertimbau_pt,instrucao_manual,1,0,4259,Gato que homen lindo🔥🔥🔥🔥🔥,True
bertimbau_pt,instrucao_manual,1,0,6283,"Ao fim dos privilégios tbm e que todos os políticos passem a pagar seus planos de saúde, INSS e impostos de renda... Que peguem seus próprios alugueis e suas próprias roupas. Afinal políticos tem algum gasto? Pra que tem salários?",True
bertimbau_pt,instrucao_manual,1,0,4901,Haudad até hoje a ficha não caiu 😓😓😢,True
bertimbau_pt,instrucao_manual,1,0,3803,@lauraisv tá ofendendo seu país aqui amiga,True
bertimbau_pt,instrucao_manual,1,0,5754,Benedita não se altere porque esse ato cometido foi por gente que tem alma escura !,True
bertimbau_pt,instrucao_manual,0,1,1891,"Que bom que,as máscaras estão caindo rápido.",True
bertimbau_pt,instrucao_manual,0,1,1816,#DEPUTADADECEPÇÃOTRAÍRA,True
bertimbau_pt,instrucao_manual,1,0,4492,Dupla imbatível nas argumentações inteligentes contra esse governo desgovernado que estamos pagando....aff,True
bertimbau_pt,instrucao_manual,0,1,1969,Aqui não farroupilha!!!,True
bertimbau_pt,instrucao_manual,1,0,5602,Correta afirmação! Estao areimando argumentos e justificativas para os contrarios usarem de artificio para derruba los,True
bertimbau_pt,instrucao_manual,1,0,4751,Triste realidade do brasil,True
bertimbau_pt,instrucao_manual,1,0,3551,"Cara, você tem noção de quem ordenou essa invasão da Polonia!?!?🙁😣",True
bertimbau_pt,instrucao_manual,0,1,1925,"A Joyce só pode estar ""surtando""!!! 😱😱😱",True
bertimbau_pt,instrucao_manual,1,0,6550,"@paulorobertoalbuquerqueoliv , prezado, tu ainda está nesse viagem?",True
bertimbau_pt,instrucao_manual,0,1,428,"Certeza q a esquerda eh doente. Apoio a maduro, Cristina. Só pode ser doença",True
bertimbau_pt,instrucao_manual,1,0,5700,Respeitem aqueles que saem todos os dias de casa pra nos defender. Respeitem a policia brasileira.,True
bertimbau_pt,instrucao_manual,0,1,1063,"@maisa vamos tesouro, ñ se misture com essa gentalha 🥺",True
bertimbau_pt,instrucao_manual,0,1,632,Até quando o STF vai trabalhar contra o país?,True
bertimbau_pt,instrucao_manual,1,0,3919,Lei da mordaça,True
bertimbau_pt,instrucao_manual,1,0,4619,"Que absurdo fizeram com ela,o Brasil precisa de você,e está fazendo um ótimo trabalho,indo atrás de pedófilos que estupram até bebês.",True
bertimbau_pt,instrucao_manual,0,1,1477,Não vou acionar o áudio porque não aguento a voz e o conteúdo dito pelo carniça.,True
bertimbau_pt,instrucao_manual,0,1,851,"Parabéns, ex presidente inelegível. Quem sabe no seu próximo aniversário vai comemorar na Papuda. 😂😂😂",True
bertimbau_pt,instrucao_manual,1,0,7000,"Agradecer a Deus por colocar esses anjos para defender o povo honesto do Brasil, estamos juntos nessa luta, povo unido.Vomos nos unir em oração para que Deus proteja vocês.",True
bertimbau_pt,instrucao_manual,0,1,1637,"Quando a gente acha que uma pessoa não consegue ser mais zé ruéla do que já é, vem o cara e se supera.",True
bertimbau_pt,instrucao_manual,0,1,1943,"Cortei inúmeras páginas que não é oficial, tem comunista que entra nesses grupos que fazem campanha até para não comer carne, é bom aí sobra e os produtores exportam mais ,E a greve segunda feira?.",True
bertimbau_pt,instrucao_manual,1,0,5949,😂😂😂👏👏👏vc vai ser juíza do lula .imaginando,True
bertimbau_pt,instrucao_manual,1,0,5934,Afinal o sítio não é dele kkkkkkkkkkkkk,True
bertimbau_pt,instrucao_manual,1,0,3756,Vai mostra as provas que é inocente 👏👏👏😆😆😆😆😆😆😆,True
bertimbau_pt,instrucao_manual,0,1,413,O que esperar de um NAZISTA?,True
bertimbau_pt,instrucao_manual,1,0,5762,Um desgaste muito grande para o congresso nacional tem que ser punido severamente.,True
bertimbau_pt,instrucao_manual,1,0,4379,O pior é que as pessoas acham graça,True
bertimbau_pt,instrucao_manual,0,1,1272,Jornalistas podres👏👏👏👏🇧🇷🇧🇷🇧🇷 #somostodosdanares💓💓💓❤️,True
bertimbau_pt,instrucao_manual,1,0,6201,"@fernandohaddadoficial PRESIDENTE ARTHUR LIRA, NÓS 38 MILHÕES DE APOSENTADOS E PENSIONISTAS GOSTARÍAMOS DE SABER O PORQUÊ DO DEPUTADO ESTÁ IGNORANDO OS ARTIGOS 154 E 155 DO RICD, QUE JÁ TEM REQUERIMENTO APOIADO POR 257 DEPUTADOS DESDE O DIA 11/09 E ATÉ AGORA O DEPUTADO NÃO MARCOU PAUTA PARA O PROJETO DE QUE DEVERIA TER SIDO PAUTADO NA ORDEM DO DIA, E COMO ESTÁ A REDAÇÃO DO REQUERIMENTO 2973/2023 DO DEPUTADO POMPEO DE MATTOS, QUEREMOS UMA POSIÇÃO VOSSA DEPUTADO. O POVO QUE ELEGEU O SENHOR PRESIDENTE DESSA CASA LEGISLATIVA POIS FOI ATRAVÉS DE VOTOS DE PARLAMENTARES ELEITOS PELO POVO QUE O DEPUTADO FOI ELEITO PRESIDENTE. ENTÃO NOS RESPONDA PORQUÊ O DEPUTADO IGNORA O REGIMENTO INTERNO DA CASA? TRABALHAR EM PTOL DO POVO E COLOCAR O PL4434/2008 EM VOTAÇÃO. APOSENTADO E PENSIONISTAS EDTAO DESEPERADOS COM O REAJUSTE 3 71 FACA PELO POVO.",True
bertimbau_pt,instrucao_manual,0,1,3091,"@matthews_salles Errar é humano, persistir no êrro, é burrice! Vai se preparando q o seu choro ñ demora",True
bertimbau_pt,instrucao_manual,0,1,2295,"Realmente , seria mais sensato que os filhos do Presidente permanecessem calados!!! 👍",True
bertimbau_pt,instrucao_manual,1,0,5973,Nem era pra ter sido preso! #LulaInocente ❤️🇧🇷💚,True
bertimbau_pt,instrucao_manual,0,1,3210,Tomar o diploma dele,True
bertimbau_pt,instrucao_manual,1,0,5692,"Nunca houve isso no Brasil o Bolsonaro semeou está descriminação contra a os negros ,os gays, contra a todos. O quê que este homem aínda está fazendo no governo.",True
bertimbau_pt,instrucao_manual,0,1,2320,"Se arrependimento matasse, eu e todos meus amigos e familiares a quem incentivei que votassem em vc estaríamos mortos!! 🤮",True
bertimbau_pt,instrucao_manual,1,0,6141,@joaoamgomes Por que os petistas têm tanto medo de investigarem a morte do Celso Daniel?,True
bertimbau_pt,instrucao_manual,0,1,3276,"O grupo é grande, com certeza tem mais políticos no meio.",True
bertimbau_pt,instrucao_manual,0,1,3237,"O tombo vai ser grande, eu vou aplaudir de pé.",True
bertimbau_pt,instrucao_manual,0,1,3146,Kkkkk bem afrontoso👏👏👏👏👏👏🙌,True
bertimbau_pt,instrucao_manual,0,1,3114,🤣🤣🤣🤣🤣ser desmentida ao vivo não tem preço!!!🤣🤣🔝🇧🇷,True
bertimbau_pt,instrucao_manual,0,1,1960,"Ai vem a hipocrisia, sou contra concurso de beleza pois mulher não é objeto, ok mas se a vencedora for Negra, ou qualquer representante de uma minoria ai tudo bem relativo isso.",True
bertimbau_pt,instrucao_manual,0,1,2049,VÃO TRABALHAR VAGABUNDOS,True
bertimbau_pt,instrucao_manual,1,0,5894,Estão querendo prender Lula de novo.,True
bertimbau_pt,instrucao_manual,0,1,2774,"Não tenha dúvidas, sem capim está sempre a sua disposição 😂😢",True
bertimbau_pt,instrucao_manual,0,1,2033,Governo golpista 😠😠😠,True
bertimbau_pt,instrucao_manual,1,0,4673,Cada uma viu ninguém merece já chega,True
bertimbau_pt,instrucao_manual,1,0,5661,Esses filhos vão acabar com o mandato do pai,True
bertimbau_pt,instrucao_manual,1,0,4396,"Que absurdo, não sei como tem gente q assiste esse cara, e ainda acham graça 😔",True
bertimbau_pt,instrucao_manual,1,0,6094,Quando ele vai ouvir musk na polícia federal kkkkkk,True
bertimbau_pt,instrucao_manual,1,0,4741,Gente em que mundo estamos... Como um cara que é pastor pede as pessoas para atacar alguém?,True
bertimbau_pt,instrucao_manual,0,1,977,@alice.lavigne.3388 NOJO! por isso prefiro assistir o fantástico aos fins de domingo. Porque contém informações e conteúdos!,True
bertimbau_pt,instrucao_manual,1,0,6021,"A estratégia de Soros é apoiar movimentos de protesto que minam os nacionalismos, colocando acima as reivindicações sociais globais, que desafiam os governos progressistas com um senso de pátria. De pertencer a um território e uma cultura. Malala e Greta fazem parte dessa estratégia, embora a mídia corporativa do mundo esteja focada em saber se a garota escandinava pode retornar de veleiro, mula ou skate para sua escola sueca, para não se contaminar no caminho de volta.",True
bertimbau_pt,instrucao_manual,1,0,3763,"Q top, o Haddad é professor, gênio, prefeito, capacitado pra ser presidente, etc e tem um cara q acha q indíos jogaram fogo na casa deles mesmos",True
bertimbau_pt,instrucao_manual,0,1,2473,"E a mentira rolando,também o pai da mentira e o 😈",True
bertimbau_pt,instrucao_manual,0,1,662,"Sei não hein!? Pertinente, porém vejo um desvio de pensamento arquitetado aí!",True
bertimbau_pt,instrucao_manual,1,0,3953,Desfazem tudo que o presidente Bolsonaro faz !!! Que sentido faz ?,True
bertimbau_pt,instrucao_manual,1,0,6211,@lu_cianoramos vai se taxado em 92% pra respirar,True
bertimbau_pt,instrucao_manual,1,0,5562,Os filhos do Presidente só criam problemas .... corta a mesada deles ....,True
bertimbau_pt,instrucao_manual,1,0,4371,Cadê a Damares e a igreja para proteger as crianças ?,True
bertimbau_pt,instrucao_manual,1,0,4229,Lindao arrebenta,True
bertimbau_pt,instrucao_manual,1,0,3522,Devia ter tido pena ANTES... bem ANTES 🤬,True
bertimbau_pt,instrucao_manual,1,0,4377,Mds! Até quando vão permitir isso com as mulheres desse país?!!!,True
bertimbau_pt,instrucao_manual,1,0,3694,Dois feras ❤️,True
bertimbau_pt,instrucao_manual,1,0,3687,"@matthews_salles Que bobagem! O Glen ñ precisa da proteçao de ninguem! O flavinho, sim!",True
bertimbau_pt,instrucao_manual,0,1,354,Ele está certo. Vai ter um monte de argentino faminto invadindo aqui,True
bertimbau_pt,instrucao_manual,1,0,3556,"Não entendi o post. Está enaltecendo a invasão da Polônia pelos alemães que culminou na maior guerra planetária da história, com opressão a judeus, ciganos, negros e homossexuais?",True
bertimbau_pt,instrucao_manual,1,0,6274,Os Robin Hood's do Brasil,True
bertimbau_pt,instrucao_manual,1,0,5180,"Esse negócio de mulher NEGRA está por fora. Foi escolhida uma MULHER LINDA do continente africano. Mulher é mulher. Ou ela é diferente das outras por causa da sua cor. É mais sensual, mais carinhosa, mais inteligente...???",True
bertimbau_pt,instrucao_manual,1,0,3768,Pra ganhar a eleição teve que prender Lula sem provas .....,True
bertimbau_pt,instrucao_manual,0,1,661,Parabéns a garotinha do George Sorus. Uma laranjinha sendo usada pelas grandes corporações parabéns a menina usada por sua mãe e as gigantes de seu contrato.,True
bertimbau_pt,instrucao_manual,0,1,1760,Tira o nome de Jesus da boca.,True
bertimbau_pt,instrucao_manual,0,1,3231,@elshaday.morrinhos pó de merda😂😂😂,True
bertimbau_pt,instrucao_manual,1,0,4117,Não esqueça de hidratar as crianças @antoniocesar_ @soraiabcavalcante @bolgue @gutastresser @joyluix @carlorfreire,True
bertimbau_pt,instrucao_manual,1,0,4141,Ricardo Coutinho você é o cara minha expiração 🙌🙌🙌,True
bertimbau_pt,instrucao_manual,0,1,1402,Devia ter vergonha em falar a palavra honra,True
bertimbau_pt,instrucao_manual,0,1,1051,Noja comprando a inocência dessas meninas! 😠😠😠🤮🤮🤮🤮🤮🤮🤮🤮,True
bertimbau_pt,instrucao_manual,1,0,6059,"Projeto do George Soros, patrocinador da esquerda no mundo.",True
bertimbau_pt,instrucao_manual,1,0,3539,É sério que estão comemorando a invasão dos nazistas????? Caramba...... Decepção!!!!!!!,True
bertimbau_pt,instrucao_manual,0,1,680,"A grande destruição ambiental no Brasil ocorreu principalmente durante os anos que a europa nos colonizava e hj europeu vem nos dar lição de moral, isso é um grande hipocrisia. Deixando claro que votei em Haddad Nordeste13",True
bertimbau_pt,instrucao_manual,0,1,2006,Parabéns aos envolvidos! Faz arminha e grita mito.,True
bertimbau_pt,instrucao_manual,0,1,256,"Vai cuidar do seu quintal, que o nosso a gente cuida,,corrupta😤",True
bertimbau_pt,instrucao_manual,0,1,495,Ainda bem que do PT e do Lula Ladrao só falamos a verdade.,True
bertimbau_pt,instrucao_manual,1,0,5853,Tem dinheiro... responde em liberdade 😡 lamentável,True
bertimbau_pt,instrucao_manual,0,1,2840,Tem mtas outras pessoas q realmente merecem destaque!!! menos essa tal de Greta🙄,True
bertimbau_pt,instrucao_manual,0,1,2484,Lula na cadeia já !!!,True
bertimbau_pt,instrucao_manual,1,0,5447,É o mito dos trabalhador,True
bertimbau_pt,instrucao_manual,0,1,2258,Os filhos do nosso Presidente poderiam calar à boca!!!,True
bertimbau_pt,instrucao_manual,1,0,6194,Não dê isenção a pastores!!!!,True
bertimbau_pt,instrucao_manual,1,0,3761,Já tá na hora de gravar vídeo com os caras da Galãs Feios,True
bertimbau_pt,instrucao_manual,1,0,3960,Não tô entendendo mais nada!😠,True
bertimbau_pt,instrucao_manual,1,0,5637,é preciso pensar 10 X antes de falar para depois ter que pedir desculpas . Certos Bolsonaros deviam aprender isso . um leão nuca pede desculpas ..,True
bertimbau_pt,instrucao_manual,1,0,4939,"Noh coisa feia duas deputadas do mesmo partido , com essas brigas sem fundamento.",True
bertimbau_pt,instrucao_manual,0,1,3279,"Eu quero mais mulheres na política, mas que não sejam iguais a você.",True
bertimbau_pt,instrucao_manual,0,1,1146,Aceitar comentários de Minions é de uma grandeza absoluta... só por isso tem meu voto eternamente,True
bertimbau_pt,instrucao_manual,1,0,3967,"Tem que divulgar a lista dos parlamentares que derrubaram o veto, e o povo tem que fazer barulho e nas próximas eleições derrubar a todos eles nas urnas, é hora de dar um basta em tudo isso.",True
bertimbau_pt,instrucao_manual,1,0,3520,É de esquerda? Sem explicações.,True
bertimbau_pt,instrucao_manual,0,1,2750,Estamos vendo que 💩 é a TIME afinal só olhar o dono. E como boa puxa saco de editor acha justo...precisa conhecer @boyanslat e entender o que é relevância de PERSONALIDADE EM MEIO AMBIENTE MUNDIAL!,True
bertimbau_pt,instrucao_manual,1,0,4550,Deus é contigo @damaresalvesoficial1 . Isso é o cúmulo do absurdo,True
bertimbau_pt,instrucao_automatica,1,0,5540,So tem petistas aqui agora kkk,True
bertimbau_pt,instrucao_automatica,1,0,4224,que lindo cortou cabelo,True
bertimbau_pt,instrucao_automatica,1,0,4855,Eternas SAUDDADS,True
bertimbau_pt,instrucao_automatica,1,0,6800,"O ministro do Trabalho e Emprego, Luiz Marinho, se autonomeou para o Conselho Fiscal do Serviço Social do Comércio (Sesc), no lugar do Gilberto Carvalho, ex-ministro no governo de Dilma Rousseff. O salário pode chegar a R$ 28,6 mil se ele comparecer a todas as reuniões, e é cumulativo ao salário de ministro. Por cada participação em uma das seis reuniões mensais do Conselho, Marinho receberá R$ 4,7 mil.",True
bertimbau_pt,instrucao_automatica,1,0,5470,Também acho. Esse cara fala demais. Os filhos do bolsonaro acabam enfraquecendo o governo. Sempre disse issso desde o começo,True
bertimbau_pt,instrucao_automatica,1,0,3838,Como um presidente faz esse tipo de comentário? Depreciando um estado 🤦🏼‍♀️,True
bertimbau_pt,instrucao_automatica,0,1,452,Que dia é o impeachment desse senhor mesmo? Já deu 💩💩💩💩💩💩💩💩💩💩💩💩💩💩,True
bertimbau_pt,instrucao_automatica,0,1,2456,"Não aguento mais . Pelo amor de Deus , nesse País os poros dessas pessoas que respira Lula Credo! Chou coisa ruim . Oremos para vê se pensam em coisa sadia 🙏🙏",True
bertimbau_pt,instrucao_automatica,0,1,3176,Cade os Bolsominions defendendo? Cade a espuma? Kkkkk Silêncio,True
bertimbau_pt,instrucao_automatica,1,0,6561,"O AMAZONAS AGONIZA MAIS UMA VEZ, AGORA É QUALIDADE PÉSSIMA DE AR RELACIONADA A FUMAÇA CONSEQUÊNCIA DAS QUEIMADAS PROMOVIDA PELA AÇÃO HUMANA. Os humanos destruindo nosso meio ambiente, os animais que lá habitam e nos sufocando com essa fumaça insuportável",True
bertimbau_pt,instrucao_automatica,0,1,2425,Pra todos nós que Samos milhões de negros nessi país incruindo eu esse miZeravel tem que ser punido pela lei isso e inaceitável🇧🇷🇧🇷🇧🇷🇧🇷🇧🇷🇧🇷🇧🇷🇧🇷,True
bertimbau_pt,instrucao_automatica,0,1,198,Essa é pior que o pai.,True
bertimbau_pt,instrucao_automatica,1,0,4364,"""Vcs que fazem parte dessa massa"" 😞",True
bertimbau_pt,instrucao_automatica,1,0,4641,"Que absurdo contra essa mulher,ministra ou nao.",True
bertimbau_pt,instrucao_automatica,1,0,6283,"Ao fim dos privilégios tbm e que todos os políticos passem a pagar seus planos de saúde, INSS e impostos de renda... Que peguem seus próprios alugueis e suas próprias roupas. Afinal políticos tem algum gasto? Pra que tem salários?",True
bertimbau_pt,instrucao_automatica,0,1,3160,"Ele nao para , me impressiona a quantidade de pessoas que ainda pertencem a esse bloco que se auto intitula direita , sinceramente ...",True
bertimbau_pt,instrucao_automatica,1,0,5754,Benedita não se altere porque esse ato cometido foi por gente que tem alma escura !,True
bertimbau_pt,instrucao_automatica,0,1,1891,"Que bom que,as máscaras estão caindo rápido.",True
bertimbau_pt,instrucao_automatica,1,0,4492,Dupla imbatível nas argumentações inteligentes contra esse governo desgovernado que estamos pagando....aff,True
bertimbau_pt,instrucao_automatica,0,1,3462,Impressionante!!! De doer ouvir estas barbaridades !,True
bertimbau_pt,instrucao_automatica,0,1,3085,"Eu n sabia da propina. Meu Deus, qta sujeira😳",True
bertimbau_pt,instrucao_automatica,1,0,4751,Triste realidade do brasil,True
bertimbau_pt,instrucao_automatica,1,0,3551,"Cara, você tem noção de quem ordenou essa invasão da Polonia!?!?🙁😣",True
bertimbau_pt,instrucao_automatica,1,0,6550,"@paulorobertoalbuquerqueoliv , prezado, tu ainda está nesse viagem?",True
bertimbau_pt,instrucao_automatica,0,1,709,"Enquanto um protege nossas riquezas, o outro se preocupa com o cú alheio",True
bertimbau_pt,instrucao_automatica,0,1,649,"Para que tanta inveja Muié, o povo tem que manifestar mesmo para provar que Bolsonaro é mais amado que o *L* o persona non grata, aceita que dói menos tá?",True
bertimbau_pt,instrucao_automatica,0,1,632,Até quando o STF vai trabalhar contra o país?,True
bertimbau_pt,instrucao_automatica,1,0,3919,Lei da mordaça,True
bertimbau_pt,instrucao_automatica,1,0,4619,"Que absurdo fizeram com ela,o Brasil precisa de você,e está fazendo um ótimo trabalho,indo atrás de pedófilos que estupram até bebês.",True
bertimbau_pt,instrucao_automatica,0,1,1477,Não vou acionar o áudio porque não aguento a voz e o conteúdo dito pelo carniça.,True
bertimbau_pt,instrucao_automatica,1,0,4361,Cadê a Damaris que não se posiciona? 😂😂😂😂😂,True
bertimbau_pt,instrucao_automatica,0,1,3341,O pior Econômica. Vocês vão quebrar o Brasil,True
bertimbau_pt,instrucao_automatica,0,1,2201,Podia deixar o cara em paz. Inveja da peste. Mágoa reprimida.,True
bertimbau_pt,instrucao_automatica,0,1,1637,"Quando a gente acha que uma pessoa não consegue ser mais zé ruéla do que já é, vem o cara e se supera.",True
bertimbau_pt,instrucao_automatica,1,0,4532,Isso é um tipo de violência contra a MULHER MINISTRA DAMARES. Tem q ser tomada uma providência.,True
bertimbau_pt,instrucao_automatica,0,1,1943,"Cortei inúmeras páginas que não é oficial, tem comunista que entra nesses grupos que fazem campanha até para não comer carne, é bom aí sobra e os produtores exportam mais ,E a greve segunda feira?.",True
bertimbau_pt,instrucao_automatica,1,0,5949,😂😂😂👏👏👏vc vai ser juíza do lula .imaginando,True
bertimbau_pt,instrucao_automatica,0,1,349,Será q o Bozo e seus filhos tb vão fraudar as eleições da Argentina??,True
bertimbau_pt,instrucao_automatica,1,0,5934,Afinal o sítio não é dele kkkkkkkkkkkkk,True
bertimbau_pt,instrucao_automatica,1,0,5666,"Verdade , é tudo que os inimigos querem",True
bertimbau_pt,instrucao_automatica,0,1,2257,Outra q não vou e essa Janaína fica em cima do muro o lado q tá ganhando e q ela vai,True
bertimbau_pt,instrucao_automatica,0,1,413,O que esperar de um NAZISTA?,True
bertimbau_pt,instrucao_automatica,1,0,5762,Um desgaste muito grande para o congresso nacional tem que ser punido severamente.,True
bertimbau_pt,instrucao_automatica,1,0,4379,O pior é que as pessoas acham graça,True
bertimbau_pt,instrucao_automatica,0,1,1433,Deus nos livre dos psicopatas,True
bertimbau_pt,instrucao_automatica,1,0,3897,@jairmessiasbolsonaro Deveria fazer procedimento dentário todos os dias,True
bertimbau_pt,instrucao_automatica,0,1,1272,Jornalistas podres👏👏👏👏🇧🇷🇧🇷🇧🇷 #somostodosdanares💓💓💓❤️,True
bertimbau_pt,instrucao_automatica,0,1,2309,Esses filhos parecem que querem destruir o pai.,True
bertimbau_pt,instrucao_automatica,1,0,6201,"@fernandohaddadoficial PRESIDENTE ARTHUR LIRA, NÓS 38 MILHÕES DE APOSENTADOS E PENSIONISTAS GOSTARÍAMOS DE SABER O PORQUÊ DO DEPUTADO ESTÁ IGNORANDO OS ARTIGOS 154 E 155 DO RICD, QUE JÁ TEM REQUERIMENTO APOIADO POR 257 DEPUTADOS DESDE O DIA 11/09 E ATÉ AGORA O DEPUTADO NÃO MARCOU PAUTA PARA O PROJETO DE QUE DEVERIA TER SIDO PAUTADO NA ORDEM DO DIA, E COMO ESTÁ A REDAÇÃO DO REQUERIMENTO 2973/2023 DO DEPUTADO POMPEO DE MATTOS, QUEREMOS UMA POSIÇÃO VOSSA DEPUTADO. O POVO QUE ELEGEU O SENHOR PRESIDENTE DESSA CASA LEGISLATIVA POIS FOI ATRAVÉS DE VOTOS DE PARLAMENTARES ELEITOS PELO POVO QUE O DEPUTADO FOI ELEITO PRESIDENTE. ENTÃO NOS RESPONDA PORQUÊ O DEPUTADO IGNORA O REGIMENTO INTERNO DA CASA? TRABALHAR EM PTOL DO POVO E COLOCAR O PL4434/2008 EM VOTAÇÃO. APOSENTADO E PENSIONISTAS EDTAO DESEPERADOS COM O REAJUSTE 3 71 FACA PELO POVO.",True
bertimbau_pt,instrucao_automatica,1,0,3836,"Eu quero ver se o Tramp perder, vai ser melhor ainda.",True
bertimbau_pt,instrucao_automatica,1,0,6842,"Na verdade, a maior mensagem que eu tirei da propaganda foi 'tenha cachorros em casa pra espantar a dengue'",True
bertimbau_pt,instrucao_automatica,0,1,3091,"@matthews_salles Errar é humano, persistir no êrro, é burrice! Vai se preparando q o seu choro ñ demora",True
bertimbau_pt,instrucao_automatica,1,0,5469,"Qualquer coisa que alguém da direita disser será desvirtuado para ser usado pela esquerda pra atacar. Ele citou um exemplo histórico que nós não queremos de volta mas pra isso o Brasil tem que se preparar, coisa que não fez na década de 60.🇧🇷",True
bertimbau_pt,instrucao_automatica,0,1,2295,"Realmente , seria mais sensato que os filhos do Presidente permanecessem calados!!! 👍",True
bertimbau_pt,instrucao_automatica,0,1,2232,Todos farinha do mesmo saco ...os que pensam q não são logo mais será... infelizmente 😠,True
bertimbau_pt,instrucao_automatica,0,1,3210,Tomar o diploma dele,True
bertimbau_pt,instrucao_automatica,1,0,5692,"Nunca houve isso no Brasil o Bolsonaro semeou está descriminação contra a os negros ,os gays, contra a todos. O quê que este homem aínda está fazendo no governo.",True
bertimbau_pt,instrucao_automatica,0,1,2320,"Se arrependimento matasse, eu e todos meus amigos e familiares a quem incentivei que votassem em vc estaríamos mortos!! 🤮",True
bertimbau_pt,instrucao_automatica,0,1,950,Silvio Santos é a cara do senhor do engenho,True
bertimbau_pt,instrucao_automatica,0,1,3276,"O grupo é grande, com certeza tem mais políticos no meio.",True
bertimbau_pt,instrucao_automatica,0,1,3237,"O tombo vai ser grande, eu vou aplaudir de pé.",True
bertimbau_pt,instrucao_automatica,0,1,3146,Kkkkk bem afrontoso👏👏👏👏👏👏🙌,True
bertimbau_pt,instrucao_automatica,0,1,1473,Isss aí @bolsonarosp 👏👏👏👏(Carniça humana!!!!! Lula)!!!!!,True
bertimbau_pt,instrucao_automatica,0,1,1960,"Ai vem a hipocrisia, sou contra concurso de beleza pois mulher não é objeto, ok mas se a vencedora for Negra, ou qualquer representante de uma minoria ai tudo bem relativo isso.",True
bertimbau_pt,instrucao_automatica,0,1,2049,VÃO TRABALHAR VAGABUNDOS,True
bertimbau_pt,instrucao_automatica,1,0,5894,Estão querendo prender Lula de novo.,True
bertimbau_pt,instrucao_automatica,1,0,5418,"E por falar nisso, e a delação do paloci????",True
bertimbau_pt,instrucao_automatica,1,0,5736,É tem negro defendendo essa barbárie!,True
bertimbau_pt,instrucao_automatica,1,0,5661,Esses filhos vão acabar com o mandato do pai,True
bertimbau_pt,instrucao_automatica,1,0,4396,"Que absurdo, não sei como tem gente q assiste esse cara, e ainda acham graça 😔",True
bertimbau_pt,instrucao_automatica,1,0,6094,Quando ele vai ouvir musk na polícia federal kkkkkk,True
bertimbau_pt,instrucao_automatica,1,0,4741,Gente em que mundo estamos... Como um cara que é pastor pede as pessoas para atacar alguém?,True
bertimbau_pt,instrucao_automatica,0,1,977,@alice.lavigne.3388 NOJO! por isso prefiro assistir o fantástico aos fins de domingo. Porque contém informações e conteúdos!,True
bertimbau_pt,instrucao_automatica,1,0,6021,"A estratégia de Soros é apoiar movimentos de protesto que minam os nacionalismos, colocando acima as reivindicações sociais globais, que desafiam os governos progressistas com um senso de pátria. De pertencer a um território e uma cultura. Malala e Greta fazem parte dessa estratégia, embora a mídia corporativa do mundo esteja focada em saber se a garota escandinava pode retornar de veleiro, mula ou skate para sua escola sueca, para não se contaminar no caminho de volta.",True
bertimbau_pt,instrucao_automatica,0,1,3167,"Absurdo o que ele tem feito, alguém tem que fazer parar😮😮😮😮😮",True
bertimbau_pt,instrucao_automatica,1,0,3763,"Q top, o Haddad é professor, gênio, prefeito, capacitado pra ser presidente, etc e tem um cara q acha q indíos jogaram fogo na casa deles mesmos",True
bertimbau_pt,instrucao_automatica,0,1,3303,"Vai arregar pros pastores, Haddad? Vc realmente acha que eles vāo deixar de perseguir a esquerda?",True
bertimbau_pt,instrucao_automatica,0,1,662,"Sei não hein!? Pertinente, porém vejo um desvio de pensamento arquitetado aí!",True
bertimbau_pt,instrucao_automatica,0,1,2266,Para com essa briga. Todo mundo erra. Seja compassiva com os outros. Ou aguentaremos os ladroes da esquerda.,True
bertimbau_pt,instrucao_automatica,1,0,3953,Desfazem tudo que o presidente Bolsonaro faz !!! Que sentido faz ?,True
bertimbau_pt,instrucao_automatica,1,0,6211,@lu_cianoramos vai se taxado em 92% pra respirar,True
bertimbau_pt,instrucao_automatica,1,0,5562,Os filhos do Presidente só criam problemas .... corta a mesada deles ....,True
bertimbau_pt,instrucao_automatica,0,1,1217,"Jornalistas babaca, somos todos Damares❤️❤️❤️",True
bertimbau_pt,instrucao_automatica,1,0,4229,Lindao arrebenta,True
bertimbau_pt,instrucao_automatica,1,0,4377,Mds! Até quando vão permitir isso com as mulheres desse país?!!!,True
bertimbau_pt,instrucao_automatica,1,0,3694,Dois feras ❤️,True
bertimbau_pt,instrucao_automatica,1,0,3687,"@matthews_salles Que bobagem! O Glen ñ precisa da proteçao de ninguem! O flavinho, sim!",True
bertimbau_pt,instrucao_automatica,0,1,2342,So negros morrem no Brasil? Bandido nao escolhe cor!,True
bertimbau_pt,instrucao_automatica,0,1,354,Ele está certo. Vai ter um monte de argentino faminto invadindo aqui,True
bertimbau_pt,instrucao_automatica,1,0,6409,Kkkkk Mais afiado que tramontina😂💚💛,True
bertimbau_pt,instrucao_automatica,1,0,6274,Os Robin Hood's do Brasil,True
bertimbau_pt,instrucao_automatica,0,1,661,Parabéns a garotinha do George Sorus. Uma laranjinha sendo usada pelas grandes corporações parabéns a menina usada por sua mãe e as gigantes de seu contrato.,True
bertimbau_pt,instrucao_automatica,0,1,2242,Cala boca Magda 🤦‍♀️,True
bertimbau_pt,instrucao_automatica,1,0,6156,"É fato, o assassinato de Marielle e Anderson, os cargos ocupados pelos suspeitos envolvidos, assim como, as pessoas afastadas das investigações, deixa claro que o crime organizado faz parte da estrutura do Estado do Rio de Janeiro. Parabéns a PF pela seriedade do trabalho! #judticapormarielleeanderson",True
bertimbau_pt,instrucao_automatica,1,0,4141,Ricardo Coutinho você é o cara minha expiração 🙌🙌🙌,True
bertimbau_pt,instrucao_automatica,0,1,3369,"@marcelosousa1994 chora de que ? Ta todo mundo afundado no mesmo barco ue , em vez de ficar ai mamando ovo de político taxador dos mais pobres va procurar cobra-los.",True
bertimbau_pt,instrucao_automatica,0,1,690,"Agora vai ser assim "" votem em quem eu indicar"" pelo amor de Deus para de frescura no toba e deixa o povo votar",True
bertimbau_pt,instrucao_automatica,0,1,680,"A grande destruição ambiental no Brasil ocorreu principalmente durante os anos que a europa nos colonizava e hj europeu vem nos dar lição de moral, isso é um grande hipocrisia. Deixando claro que votei em Haddad Nordeste13",True
bertimbau_pt,instrucao_automatica,0,1,2006,Parabéns aos envolvidos! Faz arminha e grita mito.,True
bertimbau_pt,instrucao_automatica,1,0,5853,Tem dinheiro... responde em liberdade 😡 lamentável,True
bertimbau_pt,instrucao_automatica,1,0,5528,"Esses filhos foram criados dessa maneira, falando o que pensam. Esquecem que estão no comando de uma grande nação. Precisam todos eles pensar melhor antes de falar.",True
bertimbau_pt,instrucao_automatica,0,1,2258,Os filhos do nosso Presidente poderiam calar à boca!!!,True
bertimbau_pt,instrucao_automatica,1,0,6194,Não dê isenção a pastores!!!!,True
bertimbau_pt,instrucao_automatica,1,0,5950,Onde foi feita essa Pesquisa na sede do PT,True
bertimbau_pt,instrucao_automatica,1,0,6797,"O Ministro do Trabalho, Luiz Marinho, planeja propor ao Conselho Curador do Fundo de Garantia por Tempo de Serviço (FGTS), a suspensão da antecipação do saque-aniversário. Essa medida funciona como um empréstimo bancário, com um limite de juros de 2,05% ao mês, que é significativamente menor do que os juros do cheque especial e do rotativo do cartão de crédito.",True
bertimbau_pt,instrucao_automatica,1,0,3761,Já tá na hora de gravar vídeo com os caras da Galãs Feios,True
bertimbau_pt,instrucao_automatica,0,1,462,"Eu tenho ranço desse estocador de cocô, mas entendi o que ele quis dizer em relação à Roraima. A população desse estado teve muitos problemas com os imigrantes venezuelanos. Agora ele errou ao dizer, que um governo de esquerda na Argentina faria isso, está mais fácil a gente emigrar para lá se isso acontecer.",True
bertimbau_pt,instrucao_automatica,1,0,6196,"Não se iluda, aqueles que defendem a censura na Internet, não estão preocupados com as notícias falsas (fake news) e sim com as notícias verdadeiras! Censura nunca mais ! Chega de ditaduras",True
bertimbau_pt,instrucao_automatica,1,0,5637,é preciso pensar 10 X antes de falar para depois ter que pedir desculpas . Certos Bolsonaros deviam aprender isso . um leão nuca pede desculpas ..,True
bertimbau_pt,instrucao_automatica,1,0,4939,"Noh coisa feia duas deputadas do mesmo partido , com essas brigas sem fundamento.",True
bertimbau_pt,instrucao_automatica,0,1,3279,"Eu quero mais mulheres na política, mas que não sejam iguais a você.",True
bertimbau_pt,instrucao_automatica,0,1,1146,Aceitar comentários de Minions é de uma grandeza absoluta... só por isso tem meu voto eternamente,True
bertimbau_pt,instrucao_automatica,0,1,1857,Desiquilibrio total.,True
bertimbau_pt,instrucao_automatica,1,0,3967,"Tem que divulgar a lista dos parlamentares que derrubaram o veto, e o povo tem que fazer barulho e nas próximas eleições derrubar a todos eles nas urnas, é hora de dar um basta em tudo isso.",True
bertimbau_pt,instrucao_automatica,0,1,160,Ou quando o Brasil estava sendo saqueado pelo PT? ?,True
bertimbau_pt,instrucao_automatica,0,1,2750,Estamos vendo que 💩 é a TIME afinal só olhar o dono. E como boa puxa saco de editor acha justo...precisa conhecer @boyanslat e entender o que é relevância de PERSONALIDADE EM MEIO AMBIENTE MUNDIAL!,True
bertimbau_pt,instrucao_automatica,1,0,6126,@solangemariamoreradasilva ia encher de radar novamente,True
