id,comentario,anotator1,anotator2,anotator3,label_final,links_post,account_post,pred_sem_instrucao,erro_sem_instrucao,pred_instrucao_manual,erro_instrucao_manual,pred_instrucao_automatica,erro_instrucao_automatica
3865,Ja resolveu o problema do desemprego daqui???,0,0,0,0,https://www.instagram.com/p/B1EoGt2gdnT/,Manuela d'Ávila,0,False,0,False,1,True
5540,So tem petistas aqui agora kkk,0,0,0,0,https://www.instagram.com/p/B4TD6fRJ9yJ/,Joice Hasselmann,0,False,1,True,1,True
874,É a clara tentativa da globo de achar defeito em td do governo e tem gente que acredita nas informações dessa globolixo!,1,1,1,1,https://www.instagram.com/p/B4I9_wdHMYk/,Carla Zambelli,1,False,1,False,1,False
2481,Negar negar negar o lugar de vagabundo todo mundo sabe aonde é....,1,0,1,1,https://www.instagram.com/p/B5TOC02JF6X/,Joice Hasselmann,1,False,1,False,1,False
4854,Que lindo! Representatividade imensa da educação.,0,0,0,0,https://www.instagram.com/p/B5QeyE9lNSg/,Fernando Haddad,0,False,0,False,0,False
5184,É um concurso importante sim. Ponto. Olha o alcance que ele tem. Olha o alcance que o discurso dela está tendo. Não desmereça um concurso só por ser de beleza.,0,0,0,0,https://www.instagram.com/p/B52f10agU7G/,Manuela d'Ávila,0,False,0,False,0,False
1996,👏👏👏👏o capeta sendo capeta. Normal.,1,1,1,1,https://www.instagram.com/p/B3PK5rOhwtV/,Gleisi Hoffmann,1,False,1,False,1,False
6932,A máquina de realização Tarcísio… será presidente,0,0,0,0,https://www.instagram.com/p/C5duspiJ3-_/,Carla Zambelli,0,False,0,False,0,False
4078,Não existe capitalismo sustentável pois ele depende de crescimento infinito que lida com recursos finitos. Greta está corretíssima,0,0,0,0,https://www.instagram.com/p/B2xPpppAUaN/,Manuela d'Ávila,0,False,0,False,0,False
620,Os piores bandidos tão aí STF LIXOS,1,1,1,1,https://www.instagram.com/p/B1uwCHND_Z5/,Carla Zambelli,1,False,1,False,1,False
4274,"DEPUTADO NAO E O GABINETE do ÓDIO , MAS SIM DE UMA GRANDE JORNALISTA CANAL da LEDA NAGLE ! ENTREVISTA . PARABÉNS ! 👏👏👏👏👏💛👏👏🇧🇷👮‍♂️🇧🇷💚👮‍♂️💛👍👍👍👍🤝👮‍♂️🇧🇷👏👏VAMOS ASSISTIR ! TODOS ! 😂😂😂😂😂❤️😂😂😂😂😂😂😂👮‍♂️😂😂😂🇧🇷NÃO PERCAM !",0,0,0,0,https://www.instagram.com/p/B4K2nvnF3cE/,Eduardo Bolsonaro,0,False,1,True,0,False
449,Esse cara não consegue passar um dia a fazer merda!!!,1,1,1,1,https://www.instagram.com/p/B1EoGt2gdnT/,Manuela d'Ávila,1,False,1,False,1,False
646,"A nova Tábata da esquerda identitária . A queridinha do imperialismo ""verde"" ,empenhar que eu já achei que existia esquerda no Brasil .",1,1,0,1,https://www.instagram.com/p/B2xPpppAUaN/,Manuela d'Ávila,1,False,1,False,1,False
1809,A máscara dessa traidora Joice Falsemam durou menos,1,1,1,1,https://www.instagram.com/p/B589PRLHK_N/,Carla Zambelli,1,False,1,False,1,False
271,A ONU é pior esquerda que temos no mundo atualmente.,1,0,1,1,https://www.instagram.com/p/B2uThqdH9xI/,Carla Zambelli,0,True,1,False,1,False
112,"VOCÊ TINHA DE TER PENA É QUANDO VÁRIOS BRASILEIROS MORRERAM NOS CORREDORES DOS HOSPITAIS PÚBLICOS POR CAUSA DAS ROUBALHEIRAS DOS CURRUPTOS, MAS VOCÊ VELHA CANALHA TAMBÉM FAZIA PARTE DO ESQUEMA SEGUNDO Á OAS 🐀🐀🐀🐀🐀🐀🐀🐀🐀🐀🐀🐀.",1,1,1,1,https://www.instagram.com/p/B2uThqdH9xI/,Carla Zambelli,1,False,1,False,1,False
4224,que lindo cortou cabelo,0,0,0,0,https://www.instagram.com/p/B1_m4F5lO_d/,Fernando Haddad,1,True,0,False,0,False
4855,Eternas SAUDDADS,0,0,0,0,https://www.instagram.com/p/B5QeyE9lNSg/,Fernando Haddad,1,True,1,True,1,True
2452,Que seja condenado,1,1,0,1,https://www.instagram.com/p/B5TOC02JF6X/,Joice Hasselmann,1,False,0,True,0,True
6531,A beleza e o ser divino juntos! Parabéns a vocês dois! Deus lhes abençoe 👏🙏,0,0,0,0,https://www.instagram.com/p/C1XMWmlsD72/,Manuela d'Ávila,0,False,0,False,0,False
2788,Cuidado ao defender uma militante de esquerda. Ela se apegou a uma causa que nao tem soluçao. Há muito por tras da farça que ela se expõe.,0,1,1,1,https://www.instagram.com/p/B573NclJYqb/,Joice Hasselmann,1,False,1,False,1,False
6230,O melhor presidente do mundo volta presidente 💚💛🇧🇷🇧🇷,0,0,0,0,https://www.instagram.com/p/C5ep78XPyzw/,Eduardo Bolsonaro,0,False,0,False,0,False
1388,"Esse terrorista é problemático e não sabe o que diz,mas, faz merda que é um campeão.Nojento....",1,1,1,1,https://www.instagram.com/p/B42JqHMFyiu/,Eduardo Bolsonaro,1,False,1,False,1,False
6402,Meu Presidente Luiz Inácio da Silva sempre certo bjs,0,0,0,0,https://www.instagram.com/p/C5QuPgVxEbq/,Gleisi Hoffmann,0,False,0,False,0,False
481,Mas gente vamos deixar! Haddad já foi contemplado! Agora o resto da esquerda vai em cana! Eles vivem de publicar Fake News!,1,1,1,1,https://www.instagram.com/p/B1uwCHND_Z5/,Carla Zambelli,1,False,1,False,1,False
6297,Vamos lá @_pedrolucasfernandes como meu representante .. votei em vc .. hora de retribuir a gentileza,0,0,0,0,https://www.instagram.com/p/C5gu6hzuUyx/,Carla Zambelli,0,False,0,False,0,False
6239,Família que ainda vai dar muitas alegrias,0,0,0,0,https://www.instagram.com/p/C5ep78XPyzw/,Eduardo Bolsonaro,0,False,0,False,0,False
3873,"Deus, tenha piedade da argentina",0,0,0,0,https://www.instagram.com/p/B1EoGt2gdnT/,Manuela d'Ávila,0,False,0,False,0,False
5252,Vc fez por merecer!!!,0,0,0,0,https://www.instagram.com/p/B53DtnSlTq8/,Fernando Haddad,0,False,0,False,1,True
6871,Parabéns pela escolha presidente Lula 👏👏👏👏,0,0,0,0,https://www.instagram.com/p/Cs9puu5gjnW/,Joice Hasselmann,0,False,0,False,0,False
5732,"👏👏👏👏👏👏👏essa mulher é uma grande guerreira, que Deus te livre e te guarde dona Benedita 👏👏👏👏👏😍😍",0,0,0,0,https://www.instagram.com/tv/B5EDfDPhjyf/,Gleisi Hoffmann,0,False,0,False,0,False
284,"Os inteligente na pista kkkk o que mais que a galera sabe me contam eu não sabia dessa será que sou burra, a não eu não estava lá na guerra opis",1,0,1,1,https://www.instagram.com/p/B1rOH6Wlg4A/,Eduardo Bolsonaro,1,False,1,False,1,False
1293,que horror! cadeia é pouco pra esse canalha!,1,1,1,1,https://www.instagram.com/tv/B5TgBngnkBN/,Carla Zambelli,1,False,1,False,1,False
1381,Abatam esse verme!,1,1,1,1,https://www.instagram.com/p/B42JqHMFyiu/,Eduardo Bolsonaro,1,False,0,True,1,False
5477,Ae é uma verdade!!!!!!,0,0,0,0,https://www.instagram.com/p/B4TD6fRJ9yJ/,Joice Hasselmann,0,False,0,False,0,False
1627,Vagabundos como esse que o Brasil não precisa,1,1,1,1,https://www.instagram.com/p/B4dWN3rgBNx/,Manuela d'Ávila,1,False,1,False,1,False
659,"Falou e falou e não falou nada, só vejo ódio na vida dela. nada vê essa menina 😂😂😂😂😂😂",0,1,1,1,https://www.instagram.com/p/B2xPpppAUaN/,Manuela d'Ávila,1,False,1,False,1,False
1482,Esse 💩tem que provar é a sua inocência (não tem como provar) e não atacar o Moro.,1,1,0,1,https://www.instagram.com/p/B42JqHMFyiu/,Eduardo Bolsonaro,0,True,0,True,1,False
5118,"Nossa ela é linda, maravilhosa 😍😍",0,0,0,0,https://www.instagram.com/p/B52f10agU7G/,Manuela d'Ávila,0,False,0,False,0,False
561,Como assim derruba?? A palavra final tinha q ser do presidente nao é?! Affff... assim fica dificil...causando cada vez mais furia nos cidadãos. Prender todos esses corruptos do stf urgente,1,0,1,1,https://www.instagram.com/p/B1uwCHND_Z5/,Carla Zambelli,1,False,1,False,1,False
2409,"Deplorável, absurdo total. Ele vai ter q ser cassado, eu tô sem direção, perdi meu norte se esse lixo continuar no parlamento 🙏",1,1,1,1,https://www.instagram.com/tv/B5EDfDPhjyf/,Gleisi Hoffmann,1,False,1,False,1,False
3003,"Isso caso intervecao militar mesmo, se o bolsonaro nao fechar o congresso e o supremo os militares vao e prender tambem.",1,1,1,1,https://www.instagram.com/p/B1v5c9bJbWX/,Joice Hasselmann,1,False,1,False,1,False
2031,Esse sujeito é filho do Satanás.,1,1,1,1,https://www.instagram.com/p/B3PK5rOhwtV/,Gleisi Hoffmann,1,False,1,False,1,False
6176,Vamos à luta todas juntas e misturadas ❤️❤️❤️❤️❤️,0,0,0,0,https://www.instagram.com/p/C4QI4HHgfJJ/,Manuela d'Ávila,0,False,0,False,0,False
6540,MANÚ NÓS BRASILEIROS AMAMOS VOCÊ E TUDO QUE VOCÊ FAZ .❤️❤️❤️,0,0,0,0,https://www.instagram.com/p/CzoNkn1MX4n/,Manuela d'Ávila,0,False,0,False,0,False
3611,Tenho orgulho dos colégios militares . Moro em Manaus . Meu filho estudou no Colégio Militar quando tinha 11 anos . Hoje ele é um homem de valores e princípios . Minha neta tá se formando tem no Colégio Militar e ama a escola . Com mto orgulho ! 👏👏👏👏👏💚💛,0,0,0,0,https://www.instagram.com/p/B1rOH6Wlg4A/,Eduardo Bolsonaro,0,False,0,False,0,False
6800,"O ministro do Trabalho e Emprego, Luiz Marinho, se autonomeou para o Conselho Fiscal do Serviço Social do Comércio (Sesc), no lugar do Gilberto Carvalho, ex-ministro no governo de Dilma Rousseff. O salário pode chegar a R$ 28,6 mil se ele comparecer a todas as reuniões, e é cumulativo ao salário de ministro. Por cada participação em uma das seis reuniões mensais do Conselho, Marinho receberá R$ 4,7 mil.",0,0,0,0,https://www.instagram.com/p/Ct1XjosLklB,Fernando Haddad,0,False,0,False,1,True
4657,"Quem está na frente de tudo é Deus, e agindo Deus Quem impedirá!!🙏",0,0,0,0,https://www.instagram.com/p/B42JqHMFyiu/,Eduardo Bolsonaro,0,False,0,False,0,False
1201,E os diretos morais? Processe os canalhas!,1,0,1,1,https://www.instagram.com/tv/B5TgBngnkBN/,Carla Zambelli,1,False,1,False,1,False
235,Ah tá com pena? Devolve o dinheiro do 🇧🇷,1,1,1,1,https://www.instagram.com/p/B2uThqdH9xI/,Carla Zambelli,0,True,0,True,0,True
50,Porca asquerosa🤮🤮🤮,1,1,1,1,https://www.instagram.com/p/B2uThqdH9xI/,Carla Zambelli,1,False,1,False,1,False
5470,Também acho. Esse cara fala demais. Os filhos do bolsonaro acabam enfraquecendo o governo. Sempre disse issso desde o começo,0,0,1,0,https://www.instagram.com/p/B4TD6fRJ9yJ/,Joice Hasselmann,1,True,1,True,1,True
875,"Isso está ficando ridículo, estes jornalistas não tem vergonha? Afff.🤦‍♀️🤦‍♀️🤦‍♀️🤦‍♀️",0,1,1,1,https://www.instagram.com/p/B4I9_wdHMYk/,Carla Zambelli,1,False,1,False,1,False
3880,"👏👏 não é mas novidade essas frases , entretanto não podemos desistir....resistência, persistência....🙌",0,0,0,0,https://www.instagram.com/p/B1EoGt2gdnT/,Manuela d'Ávila,0,False,0,False,0,False
5402,Onde vamos parar?,0,0,0,0,https://www.instagram.com/p/B3PK5rOhwtV/,Gleisi Hoffmann,0,False,0,False,0,False
6750,Chic esses filhos do mito 👏👏,0,0,0,0,https://www.instagram.com/p/C4DSASyLxeO/,Eduardo Bolsonaro,0,False,0,False,0,False
5028,Vamos pra frente Brasil👏👏👏,0,0,0,0,https://www.instagram.com/p/B6Ees1JF2La/,Eduardo Bolsonaro,0,False,0,False,0,False
6432,Parabéns presidente 🇧🇷🇧🇷🇧🇷🇧🇷 que Deus o abençoe sempre 🙏🙏🙏🙏 o Sr e sua família.,0,0,0,0,https://www.instagram.com/p/C4xe8v1L1WE/,Eduardo Bolsonaro,0,False,0,False,0,False
2079,Só os trabalhadores burros e idiotas são a favor dele,1,1,1,1,https://www.instagram.com/p/B3PK5rOhwtV/,Gleisi Hoffmann,1,False,1,False,1,False
1789,"Desculpem as pessoas de bem pois o resto não me importa, minhas fezes valem mais que os dois juntos.",1,1,1,1,https://www.instagram.com/p/B589PRLHK_N/,Carla Zambelli,0,True,1,False,0,True
4872,Cheio de Moral ao Lado do companheiro Paulo Freire,0,0,0,0,https://www.instagram.com/p/B5QeyE9lNSg/,Fernando Haddad,0,False,0,False,1,True
4190,Seria lindo todo mundo unido em 2022,0,0,0,0,https://www.instagram.com/p/B1_m4F5lO_d/,Fernando Haddad,0,False,0,False,0,False
2039,Desgraçado fdp,1,1,1,1,https://www.instagram.com/p/B3PK5rOhwtV/,Gleisi Hoffmann,1,False,1,False,1,False
3838,Como um presidente faz esse tipo de comentário? Depreciando um estado 🤦🏼‍♀️,0,0,0,0,https://www.instagram.com/p/B1EoGt2gdnT/,Manuela d'Ávila,0,False,1,True,1,True
5288,Parabéns querido Haddad.👏😍,0,0,0,0,https://www.instagram.com/p/B53DtnSlTq8/,Fernando Haddad,0,False,0,False,0,False
4653,Verás que o filho teu não foge à luta....,0,0,0,0,https://www.instagram.com/p/B42JqHMFyiu/,Eduardo Bolsonaro,0,False,0,False,0,False
2439,"Parabens ministro Fschin, se o sr pudesse mandar logo esse lulopetista logo para o presidio, seria muito bom mesmo",1,1,1,1,https://www.instagram.com/p/B5TOC02JF6X/,Joice Hasselmann,1,False,1,False,1,False
1827,Pepa Pig ou Pinguço?,1,1,1,1,https://www.instagram.com/p/B589PRLHK_N/,Carla Zambelli,1,False,1,False,0,True
5001,"Com Deus no comando sempre, tudo vai bem. 👏👏👏👏👏👏",0,0,0,0,https://www.instagram.com/p/B6Ees1JF2La/,Eduardo Bolsonaro,0,False,0,False,0,False
4271,"A repórter com Leda Nagle sempre teve as melhores reportagem. Depois que a tiraram o programa sem censura não conseguimos mais ter uma entrevista de classe. Carisma, respeito, conhecimento... Parabéns!",0,0,0,0,https://www.instagram.com/p/B4K2nvnF3cE/,Eduardo Bolsonaro,0,False,0,False,0,False
6082,Ele falou tá falado e pronto.,0,0,0,0,https://www.instagram.com/p/B573NclJYqb/,Joice Hasselmann,0,False,0,False,0,False
4509,Dois ícones,0,0,0,0,https://www.instagram.com/p/B3efAGxlTKb/,Fernando Haddad,0,False,0,False,1,True
6619,@gilberttsantos pra quem vive de doação sim meu querido!,0,0,0,0,https://www.instagram.com/p/CpSwP0Fu9Zg/,Fernando Haddad,0,False,0,False,0,False
452,Que dia é o impeachment desse senhor mesmo? Já deu 💩💩💩💩💩💩💩💩💩💩💩💩💩💩,1,0,1,1,https://www.instagram.com/p/B1EoGt2gdnT/,Manuela d'Ávila,0,True,0,True,1,False
5586,O mineiro fala um dito popular muito bem aplicado aos filhos do Presidente: Quem fala demais da bom dia a cavalo!,0,0,0,0,https://www.instagram.com/p/B4TD6fRJ9yJ/,Joice Hasselmann,0,False,0,False,0,False
6620,@daianeluz7 o amor venceu! Trabalhem por amor!,0,0,0,0,https://www.instagram.com/p/CpSwP0Fu9Zg/,Fernando Haddad,0,False,0,False,0,False
3901,Tem que rir para não chorar...😢😂,0,0,0,0,https://www.instagram.com/p/B1EoGt2gdnT/,Manuela d'Ávila,0,False,1,True,0,False
2100,Fica pra ele comer no caminho do inferno quando morrer,1,1,1,1,https://www.instagram.com/p/B3PK5rOhwtV/,Gleisi Hoffmann,1,False,1,False,1,False
3726,Questão de MKT pessoal. Relaxa esse ombro Haddad. Ele só sobre em posição de defesa. Precisa aprender a baixar essa tensão. Entrevista maravilhosa. #lulalivre,0,0,0,0,https://www.instagram.com/p/B1ejo45l4FI/,Fernando Haddad,0,False,0,False,0,False
3126,"Kkkkkkkkkkk querem enfiar viela abaixo que houve negligência do Governo! Mas ignoram de onde veio o óleo, e muito pior ignoram o crime terrorista que ocorreu.",1,0,1,1,https://www.instagram.com/p/B4I9_wdHMYk/,Carla Zambelli,1,False,1,False,1,False
5626,De pleno acordo !,0,0,0,0,https://www.instagram.com/p/B4TD6fRJ9yJ/,Joice Hasselmann,0,False,0,False,0,False
4168,Haddad e Ricardo Coutinho!! Melhor governador da Paraíba,0,0,0,0,https://www.instagram.com/p/B1_m4F5lO_d/,Fernando Haddad,0,False,0,False,1,True
3474,Ainda tem gente que apoia esse verme,1,1,1,1,https://www.instagram.com/p/C5RG9JWovk7/,Carla Zambelli,1,False,0,True,1,False
3009,"Esses Ministros abutres do STF, Se julgam acima de tudo e de todos.",1,1,1,1,https://www.instagram.com/p/B1v5c9bJbWX/,Joice Hasselmann,0,True,1,False,0,True
2963,Esquerda maldita,1,1,1,1,https://www.instagram.com/p/B1v5c9bJbWX/,Joice Hasselmann,1,False,1,False,1,False
6327,Eu quero Bolsonaro d volta,0,0,0,0,https://www.instagram.com/p/C5QvpbeuR0C/,Carla Zambelli,0,False,0,False,0,False
451,"Daqui a pouco o povo brasileiro que vai migrar pra outros lugares, migração em massa. Com esse governo ridículo autoritário e idiota.",1,0,1,1,https://www.instagram.com/p/B1EoGt2gdnT/,Manuela d'Ávila,1,False,1,False,1,False
6847,"Ela é sim, competente, inteligente, mastenho muito estima e respeito muitos outros da direita. Gente maravilhosas! Amo os.",0,0,0,0,https://www.instagram.com/p/C5qRNy_LGoB/?img_index=1,Carla Zambelli,0,False,0,False,0,False
5911,Maravilha parabens,0,0,0,0,https://www.instagram.com/p/B5TOC02JF6X/,Joice Hasselmann,0,False,0,False,0,False
2703,"É uma inocente útil ,pirralha vai lutar pela liberdade daquelas meninas ,são obrigadas a casar com 8 anos e morrem arrebentadas cadê a ONU ,Greta ,artistas super star e acabar com a fome na Venezuela ,África ,parem de ser hipócritas ,ela é usada pela esquerda Soros ,acorda Joice",1,1,1,1,https://www.instagram.com/p/B573NclJYqb/,Joice Hasselmann,1,False,1,False,1,False
445,"A esquerda é teimosa, esquece esse lixo. Deixa ele falar, se ninguém ligar pra isso e ser um jeito de achar o Queiroz, logo logo ele cala a boca. Mas vcs ficam dando audiência pra essas idiotices.",1,1,1,1,https://www.instagram.com/p/B1EoGt2gdnT/,Manuela d'Ávila,1,False,1,False,1,False
1364,"ESSE VERME ENGANA OS JUMENTOS,E MENTE QUANDO CITA A BOLIVIA,POIS LA,É O MESMO POVO DE BEM QUE NÃO AGUENTAVA MAIS O AMIGUINHO DELE FERRANDO COM A NAÇÃO. MAIS UM MOTIVO PARA O POVO BRASILEIRO E O EXEECITO CRIAREM VERGONHA NA CARA E TOMAR-MOS UMA ATITUDE CONTRA ESSES LIXOS.",1,1,1,1,https://www.instagram.com/p/B42JqHMFyiu/,Eduardo Bolsonaro,1,False,1,False,1,False
906,"Ai5 é meus ovos , entrevista de qualidade de gente sem cérebro🍊🍊🍊🍊🍊🍊🍊🍊",1,1,1,1,https://www.instagram.com/p/B4K2nvnF3cE/,Eduardo Bolsonaro,0,True,0,True,1,False
759,"Sem novidades, lixo sendo lixo.",1,1,1,1,https://www.instagram.com/p/B4I9_wdHMYk/,Carla Zambelli,1,False,1,False,1,False
6495,Em julho acaba a esperança. Kkkkk,0,0,0,0,https://www.instagram.com/p/C4J-1kor5gc/,Eduardo Bolsonaro,0,False,0,False,0,False
5050,Estamos crescendo isso se chama avanço. Essa equipe merece ser respeitada,0,0,0,0,https://www.instagram.com/p/B6Ees1JF2La/,Eduardo Bolsonaro,0,False,0,False,0,False
2456,"Não aguento mais . Pelo amor de Deus , nesse País os poros dessas pessoas que respira Lula Credo! Chou coisa ruim . Oremos para vê se pensam em coisa sadia 🙏🙏",1,1,0,1,https://www.instagram.com/p/B5TOC02JF6X/,Joice Hasselmann,0,True,0,True,0,True
1998,"Será,,Kkkk,,,,vcs mentem tanto mais tanto,,,,,parabéns Bolsonaro senta lenha",0,1,1,1,https://www.instagram.com/p/B3PK5rOhwtV/,Gleisi Hoffmann,1,False,1,False,1,False
3176,Cade os Bolsominions defendendo? Cade a espuma? Kkkkk Silêncio,0,1,1,1,https://www.instagram.com/p/B3R0XMrAt7g/,Manuela d'Ávila,1,False,1,False,1,False
3357,"Está morrendo na política e nao sabe, a cada dia no fundo do poço 😂😂😂",1,0,1,1,https://www.instagram.com/p/C5ep78XPyzw/,Eduardo Bolsonaro,1,False,1,False,0,True
4868,Meu presidente sempre elegante.,0,0,0,0,https://www.instagram.com/p/B5QeyE9lNSg/,Fernando Haddad,0,False,0,False,0,False
1874,"Que absurdo, essa Joice é uma vergonha.",1,1,1,1,https://www.instagram.com/p/B589PRLHK_N/,Carla Zambelli,1,False,1,False,1,False
5071,"Estamos em um grande barco a remo metade 50% rema para frente 25% não rema 25 % rema para trás ,e culpa do Presidente, não, somos nós brasileiros devemos remar ele apenas põe ordem na embarcação ,por favor Brasil temos muitos brasileiros que não fazem nada pra melhorar estamos no mesmo barco ,perde um perde todos ou tô errado?",0,0,0,0,https://www.instagram.com/p/B6Ees1JF2La/,Eduardo Bolsonaro,1,True,0,False,1,True
5518,"Os filhos do Bolsonaro tem que ter mais cuidado com o que falam, ainda mais nesse momento.",0,0,0,0,https://www.instagram.com/p/B4TD6fRJ9yJ/,Joice Hasselmann,0,False,0,False,0,False
2205,Nisso vc tem razão . Os filhos do presidente falam muita besteira desnecessária,0,1,1,1,https://www.instagram.com/p/B4TD6fRJ9yJ/,Joice Hasselmann,1,False,1,False,0,True
3076,Eles fazem isso pq o salário deles está garantido no fim do mês. Esses vagabundos estão contra o povo trabalhador. Intervenção militar já no congresso e no STF.,1,1,1,1,https://www.instagram.com/p/B1v5c9bJbWX/,Joice Hasselmann,1,False,1,False,1,False
3857,Manu cê é um ícone,0,0,0,0,https://www.instagram.com/p/B1EoGt2gdnT/,Manuela d'Ávila,0,False,0,False,0,False
221,"Por isso que SSA senhora defende o PT, e ela me dá NOJO.",1,1,1,1,https://www.instagram.com/p/B2uThqdH9xI/,Carla Zambelli,1,False,1,False,1,False
2208,"Sepulcro Caiado, arrumadinha por fora, pois bonita bem de longe e podre por dentro",1,1,1,1,https://www.instagram.com/p/B4TD6fRJ9yJ/,Joice Hasselmann,1,False,1,False,1,False
5155,Que@ sabe as coisas mudam é isso seja natural em tds os aspectos 🙏,0,0,0,0,https://www.instagram.com/p/B52f10agU7G/,Manuela d'Ávila,0,False,0,False,0,False
1924,Ela está provando do próprio veneno. E vida que anda.,1,1,1,1,https://www.instagram.com/p/B589PRLHK_N/,Carla Zambelli,1,False,1,False,1,False
257,Comunista vagabunda,1,1,1,1,https://www.instagram.com/p/B2uThqdH9xI/,Carla Zambelli,1,False,1,False,1,False
1688,Bagaceiros no poder🤮,1,1,1,1,https://www.instagram.com/p/B4dWN3rgBNx/,Manuela d'Ávila,1,False,1,False,1,False
3634,Quem dera que todos os colégios 🏫 pudessem ser militarizados. 👏👏👏👏👏👏👏👏👏👏👏👏👏,0,0,0,0,https://www.instagram.com/p/B1rOH6Wlg4A/,Eduardo Bolsonaro,0,False,0,False,0,False
3027,Artigo 142 nestes ratos corruptos STF bandidos safados vagabundos canalhas abutres crápulas do STF derrubar está corte criminosa do Brasil,1,1,1,1,https://www.instagram.com/p/B1v5c9bJbWX/,Joice Hasselmann,1,False,1,False,1,False
4983,👏👏👏👏👏🇧🇷🇧🇷🇧🇷vamos que vamos🙏,0,0,0,0,https://www.instagram.com/p/B6Ees1JF2La/,Eduardo Bolsonaro,0,False,0,False,0,False
6243,Meu presidente Bolsonaro 🇧🇷🇧🇷🇧🇷🇧🇷estamos juntos.,0,0,0,0,https://www.instagram.com/p/C5ep78XPyzw/,Eduardo Bolsonaro,0,False,0,False,0,False
5485,Janaína votei em você pra que você ajudasse o governo.,0,0,0,0,https://www.instagram.com/p/B4TD6fRJ9yJ/,Joice Hasselmann,0,False,0,False,0,False
2141,Esse miliciano é uma peste!,1,1,1,1,https://www.instagram.com/p/B3PK5rOhwtV/,Gleisi Hoffmann,1,False,1,False,1,False
6563,@prillamendes você disse tudo. Essa é a questão! E agora querem que Lula resolva??,0,0,0,0,https://www.instagram.com/p/CyTgWs3gTCI/,Manuela d'Ávila,0,False,0,False,0,False
4783,Agora estou feliz!,0,0,0,0,https://www.instagram.com/p/B5QeyE9lNSg/,Fernando Haddad,0,False,0,False,0,False
3918,"Querem nos amedrontar, não podemos aceitar isso. Vou continuar postando normalmente.",0,0,0,0,https://www.instagram.com/p/B1uwCHND_Z5/,Carla Zambelli,0,False,0,False,0,False
5394,Cumprindo promessas... 👏👏👏,0,0,0,0,https://www.instagram.com/p/B3PK5rOhwtV/,Gleisi Hoffmann,0,False,0,False,0,False
6397,Parabéns mulher do Brasil,0,0,0,0,https://www.instagram.com/p/C5QuPgVxEbq/,Gleisi Hoffmann,0,False,0,False,0,False
6561,"O AMAZONAS AGONIZA MAIS UMA VEZ, AGORA É QUALIDADE PÉSSIMA DE AR RELACIONADA A FUMAÇA CONSEQUÊNCIA DAS QUEIMADAS PROMOVIDA PELA AÇÃO HUMANA. Os humanos destruindo nosso meio ambiente, os animais que lá habitam e nos sufocando com essa fumaça insuportável",0,0,0,0,https://www.instagram.com/p/CyTgWs3gTCI/,Manuela d'Ávila,0,False,1,True,1,True
5056,"Deixa ver se entendi...se 1/4 está pessimista, 1/4 está neutro como pode a maioria estar otimista? Ora se somarmos pessimistas mais neutros há um empate. Não?kkkkk tá foda em Dudu.",0,0,0,0,https://www.instagram.com/p/B6Ees1JF2La/,Eduardo Bolsonaro,1,True,1,True,1,True
6340,E A SOLIDARIEDADE COM A NORA DO LULA????,0,0,0,0,https://www.instagram.com/p/C5ZLiSBPgFa/,Gleisi Hoffmann,1,True,1,True,1,True
5254,"Parabéns, vc merece 👏👏👏👏",0,0,0,0,https://www.instagram.com/p/B53DtnSlTq8/,Fernando Haddad,0,False,0,False,0,False
6240,@macaneirogil vivo num mundo em que as empresas estão voltando ao Brasil,0,0,0,0,https://www.instagram.com/p/C5ep78XPyzw/,Eduardo Bolsonaro,0,False,0,False,0,False
4979,A excelente globo mostrou diferente....🙄,0,0,0,0,https://www.instagram.com/p/B6Ees1JF2La/,Eduardo Bolsonaro,1,True,0,False,1,True
4296,Parabéns Leda vc esta fantástica!,0,0,0,0,https://www.instagram.com/p/B4K2nvnF3cE/,Eduardo Bolsonaro,0,False,0,False,0,False
5208,"Mais uma terráquea vence o Miss Universo, parabéns!!!",0,1,0,0,https://www.instagram.com/p/B52f10agU7G/,Manuela d'Ávila,1,True,1,True,0,False
2041,Isso é um chorume 🤬🤬💩💩💩,1,1,1,1,https://www.instagram.com/p/B3PK5rOhwtV/,Gleisi Hoffmann,1,False,1,False,1,False
2438,Tem que ir para a cadeia!!,1,1,0,1,https://www.instagram.com/p/B5TOC02JF6X/,Joice Hasselmann,1,False,1,False,0,True
1105,"Esses heróis da direitas são uns escrotos, doentes e perversos!",1,1,1,1,https://www.instagram.com/p/B3R0XMrAt7g/,Manuela d'Ávila,1,False,1,False,1,False
2815,Continua sendo Pirralha só que agora com um título.Ah Ah ah @joicehasselmannoficial,1,1,0,1,https://www.instagram.com/p/B573NclJYqb/,Joice Hasselmann,1,False,1,False,0,True
2884,Vcs são bandidos sua pilantra vcs roubaram saquearam o país,1,1,1,1,https://www.instagram.com/tv/B09BRCjB_gV/,Gleisi Hoffmann,1,False,1,False,1,False
4042,Q força e inspiração pra todos nós 👏👏👏👏,0,0,0,0,https://www.instagram.com/p/B2xPpppAUaN/,Manuela d'Ávila,0,False,0,False,0,False
2638,"Boa a fala do presidente, parem de dar moral pra essa pirralha, inclusive a senhora deputada.",1,1,1,1,https://www.instagram.com/p/B573NclJYqb/,Joice Hasselmann,1,False,1,False,1,False
2425,Pra todos nós que Samos milhões de negros nessi país incruindo eu esse miZeravel tem que ser punido pela lei isso e inaceitável🇧🇷🇧🇷🇧🇷🇧🇷🇧🇷🇧🇷🇧🇷🇧🇷,1,1,0,1,https://www.instagram.com/tv/B5EDfDPhjyf/,Gleisi Hoffmann,0,True,0,True,1,False
1630,E é em nome de Deus que o diabo fala!!,0,1,1,1,https://www.instagram.com/p/B4dWN3rgBNx/,Manuela d'Ávila,1,False,1,False,1,False
3620,Por mais colégios militares espalhados pelo Brasil 👏👏👏👏👏👏👏👏👏👏👏👏👏👏👏,0,0,0,0,https://www.instagram.com/p/B1rOH6Wlg4A/,Eduardo Bolsonaro,0,False,0,False,0,False
6287,Vc é a minha deputada.,0,0,0,0,https://www.instagram.com/p/C5gu6hzuUyx/,Carla Zambelli,0,False,0,False,0,False
6904,É isso aí Senador 👏👏👏🇧🇷👊🤝,0,0,0,0,https://www.instagram.com/p/C5ivDPjt8Hp/,Carla Zambelli,0,False,0,False,0,False
3336,"Deve ser brabo, ter que passear por aí, com tanta mentira embaixo do tapete prestes a ser varrida!",1,0,1,1,https://www.instagram.com/p/Cy56zeNLzPE/,Fernando Haddad,1,False,1,False,1,False
6114,A ordem é arrecadar o máximo,0,0,0,0,https://www.instagram.com/p/C4_Ec2FxsS2/,Fernando Haddad,0,False,0,False,0,False
4397,É isto uma pessoa de bem???,0,0,0,0,https://www.instagram.com/p/B3R0XMrAt7g/,Manuela d'Ávila,0,False,1,True,0,False
1117,Lula tá preso babacas!,1,1,1,1,https://www.instagram.com/p/B3R0XMrAt7g/,Manuela d'Ávila,1,False,1,False,1,False
2470,VAI VOLTAR PRA JAULA,1,1,0,1,https://www.instagram.com/p/B5TOC02JF6X/,Joice Hasselmann,0,True,0,True,1,False
505,A esquerdalha e a que mais fábrica fake News eles são Mestre. Nisto,1,1,1,1,https://www.instagram.com/p/B1uwCHND_Z5/,Carla Zambelli,1,False,1,False,1,False
1593,Bando de safado e bandido!!,1,1,1,1,https://www.instagram.com/p/B4dWN3rgBNx/,Manuela d'Ávila,1,False,1,False,1,False
2801,Menina insuportável,1,1,1,1,https://www.instagram.com/p/B573NclJYqb/,Joice Hasselmann,1,False,1,False,1,False
2004,"E os gados aplaudem as retiradas dos seus próprios direitos,n dá pra entender isso!!!",0,1,1,1,https://www.instagram.com/p/B3PK5rOhwtV/,Gleisi Hoffmann,1,False,1,False,1,False
6514,Precisa. Urgentemente mudar as regras das eleições!,0,0,0,0,https://www.instagram.com/p/C4J-1kor5gc/,Eduardo Bolsonaro,0,False,0,False,0,False
3122,A lacradora perdeu o rumo !!! Bela broxada!!! 😂😂😂😂😂,1,0,1,1,https://www.instagram.com/p/B4I9_wdHMYk/,Carla Zambelli,1,False,1,False,1,False
4200,Homens que me representam!,0,0,0,0,https://www.instagram.com/p/B1_m4F5lO_d/,Fernando Haddad,0,False,0,False,0,False
2026,Este homem é o CÃO em forma de serhumaninho 😂😂😂,1,1,1,1,https://www.instagram.com/p/B3PK5rOhwtV/,Gleisi Hoffmann,1,False,1,False,1,False
2728,pirralha do ano kkk,1,1,1,1,https://www.instagram.com/p/B573NclJYqb/,Joice Hasselmann,1,False,1,False,1,False
198,Essa é pior que o pai.,1,1,1,1,https://www.instagram.com/p/B2uThqdH9xI/,Carla Zambelli,1,False,1,False,1,False
5715,❤️❤️❤️❤️❤️❤️❤️Eu amo muito você vs Experiência com todo meu Respeito a você. Parabéns parabéns parabéns parabéns parabéns parabéns parabéns parabéns parabéns parabéns,0,0,0,0,https://www.instagram.com/tv/B5EDfDPhjyf/,Gleisi Hoffmann,0,False,0,False,0,False
3858,"Patriotismo a parte..."".los Hermanos"" sempre tiveram mais cultura.. desta vez foi só mais uma demonstração",0,0,0,0,https://www.instagram.com/p/B1EoGt2gdnT/,Manuela d'Ávila,1,True,1,True,0,False
1490,ESTE CANALHA NÃO PODE FICAR SOLTO .GRAÇAS A ESTE STF COMPOSTO PORINCOMPETENTES METADE COM RABO PRESO A DEFENDER BANDIDOD Q PODEM AGREDIR DOM FRASES TERRIVEIS NOSSO PRESIDENTE E SEUS MINISTROS INCLUSIVE ESTE BEBADO DECREPTO AGRIDE O MINISTRO MORO COM PALAVROES NÃO ACONTECE NADA MAIS DAÍ A INVESTIGAR MINISTRO DO STF. NAO PODE. Q DEMOCRACIA É ETA?,1,1,1,1,https://www.instagram.com/p/B42JqHMFyiu/,Eduardo Bolsonaro,1,False,1,False,1,False
4364,"""Vcs que fazem parte dessa massa"" 😞",0,0,0,0,https://www.instagram.com/p/B3R0XMrAt7g/,Manuela d'Ávila,0,False,0,False,0,False
1467,"Foi prá isso quê o Lula ladrão foi solto?? Quê vergonha, Brasil..",1,1,1,1,https://www.instagram.com/p/B42JqHMFyiu/,Eduardo Bolsonaro,1,False,1,False,1,False
4641,"Que absurdo contra essa mulher,ministra ou nao.",0,0,0,0,https://www.instagram.com/tv/B5TgBngnkBN/,Carla Zambelli,1,True,1,True,0,False
1089,Velho asqueroso 🤮,1,1,1,1,https://www.instagram.com/p/B3R0XMrAt7g/,Manuela d'Ávila,1,False,1,False,1,False
357,"Certo, só que Cristina é tudo, menos de eaquerda, sem falar que é super corrupta. Não sei quem é pior, Macri, ela ou Bostonaro.",1,1,1,1,https://www.instagram.com/p/B1EoGt2gdnT/,Manuela d'Ávila,1,False,1,False,1,False
245,Ninguém está preocupado com a pena dela. É melhor ela cuidadar do pais dela .,1,1,1,1,https://www.instagram.com/p/B2uThqdH9xI/,Carla Zambelli,0,True,0,True,0,True
1135,Faz parte do patriarcado brasileiro querem o que?? Homens nojentos que já veem meninas como mulheres.,1,1,1,1,https://www.instagram.com/p/B3R0XMrAt7g/,Manuela d'Ávila,1,False,1,False,1,False
872,Toma abestada.😂😂😂,1,1,1,1,https://www.instagram.com/p/B4I9_wdHMYk/,Carla Zambelli,1,False,1,False,1,False
1992,Fale-nos sobre roubar dinheiro de aposentados. Você tem know-how!,1,1,0,1,https://www.instagram.com/p/B3PK5rOhwtV/,Gleisi Hoffmann,1,False,1,False,1,False
4297,"Teve a pergunta-chave: ""Você tá lúcido""? 😂😂👏👏👏👏🇧🇷🇧🇷🇧🇷🇧🇷",0,0,0,0,https://www.instagram.com/p/B4K2nvnF3cE/,Eduardo Bolsonaro,0,False,0,False,0,False
1108,"Homem nojento, sem limites!",1,1,1,1,https://www.instagram.com/p/B3R0XMrAt7g/,Manuela d'Ávila,1,False,1,False,1,False
6429,Lindos. Sigam em frente! 🇧🇷✨️,0,0,0,0,https://www.instagram.com/p/C4xe8v1L1WE/,Eduardo Bolsonaro,0,False,0,False,0,False
3765,Haddad era pra ser nosso presidente.nossa Amazonia nao.estaria .morrendo mas um louco faze.o.que🙏😍😍❤❤,0,0,0,0,https://www.instagram.com/p/B1ejo45l4FI/,Fernando Haddad,1,True,1,True,0,False
4627,Essa Ministra enfrenta a violência que tb é verbal com mãos de ferro👏👏,0,0,0,0,https://www.instagram.com/tv/B5TgBngnkBN/,Carla Zambelli,0,False,0,False,0,False
212,Pq é uma PILANTRA do mesmo NÍVEL BAIXO de LULADRÃO E DIMANTA!,1,1,1,1,https://www.instagram.com/p/B2uThqdH9xI/,Carla Zambelli,1,False,1,False,1,False
1495,Esse calhorda nunca mais terá a força que nosso Brasil tem hoje 👏🏻👏🏻👏🏻👏🏻,1,1,1,1,https://www.instagram.com/p/B42JqHMFyiu/,Eduardo Bolsonaro,0,True,0,True,1,False
6073,"Bolsonaro 38, em 2022 vai ser no primeiro turno!🇧🇷🙏",0,0,0,0,https://www.instagram.com/p/B573NclJYqb/,Joice Hasselmann,0,False,0,False,0,False
631,"#congressocontraopovo, 🤬🤮tudo dentro do costume da Casa do Povo!🤮🤬 #congressoVERGONHA",1,0,1,1,https://www.instagram.com/p/B1uwCHND_Z5/,Carla Zambelli,0,True,1,False,1,False
2608,"Qualquer ser com um mínimo de intelectualidade pode falar sobre mudanças climáticas e impactos no mundo ainda mais com um discurso escrito previamente. Só mídia e papo furado, essa menina não sabe nem fazer um pão com ovo na chapa mas é personalidade do ano, fala sério!",1,1,1,1,https://www.instagram.com/p/B573NclJYqb/,Joice Hasselmann,1,False,1,False,1,False
5120,Fiquei emocionada,0,0,0,0,https://www.instagram.com/p/B52f10agU7G/,Manuela d'Ávila,0,False,0,False,0,False
4259,Gato que homen lindo🔥🔥🔥🔥🔥,0,0,0,0,https://www.instagram.com/p/B4K2nvnF3cE/,Eduardo Bolsonaro,0,False,0,False,0,False
278,"Essa ridícula aí, tinha que pedir desculpa ao nosso presidente",1,1,1,1,https://www.instagram.com/p/B2uThqdH9xI/,Carla Zambelli,1,False,1,False,0,True
2460,Demorou pra colocar esse ser na cadeia novamente,1,1,1,1,https://www.instagram.com/p/B5TOC02JF6X/,Joice Hasselmann,1,False,1,False,0,True
100,Hipooooooócrita essa senhoura...,1,1,1,1,https://www.instagram.com/p/B2uThqdH9xI/,Carla Zambelli,1,False,1,False,1,False
5300,Amo você e sua família. Parabéns,0,0,0,0,https://www.instagram.com/p/B53DtnSlTq8/,Fernando Haddad,0,False,0,False,0,False
4018,Que jovem forte e linda!,0,0,0,0,https://www.instagram.com/p/B2xPpppAUaN/,Manuela d'Ávila,0,False,0,False,0,False
5388,Parabéns!!!!!! Grande Haddad!,0,0,0,0,https://www.instagram.com/p/B53DtnSlTq8/,Fernando Haddad,0,False,0,False,0,False
6066,"Grandes coisa, pro meu país não acarretou em nada",0,0,0,0,https://www.instagram.com/p/B573NclJYqb/,Joice Hasselmann,0,False,0,False,0,False
6283,"Ao fim dos privilégios tbm e que todos os políticos passem a pagar seus planos de saúde, INSS e impostos de renda... Que peguem seus próprios alugueis e suas próprias roupas. Afinal políticos tem algum gasto? Pra que tem salários?",0,0,0,0,https://www.instagram.com/p/C5gu6hzuUyx/,Carla Zambelli,1,True,0,False,1,True
1178,Homem canalha! Sem vergonha #respeitaaministradamares,1,1,1,1,https://www.instagram.com/tv/B5TgBngnkBN/,Carla Zambelli,1,False,1,False,1,False
6477,"Nosso presidente Bolsonaro, faz a diferença! 👏👏👏👏👏👏👏👏👏👏",0,0,0,0,https://www.instagram.com/p/C4tzQ6YrvgD/,Eduardo Bolsonaro,0,False,0,False,0,False
1659,Esses aí dorme todo dia no colo do capeta! Jesus nao tem nada com essa corja nao.,1,1,1,1,https://www.instagram.com/p/B4dWN3rgBNx/,Manuela d'Ávila,1,False,1,False,1,False
3567,@jairmessiasbolsonaro @bolsonarosp venha visitar o CM de campo grande MS.,0,0,0,0,https://www.instagram.com/p/B1rOH6Wlg4A/,Eduardo Bolsonaro,0,False,0,False,0,False
947,Véio caduco não pode ser preso.,1,1,1,1,https://www.instagram.com/p/B3R0XMrAt7g/,Manuela d'Ávila,1,False,1,False,1,False
1693,Nojo dessa corja,1,1,1,1,https://www.instagram.com/p/B4dWN3rgBNx/,Manuela d'Ávila,1,False,1,False,1,False
4901,Haudad até hoje a ficha não caiu 😓😓😢,0,0,0,0,https://www.instagram.com/p/B5QeyE9lNSg/,Fernando Haddad,0,False,1,True,0,False
2988,Vermes parasita,1,1,1,1,https://www.instagram.com/p/B1v5c9bJbWX/,Joice Hasselmann,1,False,1,False,1,False
6301,É a existência do foro privilegiado que dá esse poder aos 11 ministros do STF.,0,0,0,0,https://www.instagram.com/p/C5gu6hzuUyx/,Carla Zambelli,0,False,1,True,0,False
5106,"Por favor, poste quando entender mais sobre o tema. Tb possuo altas dúvidas. Contudo, viva a África 💜",0,0,0,0,https://www.instagram.com/p/B52f10agU7G/,Manuela d'Ávila,0,False,0,False,0,False
1525,Já estou levantado capeta,1,1,1,1,https://www.instagram.com/p/B4dWN3rgBNx/,Manuela d'Ávila,0,True,0,True,1,False
2093,"Filho da p........ volta Lula, só vc pra consertar tudo isso....",1,1,1,1,https://www.instagram.com/p/B3PK5rOhwtV/,Gleisi Hoffmann,1,False,0,True,0,True
3701,Haddad é a esperança de um Brasil melhor.,0,0,0,0,https://www.instagram.com/p/B1ejo45l4FI/,Fernando Haddad,0,False,0,False,0,False
3803,@lauraisv tá ofendendo seu país aqui amiga,0,0,0,0,https://www.instagram.com/p/B1EoGt2gdnT/,Manuela d'Ávila,1,True,0,False,0,False
2690,Joice já foi melhor !! Uma pena tá parecendo a Globo agora !!,1,1,0,1,https://www.instagram.com/p/B573NclJYqb/,Joice Hasselmann,1,False,1,False,1,False
3160,"Ele nao para , me impressiona a quantidade de pessoas que ainda pertencem a esse bloco que se auto intitula direita , sinceramente ...",1,0,1,1,https://www.instagram.com/p/B3R0XMrAt7g/,Manuela d'Ávila,1,False,1,False,0,True
2293,"Fica quieta joice, tá feio ja",1,1,1,1,https://www.instagram.com/p/B4TD6fRJ9yJ/,Joice Hasselmann,0,True,1,False,1,False
1128,Velho ridículo 🤢🤮,1,1,1,1,https://www.instagram.com/p/B3R0XMrAt7g/,Manuela d'Ávila,1,False,1,False,1,False
1848,😂😂😂😂😂😂 Pepa só está dando tiro no pe... kkkk,1,0,1,1,https://www.instagram.com/p/B589PRLHK_N/,Carla Zambelli,1,False,1,False,1,False
5754,Benedita não se altere porque esse ato cometido foi por gente que tem alma escura !,0,0,1,0,https://www.instagram.com/tv/B5EDfDPhjyf/,Gleisi Hoffmann,1,True,1,True,1,True
1891,"Que bom que,as máscaras estão caindo rápido.",0,1,1,1,https://www.instagram.com/p/B589PRLHK_N/,Carla Zambelli,1,False,1,False,0,True
5385,Parabéns!!!! O Sr merece.,0,0,0,0,https://www.instagram.com/p/B53DtnSlTq8/,Fernando Haddad,0,False,0,False,0,False
225,😂😂 Ela é galinha! Pena?! Q é isso!?,1,1,1,1,https://www.instagram.com/p/B2uThqdH9xI/,Carla Zambelli,1,False,1,False,1,False
5320,"Parabéns, professor. Que pena você não ser nosso presidente!!!!",0,0,0,0,https://www.instagram.com/p/B53DtnSlTq8/,Fernando Haddad,0,False,0,False,0,False
6703,@elizabethsavala Verdade!!!❤️❤️❤️❤️❤️,0,0,0,0,https://www.instagram.com/p/C4-lEANRpai/,Gleisi Hoffmann,0,False,0,False,0,False
2068,"Esse nojento, coisa ruim dos infernos",1,1,1,1,https://www.instagram.com/p/B3PK5rOhwtV/,Gleisi Hoffmann,1,False,1,False,1,False
1083,"Pelo amor de Deus, cadê o pai desta criança não vai, fazer nada só porque o veio do sbt é amigo do bozo?",0,1,1,1,https://www.instagram.com/p/B3R0XMrAt7g/,Manuela d'Ávila,1,False,1,False,1,False
5497,"E o que você tá fazendo não fortalece, né,",0,0,0,0,https://www.instagram.com/p/B4TD6fRJ9yJ/,Joice Hasselmann,0,False,0,False,0,False
2961,Isso é um absurdo!!! Estes vagabundos tinham que ser EXPULSO S DO PAÍS!!!,1,1,1,1,https://www.instagram.com/p/B1v5c9bJbWX/,Joice Hasselmann,1,False,1,False,1,False
275,"O que essa bandida corrupta ta falando do presidente, velha idiota.",1,1,1,1,https://www.instagram.com/p/B2uThqdH9xI/,Carla Zambelli,1,False,1,False,1,False
2310,"Vocês ainda não entenderam a extrema esquerda revolucionária você falando ou não, fazendo ou não, produzindo ou não, atacando ou não, se defendendo ou não, eles querem o poder acima de tudo, onde o fim nustifica os meios. Vão atacar violentamente e sistematicamente tudo aquilo que está fora dos interesses do partido. Isso é um fato histórico. Só no Brasil que enxergam a esquerda como um partido, quando a história nos prova o contrário. Não é uma questão de dar munição para o oponente, e sim, de sobrevivencia em meio a uma máfia política criminosa que tomou conta o estamento burocrático brasileiro, que se preciso for, mandam matar. Alguém ainda tem dúvidas?",1,1,0,1,https://www.instagram.com/p/B4TD6fRJ9yJ/,Joice Hasselmann,1,False,1,False,1,False
5005,Parabéns presidente Jair Bolsonaro parabéns Brasil e nós,0,0,0,0,https://www.instagram.com/p/B6Ees1JF2La/,Eduardo Bolsonaro,0,False,0,False,0,False
6047,Cada vez você se complica mais ficando contra o Presidente. Sinal que é contra a recuperação do nosso País...Fico triste pois admirava você Joice...Agora vejo que me enganei...Mesmo assim seja feliz...,0,0,0,0,https://www.instagram.com/p/B573NclJYqb/,Joice Hasselmann,0,False,0,False,0,False
6851,"Avante direita, o Brasil está precisando de mais ações do que narrativas, 🇧🇷🇧🇷🇧🇷🇧🇷🇧🇷",0,0,0,0,https://www.instagram.com/p/C5qRNy_LGoB/?img_index=1,Carla Zambelli,0,False,0,False,0,False
1692,"Esse é a verdadeira vergonha. Ser evangélico ou ser católico remonta o amor ao próximo, mas esse cara é vil e preconceituoso.",1,1,0,1,https://www.instagram.com/p/B4dWN3rgBNx/,Manuela d'Ávila,1,False,1,False,1,False
1816,#DEPUTADADECEPÇÃOTRAÍRA,1,1,0,1,https://www.instagram.com/p/B589PRLHK_N/,Carla Zambelli,1,False,0,True,1,False
6009,O nosso preslidente esta muito certo sim .,0,0,0,0,https://www.instagram.com/p/B573NclJYqb/,Joice Hasselmann,0,False,0,False,0,False
208,Essa vagabunda não tem que falar nada!,1,1,1,1,https://www.instagram.com/p/B2uThqdH9xI/,Carla Zambelli,1,False,1,False,1,False
4934,"Avante Brasil...políticos que não querem com CERTEZA deixaremos no arquivo morto, digamos. Carla estamos com vc e outros com o mesmo foco.❤😘",0,0,0,0,https://www.instagram.com/p/B589PRLHK_N/,Carla Zambelli,0,False,0,False,0,False
4492,Dupla imbatível nas argumentações inteligentes contra esse governo desgovernado que estamos pagando....aff,0,0,0,0,https://www.instagram.com/p/B3efAGxlTKb/,Fernando Haddad,1,True,1,True,1,True
3177,"Esse programa já foi melhorzinho, bando de cretinos",1,0,1,1,https://www.instagram.com/p/B3R0XMrAt7g/,Manuela d'Ávila,1,False,1,False,1,False
1747,"Que asco. Uma pessoa assim não pode exercer a política, porque não contribui para o debate. É só atraso.",1,1,0,1,https://www.instagram.com/p/B4dWN3rgBNx/,Manuela d'Ávila,1,False,1,False,1,False
4630,Ministra Damares vc é a melhor!!!!!! Parabéns👏👏👏,0,0,0,0,https://www.instagram.com/tv/B5TgBngnkBN/,Carla Zambelli,0,False,0,False,0,False
669,Que milagre não pareceu os gados dizendo bobagens 😒😒😒,1,0,1,1,https://www.instagram.com/p/B2xPpppAUaN/,Manuela d'Ávila,1,False,1,False,1,False
1969,Aqui não farroupilha!!!,1,1,0,1,https://www.instagram.com/p/B53DtnSlTq8/,Fernando Haddad,1,False,1,False,1,False
6503,Amamos Bolsonaro 🇧🇷🇧🇷🇧🇷👍 👏👏👏👍👍👍👍🥰🥰🇧🇷🇧🇷🇧🇷🇧🇷,0,0,0,0,https://www.instagram.com/p/C4J-1kor5gc/,Eduardo Bolsonaro,0,False,0,False,0,False
2643,Cala a boca sua pirralha !!! 💩💩💩,1,1,1,1,https://www.instagram.com/p/B573NclJYqb/,Joice Hasselmann,1,False,1,False,1,False
1024,Denúncia esse sujeito escroto,1,1,1,1,https://www.instagram.com/p/B3R0XMrAt7g/,Manuela d'Ávila,1,False,1,False,1,False
5187,Que mulher linda!!! Parabéns ❤️❤️❤️❤️❤️❤️,0,0,0,0,https://www.instagram.com/p/B52f10agU7G/,Manuela d'Ávila,0,False,0,False,0,False
6445,"Parabéns meu querido e eterno PRESIDENTE BOLSONARO que DEUS abençoe poderosamente o Senhor e sua família... felicidade, saúde,paz e prosperidade 👏👏👏👏💚💛🇧🇷🇧🇷🇧🇷🇧🇷",0,0,0,0,https://www.instagram.com/p/C4xe8v1L1WE/,Eduardo Bolsonaro,0,False,0,False,0,False
5812,Tem que abrir processo disciplinar por quebra de decoro na forma do regimento. Pelo vandalismo e pelo ato de racismo.,0,0,0,0,https://www.instagram.com/tv/B5EDfDPhjyf/,Gleisi Hoffmann,0,False,1,True,1,True
5602,Correta afirmação! Estao areimando argumentos e justificativas para os contrarios usarem de artificio para derruba los,0,0,1,0,https://www.instagram.com/p/B4TD6fRJ9yJ/,Joice Hasselmann,1,True,0,False,1,True
272,"🇧🇷 Vergonha mundial, não tem moral pra falar nada do Brasil.",1,1,1,1,https://www.instagram.com/p/B2uThqdH9xI/,Carla Zambelli,1,False,1,False,1,False
5137,"Exatamente!!! Sou pessoalmente contra esse tipo de comparação com nós mulheres - considero isso uma leviandade! Mas quando alguém consegue transcender esse lugar, e, com esse nível de consciência e empoderamento , não é só sobre um concurso, estamos falando de representatividade...e precisamos de mais vozes como a dela! ❤️😍",0,0,0,0,https://www.instagram.com/p/B52f10agU7G/,Manuela d'Ávila,0,False,0,False,0,False
4645,"Se fosse o Pabllo Vittar , os lacradores: ""Linda"" , ""Essa mulher nos representa"" , ""Ninguém solta a mão de ninguém"" , ""Viva o Feminismo"". 😂😂😂😂😂😂",0,1,0,0,https://www.instagram.com/tv/B5TgBngnkBN/,Carla Zambelli,1,True,0,False,1,True
5892,O Ministro Fachin foi justo na primeira decisão e nesta mais ainda. Lula de novo à Curitiba caro Sr ministro.!!👍,0,0,0,0,https://www.instagram.com/p/B5TOC02JF6X/,Joice Hasselmann,0,False,0,False,0,False
6746,Parabéns Bolsonaro Parabéns Você me representa Parabéns Brasil Parabéns Parabéns Bahrein Parabéns,0,0,0,0,https://www.instagram.com/p/C4DSASyLxeO/,Eduardo Bolsonaro,0,False,0,False,0,False
6235,"Volta meu Presidente Bolsonaro, que saudades 🙏🇧🇷🇧🇷🇧🇷🇧🇷🇧🇷",0,0,0,0,https://www.instagram.com/p/C5ep78XPyzw/,Eduardo Bolsonaro,0,False,0,False,0,False
3462,Impressionante!!! De doer ouvir estas barbaridades !,1,0,1,1,https://www.instagram.com/p/C5RG9JWovk7/,Carla Zambelli,1,False,1,False,0,True
4965,"Aqui em Vitória o comércio está aquecido, os shoppings cheios de pessoas com sacolas nas mãos, várias lojinhas sendo abertas...otimismo e esperança 👏👏",0,0,0,0,https://www.instagram.com/p/B6Ees1JF2La/,Eduardo Bolsonaro,0,False,0,False,0,False
3172,"Puts, sem noção mesmo...",1,0,1,1,https://www.instagram.com/p/B3R0XMrAt7g/,Manuela d'Ávila,1,False,1,False,0,True
5041,Deus abençoe nosso país 🙌🙌🙌🙌🙌,0,0,0,0,https://www.instagram.com/p/B6Ees1JF2La/,Eduardo Bolsonaro,0,False,0,False,0,False
6770,Libera o Projeto de Lei do saque aniversário ❗❗❗,0,0,0,0,https://www.instagram.com/p/Cyl2yBqxhOV/,Fernando Haddad,0,False,0,False,0,False
3085,"Eu n sabia da propina. Meu Deus, qta sujeira😳",1,0,1,1,https://www.instagram.com/p/B2uThqdH9xI/,Carla Zambelli,1,False,1,False,1,False
6234,"Presidente Bolsonaro..... o melhor, mais competente, estávamos no caminho certo com a economia,tudo estava fluindo, vem o grande golpe, e tiram nosso presidente, jamais haverá outro como ele, porém podemos ter uma presidente bem próxima a ele,linda, competente, perfeita!!!!!!!",0,0,0,0,https://www.instagram.com/p/C5ep78XPyzw/,Eduardo Bolsonaro,0,False,0,False,0,False
4081,Que consciência tem essa garota!,0,0,0,0,https://www.instagram.com/p/B2xPpppAUaN/,Manuela d'Ávila,0,False,0,False,0,False
6518,🇧🇷🇧🇷🇧🇷🇧🇷🇧🇷Deus padria família vamos mudar essa geração juntos somos mais fortes 👏👏👏👏👏parabéns Bolsonaro siga firme,0,0,0,0,https://www.instagram.com/p/C4J-1kor5gc/,Eduardo Bolsonaro,0,False,0,False,0,False
1342,Cara vagabundo !!😡😡😡😡,1,1,1,1,https://www.instagram.com/p/B42JqHMFyiu/,Eduardo Bolsonaro,1,False,1,False,1,False
4182,@alexandrepereira8396 Viu sua foto no meio deles?,0,0,0,0,https://www.instagram.com/p/B1_m4F5lO_d/,Fernando Haddad,0,False,0,False,0,False
6543,"@cheoheck mídia direitista brasileira? Isso existe? Tem anos que procuro uma e ainda não achei.. Se tiver pra indicar, eu agradeço..",0,0,0,0,https://www.instagram.com/p/CzoNkn1MX4n/,Manuela d'Ávila,0,False,1,True,0,False
2457,"😂😂😂😂 debochado, foi bem pago..",1,0,1,1,https://www.instagram.com/p/C1Wwy_YuxZ5/,Fernando Haddad,1,False,1,False,1,False
490,"Vejo um negócio desse e fico puto cara porque o exército não entra em ação logo esses canalhas estão fudendo com o Brasil com todos os brasileiros. Isso dá uma indignação tremenda, triste",1,1,1,1,https://www.instagram.com/p/B1uwCHND_Z5/,Carla Zambelli,1,False,1,False,1,False
2858,Que lixo de mulher. Não sabe nem falar. Tenho vergonha de ter sido governado por uma mulher dessas.,1,1,1,1,https://www.instagram.com/tv/B09BRCjB_gV/,Gleisi Hoffmann,1,False,1,False,1,False
4209,"Tamos juntos, Professor não vejo a hora de um Brasil feliz de novo!",0,0,0,0,https://www.instagram.com/p/B1_m4F5lO_d/,Fernando Haddad,0,False,0,False,0,False
5993,Curtem os comentários fortalece a união ❤️. Os ricos se incomodam tanto que aparecem aqui pra comentar,0,0,0,0,https://www.instagram.com/p/B55Fxu4F5Y5/,Gleisi Hoffmann,0,False,0,False,0,False
4751,Triste realidade do brasil,0,0,0,0,https://www.instagram.com/p/B4dWN3rgBNx/,Manuela d'Ávila,0,False,1,True,0,False
2367,Pior é que tem negros que votam nessa gente! O Brasil precisa acordar!!!,1,0,1,1,https://www.instagram.com/tv/B5EDfDPhjyf/,Gleisi Hoffmann,0,True,0,True,0,True
33,E eu tenho pena de vc sua ridícula.,1,1,1,1,https://www.instagram.com/p/B2uThqdH9xI/,Carla Zambelli,1,False,1,False,1,False
5864,Pelo menos uma boa noticia!,0,0,0,0,https://www.instagram.com/p/B5TOC02JF6X/,Joice Hasselmann,0,False,0,False,0,False
1223,QUEM ESCREVEU ESSAS IMUNDÍCIES REPUGNANTES E QUEM AS PUBLICOU DEVERIAM SER ENTREGUES AOS VINTE PRRDID,0,1,1,1,https://www.instagram.com/tv/B5TgBngnkBN/,Carla Zambelli,1,False,1,False,1,False
6943,CONCORDO PLENAMENTE... PARABÉNS... AMÉM.,0,0,0,0,https://www.instagram.com/p/C5duspiJ3-_/,Carla Zambelli,0,False,0,False,0,False
4217,Povo bonito 😍,0,0,0,0,https://www.instagram.com/p/B1_m4F5lO_d/,Fernando Haddad,0,False,0,False,0,False
3477,Basta 4 pra fude 220 milhões de pessoas.kkkkk,1,1,1,1,https://www.instagram.com/p/C4GSKkBrziS/,Fernando Haddad,1,False,1,False,1,False
1912,"@joicehasselmannoficial é vergonha do nosso Brasil, o tiro saiu pela culatra em querida . #38 #aliancapelobrasil",0,1,1,1,https://www.instagram.com/p/B589PRLHK_N/,Carla Zambelli,1,False,1,False,1,False
5035,"PARABÉNS PARA O JORNALISMO SERIO, PARAB3NS AL3XANDRE GARCIA!! !PARABÉNS BRASIL!🇧🇷🇧🇷🇧🇷🇧🇷🇧🇷👏🇧🇷👏👏🇧🇷👏🇧🇷🤲🇧🇷🤲🇧🇷🤲🇧🇷🔰🌻🌷🌻🌷🌻👍👍🇧🇷👏🇧🇷👏🇧🇷👏🇧🇷",0,0,0,0,https://www.instagram.com/p/B6Ees1JF2La/,Eduardo Bolsonaro,0,False,1,True,0,False
3938,"Vivemos no parlamentarismo ou presidencialismo, há horas que parece também o "" judicialismo""...Pobre Brasil...",0,0,0,0,https://www.instagram.com/p/B1uwCHND_Z5/,Carla Zambelli,0,False,0,False,0,False
758,"Essa emissora está indo para o buraco , cavado por eles mesmos , não noticiam a verdade , os apresentadores se lambuzam com o próprio veneno e acontece isso ao vivo !🤢🤮",1,1,1,1,https://www.instagram.com/p/B4I9_wdHMYk/,Carla Zambelli,1,False,1,False,1,False
3551,"Cara, você tem noção de quem ordenou essa invasão da Polonia!?!?🙁😣",0,0,0,0,https://www.instagram.com/p/B1rOH6Wlg4A/,Eduardo Bolsonaro,0,False,0,False,0,False
525,Haddad vai pegar prisão perpétua,1,1,1,1,https://www.instagram.com/p/B1uwCHND_Z5/,Carla Zambelli,1,False,1,False,1,False
6246,"@edinalepechak oxe, acho que vc respondeu pra pessoa errada, eu sou Bolsonaro ontem, hoje e sempre🇧🇷🇧🇷🇧🇷",0,0,0,0,https://www.instagram.com/p/C5ep78XPyzw/,Eduardo Bolsonaro,0,False,0,False,0,False
4692,Estamos precisando do DEPUTADO FLÁVIO BOLSONARO 🇧🇷🇧🇷🇧🇷🇧🇷🇧🇷🇧🇷,0,0,0,0,https://www.instagram.com/p/B42JqHMFyiu/,Eduardo Bolsonaro,0,False,0,False,0,False
6945,"Parabéns Tarcísio, você é o melhor governador de são Paulo até hj, que Deus abençoe sua vida, são Paulo seráo melhor estado do Brasil",0,0,0,0,https://www.instagram.com/p/C5duspiJ3-_/,Carla Zambelli,0,False,0,False,0,False
338,Esse bolha falador de merdas já passou dos limites so5de ter nascido. 💩,1,1,1,1,https://www.instagram.com/p/B1EoGt2gdnT/,Manuela d'Ávila,1,False,1,False,1,False
3535,Candidato a embaixador comemorando o massacre que a Alemanha nazista fez quando invadiu a Polônia.,0,0,0,0,https://www.instagram.com/p/B1rOH6Wlg4A/,Eduardo Bolsonaro,0,False,0,False,0,False
1107,Ridiculo esse senhor,1,1,1,1,https://www.instagram.com/p/B3R0XMrAt7g/,Manuela d'Ávila,1,False,1,False,1,False
4563,Deus é contigo ministra anjos estão guerreando por ti. 🙏🙏,0,0,0,0,https://www.instagram.com/tv/B5TgBngnkBN/,Carla Zambelli,0,False,0,False,0,False
1925,"A Joyce só pode estar ""surtando""!!! 😱😱😱",1,0,1,1,https://www.instagram.com/p/B589PRLHK_N/,Carla Zambelli,0,True,1,False,1,False
3096,"Infelizmente o governo mundial olha e faz cara de foda-se . Eles não ligam , eles não se importam. APENAS. 🤭🤦🏻‍♀️😥",1,0,1,1,https://www.instagram.com/p/B2xPpppAUaN/,Manuela d'Ávila,1,False,1,False,1,False
5256,Ainda vai ser nosso presidente se Deus quiser sinto que és um homem de de bem,0,0,0,0,https://www.instagram.com/p/B53DtnSlTq8/,Fernando Haddad,0,False,0,False,0,False
2784,Pelo amor de Deus. Essa garota não é nada. E a mosca da bosta do cavalo de Dom Pedro II.,1,1,1,1,https://www.instagram.com/p/B573NclJYqb/,Joice Hasselmann,1,False,1,False,1,False
4891,Viva Freire!!!!,0,0,0,0,https://www.instagram.com/p/B5QeyE9lNSg/,Fernando Haddad,0,False,0,False,0,False
6550,"@paulorobertoalbuquerqueoliv , prezado, tu ainda está nesse viagem?",0,0,0,0,https://www.instagram.com/p/CzoNkn1MX4n/,Manuela d'Ávila,0,False,0,False,0,False
356,E um viva à esquerdalha!!!!!!,1,0,1,1,https://www.instagram.com/p/B1EoGt2gdnT/,Manuela d'Ávila,1,False,0,True,1,False
2387,"Que esse coronelzinho seja responsabilizado e devidamente penalizado. Criatura desprezível, coronel de 💩.",1,0,1,1,https://www.instagram.com/tv/B5EDfDPhjyf/,Gleisi Hoffmann,1,False,1,False,1,False
929,"A esquerda além de tudo, é invejosa!🤣",1,1,1,1,https://www.instagram.com/p/B4K2nvnF3cE/,Eduardo Bolsonaro,1,False,1,False,0,True
2925,"Esses traíras, só pendurando pelas bolas e deixar lá, até encostar no chão....🤦‍♂️",1,1,1,1,https://www.instagram.com/p/B1v5c9bJbWX/,Joice Hasselmann,1,False,1,False,1,False
5105,👏👏👏 é isso que tá faltando em quem votou nesse Sr. bom senso para reconhecer o erro. Que não foi pequeno.,0,0,0,0,https://www.instagram.com/p/B52f10agU7G/,Manuela d'Ávila,0,False,0,False,0,False
239,E quando recebeu dinheiro ilegal de propina e portanto de nossos impostos suados? Hipócrita.,1,1,1,1,https://www.instagram.com/p/B2uThqdH9xI/,Carla Zambelli,1,False,1,False,1,False
4011,E aí você descobre que uma adolescente de 16 anos tem um discurso mais maduro intelectualmente e contributivo para o mundo do que o presidente do seu país.,0,0,0,0,https://www.instagram.com/p/B2xPpppAUaN/,Manuela d'Ávila,0,False,0,False,0,False
1885,"Dupla personalidade... ou desequilibrada mesmo... 3, 2, 1... hauahuahaua",1,1,1,1,https://www.instagram.com/p/B589PRLHK_N/,Carla Zambelli,0,True,1,False,1,False
946,Podre. Só lembro daquele bandido que falava pro repórter : morre! Diabo!,1,1,1,1,https://www.instagram.com/p/B3R0XMrAt7g/,Manuela d'Ávila,1,False,1,False,1,False
6183,Mais mulheres na política 👏,0,0,0,0,https://www.instagram.com/p/C4QI4HHgfJJ/,Manuela d'Ávila,0,False,0,False,0,False
2669,Que podre!!!!!@joicehasselmannoficial cada dia se afunda mais... sai enquanto é tempo. Para que está horrível.,1,1,0,1,https://www.instagram.com/p/B573NclJYqb/,Joice Hasselmann,1,False,1,False,1,False
5021,Só rezo e acredito🙏,0,0,0,0,https://www.instagram.com/p/B6Ees1JF2La/,Eduardo Bolsonaro,0,False,0,False,0,False
6662,VIVA Á DEMOCRACIA,0,0,0,0,https://www.instagram.com/p/C5OEkFkMG5J/,Gleisi Hoffmann,0,False,0,False,0,False
428,"Certeza q a esquerda eh doente. Apoio a maduro, Cristina. Só pode ser doença",1,1,1,1,https://www.instagram.com/p/B1EoGt2gdnT/,Manuela d'Ávila,1,False,0,True,0,True
4176,👏👏👏👏👏👏🇧🇷 o Brasil precisa de NÓS ❤️,0,0,0,0,https://www.instagram.com/p/B1_m4F5lO_d/,Fernando Haddad,0,False,0,False,0,False
5460,Tá apaixonada? Vira o disco😂,0,0,1,0,https://www.instagram.com/p/B4TD6fRJ9yJ/,Joice Hasselmann,0,False,0,False,0,False
629,"Que absurdo isso, cadeia para esses fdp ninguém coloca limites ne... raça dos infernos, quabdo morrerem vão tudo queimar no inferno essas pragas.",1,1,1,1,https://www.instagram.com/p/B1uwCHND_Z5/,Carla Zambelli,1,False,1,False,1,False
262,Cara horrorosa dessa senhora,1,1,1,1,https://www.instagram.com/p/B2uThqdH9xI/,Carla Zambelli,1,False,1,False,1,False
6513,Aquí e brasil 🇧🇷 🇧🇷🇧🇷🇧🇷🇪🇸🇪🇸🇪🇸,0,0,0,0,https://www.instagram.com/p/C4J-1kor5gc/,Eduardo Bolsonaro,0,False,0,False,0,False
6069,"Lamentável, deste jeito, 2022 não vai dar pra vc",0,0,0,0,https://www.instagram.com/p/B573NclJYqb/,Joice Hasselmann,1,True,0,False,0,False
3131,Deveriam fazer um compilado de fake news só da Globo; criar um site só para isso!,0,1,1,1,https://www.instagram.com/p/B4I9_wdHMYk/,Carla Zambelli,1,False,1,False,1,False
4241,🤣🤣🤣🤣🤣🤣 Mais uma com coragem que apenas falou a verdade 🇧🇷🇧🇷🇧🇷🇧🇷,0,0,0,0,https://www.instagram.com/p/B4I9_wdHMYk/,Carla Zambelli,0,False,0,False,0,False
1215,"Que terror! Meu Deus que desumanidade!!! Como um homem desse ainda é ouvido por alguém!? Como alguem ainda ousa contratar seus ""servicos"" de jornalista ainda!? Só alguém q é igual a ele, alguém asqueroso, desumano e cristofobico! 😡😡",1,1,1,1,https://www.instagram.com/tv/B5TgBngnkBN/,Carla Zambelli,1,False,1,False,1,False
4420,2 pessoas super inteligentes...,0,0,0,0,https://www.instagram.com/p/B3efAGxlTKb/,Fernando Haddad,0,False,1,True,0,False
1519,LSN NESSA CORJA DE VAGABUNDOS,1,1,1,1,https://www.instagram.com/p/B42JqHMFyiu/,Eduardo Bolsonaro,1,False,1,False,1,False
5700,Respeitem aqueles que saem todos os dias de casa pra nos defender. Respeitem a policia brasileira.,0,0,0,0,https://www.instagram.com/tv/B5EDfDPhjyf/,Gleisi Hoffmann,0,False,0,False,0,False
1063,"@maisa vamos tesouro, ñ se misture com essa gentalha 🥺",1,1,0,1,https://www.instagram.com/p/B3R0XMrAt7g/,Manuela d'Ávila,1,False,1,False,1,False
2331,Parabéns Benedita...esse canalha precisa ser punido!,0,1,1,1,https://www.instagram.com/tv/B5EDfDPhjyf/,Gleisi Hoffmann,1,False,1,False,1,False
709,"Enquanto um protege nossas riquezas, o outro se preocupa com o cú alheio",1,0,1,1,https://www.instagram.com/p/B1_m4F5lO_d/,Fernando Haddad,1,False,1,False,0,True
649,"Para que tanta inveja Muié, o povo tem que manifestar mesmo para provar que Bolsonaro é mais amado que o *L* o persona non grata, aceita que dói menos tá?",1,1,1,1,https://www.instagram.com/p/B2xPpppAUaN/,Manuela d'Ávila,0,True,0,True,1,False
2073,Que merda esse homem ñ faz nada pra melhor so fera com nos trabalhadores,1,0,1,1,https://www.instagram.com/p/B3PK5rOhwtV/,Gleisi Hoffmann,1,False,1,False,1,False
3199,EXISTE UMA LINGA TÊNUE ENTRE O ENGRAÇADO E O PATÉTICO.,1,0,1,1,https://www.instagram.com/p/B3efAGxlTKb/,Fernando Haddad,1,False,1,False,1,False
3893,E ele sabe onde fica Roraima?,0,0,0,0,https://www.instagram.com/p/B1EoGt2gdnT/,Manuela d'Ávila,0,False,0,False,1,True
4292,@bolsonarosp não perco por nada! 🔥,0,0,0,0,https://www.instagram.com/p/B4K2nvnF3cE/,Eduardo Bolsonaro,0,False,1,True,0,False
113,"Pois é, nojenta!!",1,1,1,1,https://www.instagram.com/p/B2uThqdH9xI/,Carla Zambelli,0,True,1,False,1,False
1036,"Ele ainda ri, é um imoral",1,1,1,1,https://www.instagram.com/p/B3R0XMrAt7g/,Manuela d'Ávila,1,False,1,False,1,False
1480,Essa porra eh o diabo,1,1,1,1,https://www.instagram.com/p/B42JqHMFyiu/,Eduardo Bolsonaro,1,False,1,False,1,False
3794,Você. Não. Está. Sozinho. Seguro firme a sua mão. 💓💓💓💓💓💓💓💓,0,0,0,0,https://www.instagram.com/p/B1ejo45l4FI/,Fernando Haddad,0,False,0,False,0,False
6737,"Parabéns, a verdade sempre aparece 🙌🙌🙌🙌",0,0,0,0,https://www.instagram.com/p/C4wHsBWvHP1/,Eduardo Bolsonaro,0,False,0,False,0,False
4203,Lula livre para o bem da nação,0,0,0,0,https://www.instagram.com/p/B1_m4F5lO_d/,Fernando Haddad,0,False,0,False,0,False
1740,"E o PSL como sempre, envolvido das atrocidades .",0,1,1,1,https://www.instagram.com/p/B4dWN3rgBNx/,Manuela d'Ávila,1,False,0,True,1,False
6973,Aonde esta mesa de negociação da carreira dos servidores federais da educação?,0,0,0,0,https://www.instagram.com/p/C4GSKkBrziS/,Fernando Haddad,0,False,0,False,0,False
5659,Janaína tem razão...,0,0,0,0,https://www.instagram.com/p/B4TD6fRJ9yJ/,Joice Hasselmann,0,False,0,False,0,False
632,Até quando o STF vai trabalhar contra o país?,0,1,1,1,https://www.instagram.com/p/B1uwCHND_Z5/,Carla Zambelli,0,True,0,True,0,True
2671,"A população está se lixando para opinião da imprensa internacional, deputada. É uma pirralha mimada patrocinada por esquerdopatas inescrupulosos com objetivos escusos que ficaram milionários. O presidente da República tem razão",1,1,1,1,https://www.instagram.com/p/B573NclJYqb/,Joice Hasselmann,1,False,1,False,1,False
3591,"Lindos, parabéns👏👏👏👏 amo❤️",0,0,0,0,https://www.instagram.com/p/B1rOH6Wlg4A/,Eduardo Bolsonaro,0,False,0,False,0,False
3109,ESTÁ AÍ EU JÁ NÃO ASSISTO FAZ TEMPO. MUITO DEBOCHADA.NÃO DÁ MAIS GLOBO TÔ FORA.,1,0,1,1,https://www.instagram.com/p/B4I9_wdHMYk/,Carla Zambelli,1,False,1,False,1,False
3919,Lei da mordaça,0,1,0,0,https://www.instagram.com/p/B1uwCHND_Z5/,Carla Zambelli,1,True,1,True,1,True
69,"Vagabunda,Ordinária",1,1,1,1,https://www.instagram.com/p/B2uThqdH9xI/,Carla Zambelli,1,False,1,False,1,False
3332,@lusilenegaspargaspar O RIVOTRIL SENHORA ESQUECEU MESMO 😂😂😂😂😂,1,0,1,1,https://www.instagram.com/p/C5ZLiSBPgFa/,Gleisi Hoffmann,1,False,1,False,1,False
6995,Que o Senhor Jesus esteja com vocês dando sabedoria e proteção 🙌,0,0,0,0,https://www.instagram.com/p/C5rDlbTPTJq/,Eduardo Bolsonaro,0,False,0,False,0,False
1773,Deus nos livre desse mal!!!,1,1,0,1,https://www.instagram.com/p/B5QeyE9lNSg/,Fernando Haddad,1,False,1,False,1,False
4935,"Por um lado eu acho desnecessário ficar um atacando o outro, MAS por outro lado acho necessário, pois SÓ assim ficamos sabendo o que a passa nos """" bastidores """".",0,0,0,0,https://www.instagram.com/p/B589PRLHK_N/,Carla Zambelli,1,True,0,False,0,False
5023,"Alexandre, excelente seus comentários, com objetividade e poucas palavras você contribuí com informações importantes para o povo brasileiro. Parabéns e obrigado! Abs!",0,0,0,0,https://www.instagram.com/p/B6Ees1JF2La/,Eduardo Bolsonaro,0,False,0,False,0,False
3056,Deveriam ser presos esses pretalhas!!,1,1,1,1,https://www.instagram.com/p/B1v5c9bJbWX/,Joice Hasselmann,1,False,1,False,1,False
3754,Professor estamos contigo nós te amamos.,0,0,0,0,https://www.instagram.com/p/B1ejo45l4FI/,Fernando Haddad,0,False,0,False,0,False
3117,Como confiar em uma emissora que de todas as formas quer acabar com o governo e consequentemente com o país. Triste. Eles se perdem na própria mentira.,0,1,1,1,https://www.instagram.com/p/B4I9_wdHMYk/,Carla Zambelli,1,False,1,False,1,False
2423,Cadeia nessi mizeravel disgrasado que feis isso aí esse disgrasado estava aí si amostrando o dominador momtrando a todos nós negros incruindo eu um cara maldito esse cara estava demostrando ali naquele momento a guria dele comtra nois negros desse país,1,1,1,1,https://www.instagram.com/tv/B5EDfDPhjyf/,Gleisi Hoffmann,1,False,1,False,1,False
4619,"Que absurdo fizeram com ela,o Brasil precisa de você,e está fazendo um ótimo trabalho,indo atrás de pedófilos que estupram até bebês.",0,0,0,0,https://www.instagram.com/tv/B5TgBngnkBN/,Carla Zambelli,1,True,1,True,1,True
4481,Que vontade de dar um abraço nos dois! ❤️,0,0,0,0,https://www.instagram.com/p/B3efAGxlTKb/,Fernando Haddad,0,False,0,False,0,False
3313,"A Gente Sabe, Quem Realmente Deu O Golpe Seu verme",1,1,0,1,https://www.instagram.com/p/C114G1zNdjW/,Fernando Haddad,1,False,0,True,1,False
2063,"Rebentado a gente, foi para isso que colocamos vc aí, vai acaba com nós pobres.",1,0,1,1,https://www.instagram.com/p/B3PK5rOhwtV/,Gleisi Hoffmann,1,False,0,True,1,False
5174,"Em uma pessoa só é possível sentir o peso da representatividade. Estou admirado pela força, inteligência e beleza dessa mulher. Merecido título que realmente mudará algo no mundo",0,0,0,0,https://www.instagram.com/p/B52f10agU7G/,Manuela d'Ávila,0,False,0,False,0,False
1030,Ele já foi caduco....há uns 10 anos atrás!!agora tá passando dos limites total!!!,1,1,1,1,https://www.instagram.com/p/B3R0XMrAt7g/,Manuela d'Ávila,1,False,1,False,1,False
6019,Quando era amiguinha do presidente não fazia essas coisas.,0,1,0,0,https://www.instagram.com/p/B573NclJYqb/,Joice Hasselmann,0,False,1,True,1,True
2462,Um bando babacas dizendo Deus no comando...Direita hipocrita e safada...,1,1,1,1,https://www.instagram.com/p/B5TOC02JF6X/,Joice Hasselmann,1,False,1,False,1,False
6146,"@silvio.torres.77 Era do PL, hoje estava no União Brasil.",0,0,0,0,https://www.instagram.com/p/C45ML5SODEv/,Manuela d'Ávila,0,False,0,False,1,True
3593,Me orgulho de ver estes garotos,0,0,0,0,https://www.instagram.com/p/B1rOH6Wlg4A/,Eduardo Bolsonaro,0,False,0,False,0,False
5522,"Dra Janaína sou seu fã, é verdade ou ilação o comentário do filho do Presidente, se vocês não falam e nem alertam? Alguém tem que ter coragem para falar o óbvio.😎",0,0,0,0,https://www.instagram.com/p/B4TD6fRJ9yJ/,Joice Hasselmann,0,False,0,False,0,False
1477,Não vou acionar o áudio porque não aguento a voz e o conteúdo dito pelo carniça.,1,1,1,1,https://www.instagram.com/p/B42JqHMFyiu/,Eduardo Bolsonaro,0,True,0,True,1,False
6974,"Meu ministro, com todo respeito a sua caminhada, mas o que ta acontecendo com a dívida interna do país? Porquê esse salto?",0,0,0,0,https://www.instagram.com/p/C4GSKkBrziS/,Fernando Haddad,0,False,0,False,0,False
1090,Ainda aplaudem uma carniça dessas...,1,1,1,1,https://www.instagram.com/p/B3R0XMrAt7g/,Manuela d'Ávila,1,False,1,False,1,False
1462,Esse homem é o demônio,1,1,1,1,https://www.instagram.com/p/B42JqHMFyiu/,Eduardo Bolsonaro,1,False,1,False,1,False
1947,@bolsonarosp o câncer do noblat sempre fala no blog dele tic tac sobre a chata da Marielle !envolvendo vocês,1,1,1,1,https://www.instagram.com/p/B6Ees1JF2La/,Eduardo Bolsonaro,1,False,1,False,1,False
3876,"Se nossos hermanos precisassem vir para cá, teria sido na época atual do Macri, primeiramente. Agora, se quiserem vir mesmo, nós gaúchos os receberemos de portas e porteiras abertas.",0,0,0,0,https://www.instagram.com/p/B1EoGt2gdnT/,Manuela d'Ávila,0,False,0,False,0,False
2862,Não suporto mais tantas asneiras e imbecilidade desse estúpido. Acorda Brasil do sono da ignorância Ninguém solta a mão de ninguém. #LULAÉINOCENTE #LULALIVREJÁ #CADÊAPROVA? #EusouLula Recife PE Lula foi e sempre será o melhor e honesto presidente do Brasil e único Presidente que fez pelo povo Brasileiro o que nenhum outro presidente quiz fazer e pelo Brasil. Ninguém solta a mão de ninguém.,1,1,1,1,https://www.instagram.com/tv/B09BRCjB_gV/,Gleisi Hoffmann,1,False,1,False,1,False
1825,Dois mmmm farinhas do mesmo saco,1,0,1,1,https://www.instagram.com/p/B589PRLHK_N/,Carla Zambelli,1,False,1,False,1,False
5725,Que discurso emocionante! Parabéns Benedita 👏👏👏,0,0,0,0,https://www.instagram.com/tv/B5EDfDPhjyf/,Gleisi Hoffmann,0,False,0,False,0,False
5573,"Vocês estão fazendo tempestade em copo de água. Vc postando isto, também está dando munição para oposição. Pensa bem 🤔",0,0,0,0,https://www.instagram.com/p/B4TD6fRJ9yJ/,Joice Hasselmann,0,False,0,False,0,False
4352,Wawww 👏👏👏👏 já vou fazer a reserva no camarote,0,0,0,0,https://www.instagram.com/p/B4K2nvnF3cE/,Eduardo Bolsonaro,0,False,0,False,0,False
6392,Só mulheres batalhadoras e abençoada por Deus. Trabalham muito para o bem do nosso Brasil.,0,0,0,0,https://www.instagram.com/p/C5QuPgVxEbq/,Gleisi Hoffmann,0,False,0,False,0,False
4361,Cadê a Damaris que não se posiciona? 😂😂😂😂😂,0,0,0,0,https://www.instagram.com/p/B3R0XMrAt7g/,Manuela d'Ávila,0,False,1,True,0,False
3341,O pior Econômica. Vocês vão quebrar o Brasil,1,0,1,1,https://www.instagram.com/p/Cy56zeNLzPE/,Fernando Haddad,1,False,1,False,1,False
2601,Vc e a Greta: duas oportunistas,1,1,0,1,https://www.instagram.com/p/B573NclJYqb/,Joice Hasselmann,0,True,0,True,0,True
1165,"Um babaca desse tipo tem a responder um processo sinistro, tirar até as cuecas de um miserável ordinário desses.",1,0,1,1,https://www.instagram.com/tv/B5TgBngnkBN/,Carla Zambelli,1,False,1,False,1,False
5566,Por que você não pede consultoria pra ela te ensinar a fazer política?,0,0,0,0,https://www.instagram.com/p/B4TD6fRJ9yJ/,Joice Hasselmann,0,False,0,False,0,False
188,É comunista! Voces acham que ela não é igual ao ladrões do pt?,1,1,1,1,https://www.instagram.com/p/B2uThqdH9xI/,Carla Zambelli,1,False,1,False,1,False
851,"Parabéns, ex presidente inelegível. Quem sabe no seu próximo aniversário vai comemorar na Papuda. 😂😂😂",1,1,1,1,https://www.instagram.com/p/C4xe8v1L1WE/,Eduardo Bolsonaro,1,False,0,True,1,False
4560,"Parabéns, mulher de verdade!",0,0,0,0,https://www.instagram.com/tv/B5TgBngnkBN/,Carla Zambelli,0,False,0,False,0,False
4720,Sigamos em frente! Jamais desistiremos!,0,0,0,0,https://www.instagram.com/p/B42JqHMFyiu/,Eduardo Bolsonaro,0,False,0,False,0,False
5186,"Minha mulher é negra e ela também é muito bonita. Cor é um detalhe do mundo da beleza, seja negra, branca, amarela ou jambo.",0,0,0,0,https://www.instagram.com/p/B52f10agU7G/,Manuela d'Ávila,0,False,0,False,0,False
1507,Luladrão é o encardido! Esse cara é insuportável e não desiste! Louco! Ridículo!,1,1,1,1,https://www.instagram.com/p/B42JqHMFyiu/,Eduardo Bolsonaro,1,False,1,False,1,False
4801,Gostoso te amo,1,0,0,0,https://www.instagram.com/p/B5QeyE9lNSg/,Fernando Haddad,0,False,0,False,0,False
6767,"Que isso glr, vcs n sabem conversar sem ofender?",0,0,0,0,https://www.instagram.com/p/Cyl2yBqxhOV/,Fernando Haddad,0,False,0,False,0,False
3970,Dos deputados e senadores que votaram a favor das #fakenews o @flaviobolsonaro foi um deles?,0,0,0,0,https://www.instagram.com/p/B1uwCHND_Z5/,Carla Zambelli,0,False,0,False,0,False
420,Fora bozzolino! Christina vamos a volver✌✌✌,1,0,1,1,https://www.instagram.com/p/B1EoGt2gdnT/,Manuela d'Ávila,0,True,0,True,1,False
4128,"Pelamor, se juntem pra fazer algo pela ciência e educação nesse país",0,0,0,0,https://www.instagram.com/p/B1_m4F5lO_d/,Fernando Haddad,0,False,0,False,0,False
5827,Parabéns companheira,0,0,0,0,https://www.instagram.com/tv/B5EDfDPhjyf/,Gleisi Hoffmann,0,False,0,False,0,False
1662,Isso é pastor do demônio,1,1,1,1,https://www.instagram.com/p/B4dWN3rgBNx/,Manuela d'Ávila,1,False,1,False,1,False
7000,"Agradecer a Deus por colocar esses anjos para defender o povo honesto do Brasil, estamos juntos nessa luta, povo unido.Vomos nos unir em oração para que Deus proteja vocês.",0,0,0,0,https://www.instagram.com/p/C5rDlbTPTJq/,Eduardo Bolsonaro,0,False,0,False,0,False
2201,Podia deixar o cara em paz. Inveja da peste. Mágoa reprimida.,1,0,1,1,https://www.instagram.com/p/B4TD6fRJ9yJ/,Joice Hasselmann,1,False,1,False,1,False
6823,"Minha neta de 20 anos leu ano passado e me recomendou, ela contou que se emocionou com esse livro! Vou ler também!",0,0,0,0,https://www.instagram.com/p/C4B30QfviwY/,Manuela d'Ávila,0,False,0,False,0,False
4813,Esta foto é demais. Dois grandes mestres .❤️❤️❤️❤️👏👏👏,0,0,0,0,https://www.instagram.com/p/B5QeyE9lNSg/,Fernando Haddad,0,False,0,False,0,False
135,Ta com pena? Devolve a propina,1,1,1,1,https://www.instagram.com/p/B2uThqdH9xI/,Carla Zambelli,1,False,0,True,1,False
2065,"Tomem trouxas , trabalhominions",1,1,1,1,https://www.instagram.com/p/B3PK5rOhwtV/,Gleisi Hoffmann,1,False,1,False,1,False
10,"Quem tem pena é galinha, mas ela é uma VACA LOUCA.",1,1,1,1,https://www.instagram.com/p/B2uThqdH9xI/,Carla Zambelli,1,False,1,False,1,False
1637,"Quando a gente acha que uma pessoa não consegue ser mais zé ruéla do que já é, vem o cara e se supera.",1,1,1,1,https://www.instagram.com/p/B4dWN3rgBNx/,Manuela d'Ávila,0,True,1,False,1,False
4532,Isso é um tipo de violência contra a MULHER MINISTRA DAMARES. Tem q ser tomada uma providência.,0,0,0,0,https://www.instagram.com/tv/B5TgBngnkBN/,Carla Zambelli,0,False,1,True,1,True
4640,Deus es contigo ministra!,0,0,0,0,https://www.instagram.com/tv/B5TgBngnkBN/,Carla Zambelli,0,False,0,False,0,False
1943,"Cortei inúmeras páginas que não é oficial, tem comunista que entra nesses grupos que fazem campanha até para não comer carne, é bom aí sobra e os produtores exportam mais ,E a greve segunda feira?.",1,1,0,1,https://www.instagram.com/p/B6Ees1JF2La/,Eduardo Bolsonaro,1,False,1,False,1,False
6070,Não sei se com 16 anos a Greta tem a mesma experiência de Amazônia que nosso presidente!!! Uma criança sempre sensibiliza a opinião pública neh?!? Acho de mau gosto usar este tipo de sentimento para fazer politicagem!!! Opinião minha!!! Respeitem nosso PRESIDENTE!!!,0,1,0,0,https://www.instagram.com/p/B573NclJYqb/,Joice Hasselmann,0,False,0,False,0,False
4768,Orgulho de ter votado em você❤️,0,0,0,0,https://www.instagram.com/p/B5QeyE9lNSg/,Fernando Haddad,0,False,0,False,0,False
6232,@_rodrigobrazz Então como é curioso veio comentar kkkkkkk ajuda aí Zé 😂😂😂😂😂😂😂,0,0,0,0,https://www.instagram.com/p/C5ep78XPyzw/,Eduardo Bolsonaro,0,False,1,True,1,True
3818,"Dá-lhe Cristina, dá-lhe Manu... Lula livre já👏❤️",0,0,0,0,https://www.instagram.com/p/B1EoGt2gdnT/,Manuela d'Ávila,0,False,0,False,0,False
2189,Cabra safado. vai se fuder.,1,1,1,1,https://www.instagram.com/p/B3PK5rOhwtV/,Gleisi Hoffmann,1,False,1,False,1,False
3236,@ed.biel vdd pq são uns vendidos,1,0,1,1,https://www.instagram.com/p/C5gMnI0rOSg/,Eduardo Bolsonaro,0,True,0,True,1,False
4025,Cuidado para não comprarmos pautas colonizadas com patrocínios por trás!,0,1,0,0,https://www.instagram.com/p/B2xPpppAUaN/,Manuela d'Ávila,0,False,1,True,0,False
6241,Excelentíssimo Sr. Bolsonaro o melhor presidente dos últimos tempos. Os PATRIOTAS ti Ama.,0,0,0,0,https://www.instagram.com/p/C5ep78XPyzw/,Eduardo Bolsonaro,0,False,0,False,0,False
4447,Adoro!!!👍😍💋❤👏,0,0,0,0,https://www.instagram.com/p/B3efAGxlTKb/,Fernando Haddad,0,False,0,False,0,False
5701,"Parabéns deputada pela sua fala, brilhante intervenção no plenário, uma voz firme quantra o preconceito. E viva o dia da concorrência negra.",0,0,0,0,https://www.instagram.com/tv/B5EDfDPhjyf/,Gleisi Hoffmann,0,False,0,False,0,False
2016,Quem rouba o pagador de impostos são vocês que desviaram dinheiro pra todo canto esquerda raça maldita,1,1,1,1,https://www.instagram.com/p/B3PK5rOhwtV/,Gleisi Hoffmann,1,False,1,False,1,False
118,"Ela que cuidado quintal da própria casa, já que está sujos com dinheiro de propina!!",1,1,1,1,https://www.instagram.com/p/B2uThqdH9xI/,Carla Zambelli,1,False,1,False,1,False
4513,Dois maravilhosos! 🤩😍🤩,0,0,0,0,https://www.instagram.com/p/B3efAGxlTKb/,Fernando Haddad,0,False,0,False,0,False
1557,Bandidagem pura,1,1,1,1,https://www.instagram.com/p/B4dWN3rgBNx/,Manuela d'Ávila,1,False,1,False,1,False
5949,😂😂😂👏👏👏vc vai ser juíza do lula .imaginando,0,0,0,0,https://www.instagram.com/p/B55Fxu4F5Y5/,Gleisi Hoffmann,0,False,0,False,0,False
6721,@bolsonarosp será que VCS podem fazer fotografia cartaz em tamanho grande do nosso Bolsonaro. Gostaria de ter um poster grande dele.,0,0,0,0,https://www.instagram.com/p/C45laynLYdV/,Eduardo Bolsonaro,0,False,0,False,0,False
1069,Cara nojento,1,1,1,1,https://www.instagram.com/p/B3R0XMrAt7g/,Manuela d'Ávila,1,False,1,False,1,False
3607,"Nesse quesito, os filhos de militares saem na frente! Pois tem vaga garantida!",0,0,0,0,https://www.instagram.com/p/B1rOH6Wlg4A/,Eduardo Bolsonaro,0,False,0,False,0,False
3913,Quem é que vai julgar as fakes news ? Esse é o problema!,0,0,0,0,https://www.instagram.com/p/B1uwCHND_Z5/,Carla Zambelli,0,False,0,False,0,False
1988,😡😡😡 Gente o que o povo tá esperando pra tirar esse Satanás do poder meu Deus,1,1,1,1,https://www.instagram.com/p/B3PK5rOhwtV/,Gleisi Hoffmann,1,False,1,False,1,False
349,Será q o Bozo e seus filhos tb vão fraudar as eleições da Argentina??,1,1,0,1,https://www.instagram.com/p/B1EoGt2gdnT/,Manuela d'Ávila,1,False,1,False,1,False
1390,"@jamesson634 aí vc vai ver quem crítica o Haddad; gente pobrinha, que defende gente rica, que cagou literalmente para os pobres e os s pontinhos",1,0,1,1,https://www.instagram.com/p/Cy56zeNLzPE/,Fernando Haddad,1,False,1,False,1,False
5934,Afinal o sítio não é dele kkkkkkkkkkkkk,0,0,0,0,https://www.instagram.com/p/B5TOC02JF6X/,Joice Hasselmann,1,True,1,True,1,True
437,O sul ja ta um lixo com o fascista do eduardo leite,1,1,1,1,https://www.instagram.com/p/B1EoGt2gdnT/,Manuela d'Ávila,1,False,1,False,1,False
1963,"Ainda bem que não foi no SBT, com certeza , lá, o resultado seria alterado pelo dono.",1,1,0,1,https://www.instagram.com/p/B52f10agU7G/,Manuela d'Ávila,0,True,0,True,0,True
4582,"Lamentável essas palavras contra um mulher de caráter indiscutível como nossa minitra Damares, DEUS é contigo mulher guerreira q o SENHOR levantou nesse pais chamado Brasil para lutar contra as injustiças desse país. 👏👏👏👏👏👏👏🇧🇷🇧🇷🇧🇷🇧🇷🇧🇷🇧🇷 bjs 😘",0,0,0,0,https://www.instagram.com/tv/B5TgBngnkBN/,Carla Zambelli,0,False,0,False,0,False
1588,😡Bandido disfarçado de pastor,1,1,1,1,https://www.instagram.com/p/B4dWN3rgBNx/,Manuela d'Ávila,1,False,1,False,1,False
2829,"Coitada dessa menina, tem que crescer muito ainda. Foi fabricada e agora a exploram",0,1,1,1,https://www.instagram.com/p/B573NclJYqb/,Joice Hasselmann,0,True,1,False,1,False
4261,"Eu gostei mesmo foi da de Lobão, @ledanagleoficial mitou muiiiiiiito🤣🤣🤣🤣🤣🤣",0,0,0,0,https://www.instagram.com/p/B4K2nvnF3cE/,Eduardo Bolsonaro,0,False,0,False,0,False
1153,"Esse otario merece uma corretiva,,,vamos ver se é homem,, assim como é na língua,,, dá uma sova nele com um chicote de umbigo de boi até ficar mole no chão para aprender a respeitar as pessoas,,,, não vpide comparar as oessiasy como se fosse da família dele!",1,1,1,1,https://www.instagram.com/tv/B5TgBngnkBN/,Carla Zambelli,1,False,1,False,1,False
5164,"Lindíssima, parabéns!! 😍😍👏👏👏 quem acha q mulher não gosta de ser bonita tá mto enganado...",0,0,0,0,https://www.instagram.com/p/B52f10agU7G/,Manuela d'Ávila,0,False,0,False,0,False
5666,"Verdade , é tudo que os inimigos querem",0,0,0,0,https://www.instagram.com/p/B4TD6fRJ9yJ/,Joice Hasselmann,1,True,1,True,0,False
3756,Vai mostra as provas que é inocente 👏👏👏😆😆😆😆😆😆😆,0,0,0,0,https://www.instagram.com/p/B1ejo45l4FI/,Fernando Haddad,1,True,1,True,1,True
3512,"Bom dia Carla.comentei na sua pagina, sobre está tal de Bachelet, mas escrevi sem apontuação ficou um tanto esquesito, escrevi 👏👏👏 carla musa do psl, ai veio o meu comentario, descupa sou teu fá.",0,0,0,0,https://www.instagram.com/p/B2uThqdH9xI/,Carla Zambelli,0,False,0,False,0,False
5483,Cuidado porque óleo e água não se mistura... quem ficar em cima do muro só vai assistir...,0,0,0,0,https://www.instagram.com/p/B4TD6fRJ9yJ/,Joice Hasselmann,0,False,0,False,0,False
2717,Essa pirralha é manipulada!!,1,1,1,1,https://www.instagram.com/p/B573NclJYqb/,Joice Hasselmann,1,False,1,False,1,False
4698,🇧🇷🇧🇷mostra tua força BRASIL 🇧🇷🇧🇷JUNTOS SOMOS INVENCÍVEIS 🇧🇷🇧🇷🇧🇷🇧🇷,0,0,0,0,https://www.instagram.com/p/B42JqHMFyiu/,Eduardo Bolsonaro,0,False,0,False,0,False
2296,Mas tu é mto cara de pau né Joice?!!!!tá se queimando sozinha......🤣🤣🤣🤣🤣👍,1,1,0,1,https://www.instagram.com/p/B4TD6fRJ9yJ/,Joice Hasselmann,1,False,1,False,1,False
6658,O Brasil irá por vcs,0,0,0,0,https://www.instagram.com/p/C3L9ag3OpuG/,Eduardo Bolsonaro,0,False,0,False,0,False
6405,Parabéns! Junte-se aos bons e serás um deles!,0,0,0,0,https://www.instagram.com/p/C5QuPgVxEbq/,Gleisi Hoffmann,0,False,0,False,0,False
6312,❤️❤️🔥🔥👏👏 dia Histórico e Importante pro Brasil,0,0,0,0,https://www.instagram.com/p/C5QvpbeuR0C/,Carla Zambelli,0,False,0,False,0,False
1598,"Cabra safado, escroto.",1,1,1,1,https://www.instagram.com/p/B4dWN3rgBNx/,Manuela d'Ávila,1,False,1,False,1,False
2820,"É tanta gente querendo se meter aqui no Brasil principalmente na Amazônia que dá nojo, agora ainda usam uma pirralha que se duvidar não sabe nem lavar o fundo da calcinha pra ficar opinando aqui,tem que mandar esse povo cuida do país deles que pode ser primeiro mundo pra eles pra nós o Brasil en",1,1,1,1,https://www.instagram.com/p/B573NclJYqb/,Joice Hasselmann,1,False,1,False,1,False
5569,Por que você e a Janaína se calaram quando escutam o Lindbergh farias fazendo menção a desordem civil e quando a Gleisi fala que pessoas serão mortas ao tentarem prender o Lula?,0,0,0,0,https://www.instagram.com/p/B4TD6fRJ9yJ/,Joice Hasselmann,0,False,0,False,0,False
2257,Outra q não vou e essa Janaína fica em cima do muro o lado q tá ganhando e q ela vai,1,0,1,1,https://www.instagram.com/p/B4TD6fRJ9yJ/,Joice Hasselmann,1,False,1,False,0,True
4825,Sei quê seria um ótimo presidente votei pra você e não me arrependo se entra de novo votarei outra vez 👏👏👏👏,0,0,0,0,https://www.instagram.com/p/B5QeyE9lNSg/,Fernando Haddad,0,False,0,False,0,False
2177,"Toma Otarios que votaram nele olha que Elle so fode os pobres os Rico's tem tudo sabe me dizer Qual foi o ato dele contra os Rico's ,?",1,1,1,1,https://www.instagram.com/p/B3PK5rOhwtV/,Gleisi Hoffmann,1,False,1,False,1,False
2704,Pirralha mesmo!!! Tô com presidente! Ele é sincero!! A cara dele não mudou!,1,1,1,1,https://www.instagram.com/p/B573NclJYqb/,Joice Hasselmann,0,True,1,False,1,False
413,O que esperar de um NAZISTA?,1,0,1,1,https://www.instagram.com/p/B1EoGt2gdnT/,Manuela d'Ávila,1,False,1,False,1,False
3433,Só criminoso na foto,1,1,1,1,https://www.instagram.com/p/Cyl2yBqxhOV/,Fernando Haddad,1,False,1,False,1,False
195,É outra HIPÓCRITA 😔😔😔,1,1,1,1,https://www.instagram.com/p/B2uThqdH9xI/,Carla Zambelli,0,True,1,False,1,False
412,Nojo desse homem 🤮🤮🤮,1,1,0,1,https://www.instagram.com/p/B1EoGt2gdnT/,Manuela d'Ávila,1,False,1,False,1,False
5762,Um desgaste muito grande para o congresso nacional tem que ser punido severamente.,0,0,0,0,https://www.instagram.com/tv/B5EDfDPhjyf/,Gleisi Hoffmann,1,True,1,True,1,True
5235,"Parabéns Professor HADDAD, você merece a receber, a Medalha ao Mérito Farroup!!",0,0,0,0,https://www.instagram.com/p/B53DtnSlTq8/,Fernando Haddad,0,False,0,False,0,False
6005,"Parabéns presidente, no dia que agradar 100% deixo de votar em você.",0,0,0,0,https://www.instagram.com/p/B573NclJYqb/,Joice Hasselmann,0,False,0,False,0,False
5199,E a fala dela sobre representatividade e ocupar lugares na sociedade foi massa demais ...,0,0,0,0,https://www.instagram.com/p/B52f10agU7G/,Manuela d'Ávila,0,False,0,False,0,False
4379,O pior é que as pessoas acham graça,0,0,0,0,https://www.instagram.com/p/B3R0XMrAt7g/,Manuela d'Ávila,0,False,0,False,1,True
5275,Parabéns Mestre vc merece👏👏👏,0,0,0,0,https://www.instagram.com/p/B53DtnSlTq8/,Fernando Haddad,0,False,0,False,0,False
3043,Esses não são gente. Esses são escória de nossa política.,1,1,1,1,https://www.instagram.com/p/B1v5c9bJbWX/,Joice Hasselmann,1,False,1,False,1,False
1433,Deus nos livre dos psicopatas,1,1,0,1,https://www.instagram.com/p/B42JqHMFyiu/,Eduardo Bolsonaro,1,False,1,False,1,False
6501,"Lindo de se ver!!! Gente boa, Bolsonaro cuidem das crianças da Ilha do Marajo. Juntos todos podemos. Grata",0,0,0,0,https://www.instagram.com/p/C4J-1kor5gc/,Eduardo Bolsonaro,0,False,0,False,0,False
1097,Precisa amarrar este VELHO caquético junto com o 💩 do presidente dele.,1,1,1,1,https://www.instagram.com/p/B3R0XMrAt7g/,Manuela d'Ávila,1,False,1,False,1,False
4602,Qual o nome do jornalista? A carta capital e ele tem Instagram? Vamos lá deixar um comentário do nível deles? 😉,0,0,0,0,https://www.instagram.com/tv/B5TgBngnkBN/,Carla Zambelli,0,False,0,False,0,False
227,Velha gagá FDP,1,1,1,1,https://www.instagram.com/p/B2uThqdH9xI/,Carla Zambelli,1,False,1,False,1,False
475,"Que sirva pra esquerda, que foi a maior propulsora de fakenews nas últimas eleições... Sabe qual o caminho agora? Denunciar os canalhas de esquerda e inclusive a mídia podre!",1,0,1,1,https://www.instagram.com/p/B1uwCHND_Z5/,Carla Zambelli,1,False,1,False,1,False
3897,@jairmessiasbolsonaro Deveria fazer procedimento dentário todos os dias,0,0,0,0,https://www.instagram.com/p/B1EoGt2gdnT/,Manuela d'Ávila,1,True,0,False,0,False
861,Toma globo bosta sua lixo,1,1,1,1,https://www.instagram.com/p/B4I9_wdHMYk/,Carla Zambelli,1,False,1,False,1,False
742,Tudo é culpa do presidente!? Globo lixo vá a merda. Parem de atrapalhar o Brasil,1,1,1,1,https://www.instagram.com/p/B4I9_wdHMYk/,Carla Zambelli,1,False,1,False,1,False
6946,👏👏esse é o cara,0,0,0,0,https://www.instagram.com/p/C5duspiJ3-_/,Carla Zambelli,0,False,0,False,0,False
3487,"Não estou mais porque não quis? Cala a sua boca, quem é você para dizer o que eu fiz ou deixei de fazer? Eu vim da zona leste minha senhora, onde as escolas são sucateadas graças a esse governo de ladroes que a senhora idolatra. Nem papel higiênico tinha na minha escola, os professora viviam fazendo greve, ensino lixo, raso e pobre. Nem material para fazer trabalhos escolares tínhamos. Não fale sobre o que você não viveu. Bem sucedida.",1,1,1,1,https://www.instagram.com/p/C0d-JK4r7E0/,Eduardo Bolsonaro,1,False,1,False,1,False
6202,"@fernandohaddadoficial Então, queremos saber se já foi feita a correção da tabela do IRPF pra esse ano? Pq ano passado foi feita uma pequena correção e quem ganha até 2.640,00 (dois salários mínimos) ficou isento de pagar o IR e esse ano quem ganha 2.824,00 reais (dois salários mínimos) está isento de pagar o IR ou não foi feita a correção da tabela do IRPF????",0,0,0,0,https://www.instagram.com/p/C114G1zNdjW/,Fernando Haddad,0,False,0,False,0,False
4461,HADDAD meu querido q Deus te proteja sempre um abraço 🙌❤️❤️🙋‍♀️,0,0,0,0,https://www.instagram.com/p/B3efAGxlTKb/,Fernando Haddad,0,False,0,False,0,False
1272,Jornalistas podres👏👏👏👏🇧🇷🇧🇷🇧🇷 #somostodosdanares💓💓💓❤️,1,1,1,1,https://www.instagram.com/tv/B5TgBngnkBN/,Carla Zambelli,1,False,1,False,0,True
5043,"Os números da economia está mostrando o crescimento, aliás surpreendeu até a equipe do ministério da economia, vamos em frente👏🇧🇷",0,0,0,0,https://www.instagram.com/p/B6Ees1JF2La/,Eduardo Bolsonaro,0,False,0,False,0,False
2020,Vota numa praga dessas!,1,1,1,1,https://www.instagram.com/p/B3PK5rOhwtV/,Gleisi Hoffmann,1,False,1,False,1,False
6291,"@miriamdejesus_cps , agradecemos o apoio de todos vocês!",0,0,0,0,https://www.instagram.com/p/C5gu6hzuUyx/,Carla Zambelli,0,False,0,False,0,False
6370,Parabéns presidente LULA pir mais um brilhante incentivo aos alunos da escola pública 👏👏👏👏👏👏,0,0,0,0,https://www.instagram.com/p/C5S1qxgNqzX/,Gleisi Hoffmann,0,False,0,False,0,False
1445,"Se tiver que lutar pelo futuro dos meus filhos e a melhoria do meu país , eu volto para as forças armadas sem salário e ajudo a combater a esquerdalha. #lulaterroristanacadeia",1,1,1,1,https://www.instagram.com/p/B42JqHMFyiu/,Eduardo Bolsonaro,0,True,1,False,1,False
5424,"Vamos fazer assim, @jairmessiasbolsonaro e @gleisihoffmann - cada um coloca suas observações aqui.",0,0,0,0,https://www.instagram.com/p/B3PK5rOhwtV/,Gleisi Hoffmann,0,False,0,False,0,False
6857,"👏👏👏,ela merece todo o nosso respeito, é uma guerreira",0,0,0,0,https://www.instagram.com/p/C5qRNy_LGoB/?img_index=1,Carla Zambelli,0,False,0,False,0,False
5352,Tá aí o cara que pode ser chamado de Presidente 🤩,0,0,0,0,https://www.instagram.com/p/B53DtnSlTq8/,Fernando Haddad,0,False,0,False,0,False
6969,Família. É Projeto de Deus na Terra.!!!!!,0,0,0,0,https://www.instagram.com/p/C5RG9JWovk7/,Carla Zambelli,0,False,0,False,0,False
305,"@ronaldosnascimento1_ Mas tu é baixo nível, né cara? Dá dó!",1,1,1,1,https://www.instagram.com/p/B1ejo45l4FI/,Fernando Haddad,0,True,0,True,1,False
2309,Esses filhos parecem que querem destruir o pai.,1,1,0,1,https://www.instagram.com/p/B4TD6fRJ9yJ/,Joice Hasselmann,1,False,1,False,1,False
803,Leilane vergonha alheia 🤣🤣🤣🤣,0,1,1,1,https://www.instagram.com/p/B4I9_wdHMYk/,Carla Zambelli,1,False,1,False,1,False
2934,Isso eh esquerda. Eh o lixo do lixo. E ainda temos milhões de acéfalos que defendem e apoiam essa corja.,1,1,1,1,https://www.instagram.com/p/B1v5c9bJbWX/,Joice Hasselmann,1,False,1,False,1,False
2402,"PSL , partido de bandido.",1,1,1,1,https://www.instagram.com/tv/B5EDfDPhjyf/,Gleisi Hoffmann,1,False,1,False,1,False
2680,"Emprego é bom mas ganhar 1.200,00 por mês pra cuidar de casa e filhos, é outra história. É muito pão e circo.",1,1,0,1,https://www.instagram.com/p/C1Wwy_YuxZ5/,Fernando Haddad,1,False,1,False,1,False
4460,Significado de tanto faz @giulianaaraujo906 😂,0,0,0,0,https://www.instagram.com/p/B3efAGxlTKb/,Fernando Haddad,0,False,0,False,0,False
5349,Homenagem merecida!!👏🏻👏🏻,0,0,0,0,https://www.instagram.com/p/B53DtnSlTq8/,Fernando Haddad,0,False,0,False,0,False
5342,Só de pensar que perdemos esse presidente....💔,0,0,0,0,https://www.instagram.com/p/B53DtnSlTq8/,Fernando Haddad,0,False,0,False,0,False
6832,Li.. e recomendo! 👏👏,0,0,0,0,https://www.instagram.com/p/C4B30QfviwY/,Manuela d'Ávila,0,False,0,False,0,False
4153,Ato em defesa da soberania nacional e popular. Em Brasília Lula Marques Lula 👏👏👏👏👏,0,0,0,0,https://www.instagram.com/p/B1_m4F5lO_d/,Fernando Haddad,0,False,0,False,0,False
3576,"Boa noite meu deputado , verifica por gentileza o fundo de contratação para imóveis minha casa minha vida da caixa , pois está sem verba já faz um mês .. todos os construtores e corretores estamos sofrendo muito com essa situação!!",0,0,0,0,https://www.instagram.com/p/B1rOH6Wlg4A/,Eduardo Bolsonaro,0,False,0,False,0,False
1577,Ainda bem que Deus ta vendo o que ele prega e faz. Espero que ao menos no inferno ele coma muita bosta fervendo. Ser do diabo. (Não sou pastor...posso desejar mal pra caralho...👊😎👊),1,1,1,1,https://www.instagram.com/p/B4dWN3rgBNx/,Manuela d'Ávila,1,False,1,False,1,False
6389,❤️ Mulheres lindas e batalhadoras👏👏👏,0,0,0,0,https://www.instagram.com/p/C5QuPgVxEbq/,Gleisi Hoffmann,0,False,0,False,0,False
3006,Grandr merda tudo por causa de acordoes com o presidente que nao vem e faka pra gente o que ta acontecendo e se vende para esses canalhas. Deveria ter vetado tudo e nao uma parte fa ao o que deu. Tô deceocionada com o que ta acontecendo. Cirrer atrás do leite derramado não adianta pq não vence hipocrisia desse sistema de mentiras. 😢,1,1,1,1,https://www.instagram.com/p/B1v5c9bJbWX/,Joice Hasselmann,1,False,1,False,1,False
6201,"@fernandohaddadoficial PRESIDENTE ARTHUR LIRA, NÓS 38 MILHÕES DE APOSENTADOS E PENSIONISTAS GOSTARÍAMOS DE SABER O PORQUÊ DO DEPUTADO ESTÁ IGNORANDO OS ARTIGOS 154 E 155 DO RICD, QUE JÁ TEM REQUERIMENTO APOIADO POR 257 DEPUTADOS DESDE O DIA 11/09 E ATÉ AGORA O DEPUTADO NÃO MARCOU PAUTA PARA O PROJETO DE QUE DEVERIA TER SIDO PAUTADO NA ORDEM DO DIA, E COMO ESTÁ A REDAÇÃO DO REQUERIMENTO 2973/2023 DO DEPUTADO POMPEO DE MATTOS, QUEREMOS UMA POSIÇÃO VOSSA DEPUTADO. O POVO QUE ELEGEU O SENHOR PRESIDENTE DESSA CASA LEGISLATIVA POIS FOI ATRAVÉS DE VOTOS DE PARLAMENTARES ELEITOS PELO POVO QUE O DEPUTADO FOI ELEITO PRESIDENTE. ENTÃO NOS RESPONDA PORQUÊ O DEPUTADO IGNORA O REGIMENTO INTERNO DA CASA? TRABALHAR EM PTOL DO POVO E COLOCAR O PL4434/2008 EM VOTAÇÃO. APOSENTADO E PENSIONISTAS EDTAO DESEPERADOS COM O REAJUSTE 3 71 FACA PELO POVO.",0,0,0,0,https://www.instagram.com/p/C114G1zNdjW/,Fernando Haddad,0,False,0,False,0,False
3743,Te vendo e pensando em tudo de bom que estaríamos vivendo com você na presidência.,0,0,0,0,https://www.instagram.com/p/B1ejo45l4FI/,Fernando Haddad,0,False,0,False,0,False
4792,👏👏👏👏 os melhores ! 😍😘,0,0,0,0,https://www.instagram.com/p/B5QeyE9lNSg/,Fernando Haddad,0,False,0,False,0,False
5029,Vamos cresçer sin...brasil vai dar certo,0,0,0,0,https://www.instagram.com/p/B6Ees1JF2La/,Eduardo Bolsonaro,0,False,0,False,0,False
3836,"Eu quero ver se o Tramp perder, vai ser melhor ainda.",0,0,0,0,https://www.instagram.com/p/B1EoGt2gdnT/,Manuela d'Ávila,0,False,1,True,0,False
6842,"Na verdade, a maior mensagem que eu tirei da propaganda foi 'tenha cachorros em casa pra espantar a dengue'",0,0,0,0,https://www.instagram.com/p/C3DMj-wsM12/,Manuela d'Ávila,0,False,1,True,0,False
361,Hahahaha. Sofrendo porque não pode fazer nada a respeito. Que se foda.,1,0,1,1,https://www.instagram.com/p/B1EoGt2gdnT/,Manuela d'Ávila,1,False,1,False,1,False
3904,"Se ele trata assim um dos estados em que venceu (Roraima), imagina como trata outras localidades, como o Nordeste, por exemplo.",0,0,0,0,https://www.instagram.com/p/B1EoGt2gdnT/,Manuela d'Ávila,0,False,0,False,0,False
4024,Quando uma adolescente de 16 anos faz um discurso mais lúcido e útil do que um presidente.,1,0,0,0,https://www.instagram.com/p/B2xPpppAUaN/,Manuela d'Ávila,0,False,0,False,0,False
3334,@mariamenezes3258 nem vc acredita nestas bobagens,1,0,1,1,https://www.instagram.com/p/C5ZLiSBPgFa/,Gleisi Hoffmann,1,False,0,True,0,True
2584,"Claro, e criança adolescente, mas tem postura de bruxa",1,1,1,1,https://www.instagram.com/p/B573NclJYqb/,Joice Hasselmann,1,False,0,True,1,False
3905,Com esse STF...tudo que for contra o BOLSONARO... será aprovado😡😡,0,0,0,0,https://www.instagram.com/p/B1uwCHND_Z5/,Carla Zambelli,0,False,0,False,0,False
5409,Vamos pra rua protestar,0,0,0,0,https://www.instagram.com/p/B3PK5rOhwtV/,Gleisi Hoffmann,0,False,0,False,0,False
2501,"👏👏🏼🙌🙌vai ser condenado agora a pena maior e deverá ser preso em sela comum, nada de privilégios...bandido comum e sem D, tanto dinheiro e num comprou um Diploma oh kkk la na ufpa é fácil e baratinho oh...😂😂😂",1,1,0,1,https://www.instagram.com/p/B5TOC02JF6X/,Joice Hasselmann,1,False,1,False,1,False
4285,Esperando para assistir completo.,0,0,0,0,https://www.instagram.com/p/B4K2nvnF3cE/,Eduardo Bolsonaro,0,False,0,False,0,False
2872,"Continuará sendo a diva das Américas e a única mulher eleita e reeleita presidente da república federativa do Brasil! Engulam isso, canalhas fascistas.",1,1,1,1,https://www.instagram.com/tv/B09BRCjB_gV/,Gleisi Hoffmann,1,False,1,False,1,False
6322,"@daisy.borali , nos sentimos muito orgulhosos por saber que eles estão sempre comprometidos para trazer o melhor para as pessoas. O Bolsonaro e a Michelle sempre serão os nossos verdadeiros Presidente e Primeira Dama! Beijos💚💛",0,0,0,0,https://www.instagram.com/p/C5QvpbeuR0C/,Carla Zambelli,0,False,0,False,0,False
1994,Desgraça que foi escolhida pelo povo para atrazar suas vidas,0,1,1,1,https://www.instagram.com/p/B3PK5rOhwtV/,Gleisi Hoffmann,1,False,0,True,1,False
496,"Perde não, Carla. As notícias verdadeiras é que são válidas mesmo. Quem corre risco maior é a esquerda, que inventou muito na eleição.",0,1,1,1,https://www.instagram.com/p/B1uwCHND_Z5/,Carla Zambelli,0,True,0,True,0,True
2567,O miliciano mafioso está destruindo tudo e os alienados continuam defendendo esses pústulas!!!!,1,1,1,1,https://www.instagram.com/p/B55Fxu4F5Y5/,Gleisi Hoffmann,1,False,1,False,1,False
6843,"@brunolourenco2009 Desde que eu me conheço por gente se fala em prevenção de Dengue, inclusive os Agentes Sanitárias trabalham pra isso.",0,0,0,0,https://www.instagram.com/p/C3DMj-wsM12/,Manuela d'Ávila,0,False,0,False,0,False
3168,O pior é o povo aplaudindo essa merda,1,0,1,1,https://www.instagram.com/p/B3R0XMrAt7g/,Manuela d'Ávila,1,False,1,False,1,False
6500,Não preci@ de pesquisa isso mostra as urnas? Bolsonaro🇧🇷,0,0,0,0,https://www.instagram.com/p/C4J-1kor5gc/,Eduardo Bolsonaro,0,False,0,False,0,False
2646,Não estamos nem aí para a opinião dessa PIRRALHA!!!!,1,1,1,1,https://www.instagram.com/p/B573NclJYqb/,Joice Hasselmann,1,False,1,False,1,False
3052,"Meu cachorro cagando, trabalha muito mais pelo Brasil do que estes esquerdistas parasitas!",1,1,1,1,https://www.instagram.com/p/B1v5c9bJbWX/,Joice Hasselmann,1,False,1,False,1,False
3091,"@matthews_salles Errar é humano, persistir no êrro, é burrice! Vai se preparando q o seu choro ñ demora",1,0,1,1,https://www.instagram.com/p/B1ejo45l4FI/,Fernando Haddad,1,False,1,False,1,False
289,"Vai tomar no seu cu milicianos, isso é inveja do PT",1,1,1,1,https://www.instagram.com/p/B1rOH6Wlg4A/,Eduardo Bolsonaro,1,False,1,False,1,False
1099,Ridículo....Velho babao,1,1,1,1,https://www.instagram.com/p/B3R0XMrAt7g/,Manuela d'Ávila,1,False,1,False,1,False
4566,Meu Deus... forte isso. Estamos todos com a senhora ministra .,0,0,0,0,https://www.instagram.com/tv/B5TgBngnkBN/,Carla Zambelli,0,False,0,False,0,False
1547,Pastor do demo,1,1,1,1,https://www.instagram.com/p/B4dWN3rgBNx/,Manuela d'Ávila,1,False,1,False,0,True
206,"pois é, né? O dinheiro da OAS fez com que ela esquecesse de ter pena do Brasil. Muito cínica.",1,1,1,1,https://www.instagram.com/p/B2uThqdH9xI/,Carla Zambelli,1,False,0,True,1,False
6566,"@grazi_diphylleia acabei de ler na imprensa. De fato, a situação é grave e eu não queria estar na ele de Manaus e entorno agora. Meu Deus 😱",0,0,0,0,https://www.instagram.com/p/CyTgWs3gTCI/,Manuela d'Ávila,0,False,1,True,0,False
1423,Luladrão ! Canalha!,1,1,0,1,https://www.instagram.com/p/B42JqHMFyiu/,Eduardo Bolsonaro,1,False,1,False,1,False
5469,"Qualquer coisa que alguém da direita disser será desvirtuado para ser usado pela esquerda pra atacar. Ele citou um exemplo histórico que nós não queremos de volta mas pra isso o Brasil tem que se preparar, coisa que não fez na década de 60.🇧🇷",0,1,0,0,https://www.instagram.com/p/B4TD6fRJ9yJ/,Joice Hasselmann,0,False,1,True,0,False
2295,"Realmente , seria mais sensato que os filhos do Presidente permanecessem calados!!! 👍",1,0,1,1,https://www.instagram.com/p/B4TD6fRJ9yJ/,Joice Hasselmann,0,True,0,True,0,True
3340,"@brunno_slopes Né isso cara, comentário sensato. Parabéns, uma coisa é apoiar esse governo, outra coisa é ser gado cego e idólatra cara. Esse povo é louco, se lula mandar eles se jogarem de cima de um prédio, acho que eles se jogam viu",1,0,1,1,https://www.instagram.com/p/Cy56zeNLzPE/,Fernando Haddad,1,False,1,False,1,False
5951,Verdade Lula gigante,0,0,0,0,https://www.instagram.com/p/B55Fxu4F5Y5/,Gleisi Hoffmann,0,False,0,False,0,False
2785,"Fala sério, garota manipulada por uma mídia midiática, sem noção que fica andando para cima e para baixo com assessores que custam uma fortuna, vai estudar pirralha",1,1,1,1,https://www.instagram.com/p/B573NclJYqb/,Joice Hasselmann,1,False,1,False,1,False
4577,Estamos contigo @damaresalvesoficial1,0,0,0,0,https://www.instagram.com/tv/B5TgBngnkBN/,Carla Zambelli,0,False,0,False,0,False
5973,Nem era pra ter sido preso! #LulaInocente ❤️🇧🇷💚,0,0,0,0,https://www.instagram.com/p/B55Fxu4F5Y5/,Gleisi Hoffmann,1,True,1,True,0,False
3989,Brasil sem esperança!,0,0,0,0,https://www.instagram.com/p/B1uwCHND_Z5/,Carla Zambelli,0,False,0,False,0,False
6191,❤️❤️👏👏 LULA o melhor Presidente do Brasil 👏👏,0,0,0,0,https://www.instagram.com/p/C114G1zNdjW/,Fernando Haddad,0,False,0,False,0,False
3047,Misericórdia!!! Inacreditável!!! Esse povo é doente! Só pode!,1,1,1,1,https://www.instagram.com/p/B1v5c9bJbWX/,Joice Hasselmann,1,False,1,False,1,False
2695,joice nao paga de palhaça,1,1,1,1,https://www.instagram.com/p/B573NclJYqb/,Joice Hasselmann,1,False,1,False,1,False
3337,Dois desqualificado sem qualidade nenhuma,1,0,1,1,https://www.instagram.com/p/Cy56zeNLzPE/,Fernando Haddad,1,False,1,False,1,False
2585,"Vc está postando essas coisas dessa pirralhada só pra denegrir a imagem do seu presidente, a maioria dos brasileiros nem sabem do que se trata, mas vc faz questão de causar polêmica, continuo dizendo, a opinião dos outros não faz a menor diferença pra mim e pra mais da metade dos brasileiros",1,1,1,1,https://www.instagram.com/p/B573NclJYqb/,Joice Hasselmann,1,False,1,False,1,False
2223,Exatamente só fala merda ....,1,0,1,1,https://www.instagram.com/p/B4TD6fRJ9yJ/,Joice Hasselmann,1,False,1,False,1,False
5487,@joicehasselmannoficial cuida da sua imagem pare de dar manchetes para a esquerda ajude o nosso Presidente e pare porque sua Boca fala do que seu coração está cheio porque você não esquece o filho do Presidente e cuida de fazer a sua política e mostra para o povo o que o nosso Presidente 🇧🇷 está fazendo de bom.,0,0,0,0,https://www.instagram.com/p/B4TD6fRJ9yJ/,Joice Hasselmann,0,False,0,False,0,False
187,A fonte secou! Não tem mais propininha!😂😂😂😂,1,1,1,1,https://www.instagram.com/p/B2uThqdH9xI/,Carla Zambelli,1,False,1,False,1,False
176,Pilantra vadia,1,1,1,1,https://www.instagram.com/p/B2uThqdH9xI/,Carla Zambelli,1,False,1,False,1,False
6774,Verdadeiro homem de bem 👏👏👏❤️❤️❤️ te cuida amigo... deus te abençoe,0,0,0,0,https://www.instagram.com/p/CxnmwKdLEno/,Fernando Haddad,0,False,0,False,0,False
2232,Todos farinha do mesmo saco ...os que pensam q não são logo mais será... infelizmente 😠,1,0,1,1,https://www.instagram.com/p/B4TD6fRJ9yJ/,Joice Hasselmann,1,False,1,False,1,False
5634,..papai não tem mais controle sobre o bebê..,0,0,0,0,https://www.instagram.com/p/B4TD6fRJ9yJ/,Joice Hasselmann,0,False,0,False,0,False
2612,Essa PIRRALHA É MASSA DE MANOBRA E ponto final,1,1,1,1,https://www.instagram.com/p/B573NclJYqb/,Joice Hasselmann,1,False,1,False,1,False
1284,"São as HIENAS carregadas de perversidade e sem nenhum respeito por pela dor dos outros. Não passam de lixos! Não merecem se quer,um segundo de atenção. Tamo com a senhora,ministra! Estamos do teu lado sempre. 🙏",1,1,1,1,https://www.instagram.com/tv/B5TgBngnkBN/,Carla Zambelli,1,False,1,False,1,False
1839,"No Brasil ñ pensou, e sim na sua pessoa. Patriota de bosta",1,1,1,1,https://www.instagram.com/p/B589PRLHK_N/,Carla Zambelli,1,False,1,False,1,False
3896,E ele quer decidir até as eleições vizinhas.,0,0,0,0,https://www.instagram.com/p/B1EoGt2gdnT/,Manuela d'Ávila,0,False,0,False,0,False
6906,Muita boa pessoa Carla Zambele,0,0,0,0,https://www.instagram.com/p/C5ivDPjt8Hp/,Carla Zambelli,0,False,1,True,0,False
3362,"@adnbarross você já tem seu presidiário, porque quer outro?!",1,0,1,1,https://www.instagram.com/p/C5ep78XPyzw/,Eduardo Bolsonaro,1,False,1,False,1,False
3210,Tomar o diploma dele,0,1,1,1,https://www.instagram.com/tv/B5TgBngnkBN/,Carla Zambelli,0,True,0,True,0,True
5692,"Nunca houve isso no Brasil o Bolsonaro semeou está descriminação contra a os negros ,os gays, contra a todos. O quê que este homem aínda está fazendo no governo.",0,0,1,0,https://www.instagram.com/tv/B5EDfDPhjyf/,Gleisi Hoffmann,0,False,0,False,0,False
6613,Parabéns presidente Lula!!!!,0,0,0,0,https://www.instagram.com/p/CpSwP0Fu9Zg/,Fernando Haddad,0,False,0,False,0,False
3032,"Isso e inaceitável uma desgraça dessa nem lúcifer aceita vão te lascar infelizes amaldiçoados !Fora esse STF isso e o satanás tirem pelo amor de Deus , e uma tortura brasileira acabem com essa infâmia nacional acabem com eles !",1,1,1,1,https://www.instagram.com/p/B1v5c9bJbWX/,Joice Hasselmann,1,False,1,False,1,False
4517,@fernandohaddadoficial Camisa do Sr. Professor Fernando aprovada... Desta vez. 😂💋,0,0,0,0,https://www.instagram.com/p/B3efAGxlTKb/,Fernando Haddad,0,False,0,False,0,False
5495,"Agora eu vou concordar com vc, os filhos estão atrapalhando a gestão do Pai. Infelizmente",0,0,0,0,https://www.instagram.com/p/B4TD6fRJ9yJ/,Joice Hasselmann,0,False,0,False,0,False
2320,"Se arrependimento matasse, eu e todos meus amigos e familiares a quem incentivei que votassem em vc estaríamos mortos!! 🤮",1,0,1,1,https://www.instagram.com/p/B4TD6fRJ9yJ/,Joice Hasselmann,0,True,0,True,1,False
950,Silvio Santos é a cara do senhor do engenho,1,1,1,1,https://www.instagram.com/p/B3R0XMrAt7g/,Manuela d'Ávila,0,True,1,False,0,True
4593,Que Deus nunca a abandone ministra!,0,0,0,0,https://www.instagram.com/tv/B5TgBngnkBN/,Carla Zambelli,0,False,0,False,0,False
6141,@joaoamgomes Por que os petistas têm tanto medo de investigarem a morte do Celso Daniel?,0,0,0,0,https://www.instagram.com/p/C45ML5SODEv/,Manuela d'Ávila,1,True,0,False,0,False
3276,"O grupo é grande, com certeza tem mais políticos no meio.",1,0,1,1,https://www.instagram.com/p/C45ML5SODEv/,Manuela d'Ávila,0,True,0,True,0,True
1697,Governo de demônios,1,1,1,1,https://www.instagram.com/p/B4dWN3rgBNx/,Manuela d'Ávila,1,False,1,False,1,False
2243,Cala sua boca 🤪🤪🤪 só fala merda,1,1,1,1,https://www.instagram.com/p/B4TD6fRJ9yJ/,Joice Hasselmann,1,False,1,False,1,False
3237,"O tombo vai ser grande, eu vou aplaudir de pé.",1,1,0,1,https://www.instagram.com/p/C5gMnI0rOSg/,Eduardo Bolsonaro,0,True,0,True,0,True
2029,Rindo feito um condenado,1,0,1,1,https://www.instagram.com/p/B3PK5rOhwtV/,Gleisi Hoffmann,1,False,1,False,1,False
1015,Velho podre,1,1,1,1,https://www.instagram.com/p/B3R0XMrAt7g/,Manuela d'Ávila,1,False,1,False,1,False
2101,Ñ suporto essas palhaçadas esse ñ. me representa.,0,1,1,1,https://www.instagram.com/p/B3PK5rOhwtV/,Gleisi Hoffmann,1,False,1,False,0,True
3146,Kkkkk bem afrontoso👏👏👏👏👏👏🙌,1,0,1,1,https://www.instagram.com/p/B4K2nvnF3cE/,Eduardo Bolsonaro,0,True,0,True,0,True
3596,Geração salva🙏,0,0,0,0,https://www.instagram.com/p/B1rOH6Wlg4A/,Eduardo Bolsonaro,0,False,0,False,0,False
4059,Nasce um MITO 💜,0,0,0,0,https://www.instagram.com/p/B2xPpppAUaN/,Manuela d'Ávila,0,False,0,False,0,False
1473,Isss aí @bolsonarosp 👏👏👏👏(Carniça humana!!!!! Lula)!!!!!,1,1,1,1,https://www.instagram.com/p/B42JqHMFyiu/,Eduardo Bolsonaro,1,False,0,True,1,False
4125,Eitaaaaa! Isso sim é notícia boa! Gente boa!!!!,0,0,0,0,https://www.instagram.com/p/B1_m4F5lO_d/,Fernando Haddad,0,False,0,False,0,False
4154,Professor vc sabe se apresenta diante os governantes mundiais Haddad presidente 2022 Lula livre já,0,0,0,0,https://www.instagram.com/p/B1_m4F5lO_d/,Fernando Haddad,0,False,0,False,0,False
778,coisa nojenta sim,1,1,0,1,https://www.instagram.com/p/B4I9_wdHMYk/,Carla Zambelli,0,True,1,False,1,False
5391,Deveria recolher impostos em quem votou nele !,0,0,0,0,https://www.instagram.com/p/B3PK5rOhwtV/,Gleisi Hoffmann,1,True,1,True,0,False
994,E essas mulheres rindo????? Credo,1,0,1,1,https://www.instagram.com/p/B3R0XMrAt7g/,Manuela d'Ávila,0,True,0,True,1,False
6381,"Seja bem-vinda, Aniele Franco!",0,0,0,0,https://www.instagram.com/p/C5QuPgVxEbq/,Gleisi Hoffmann,0,False,0,False,0,False
990,"Ele sempre foi um monstro. Sempre humilhou pessoas. Sempre foi um péssimo empresário, um empregador desleal e injusto. Já deveria ter sido banido há tempos. Faustão não é muito melhor. Temos a pior televisão de todos os países.",1,1,1,1,https://www.instagram.com/p/B3R0XMrAt7g/,Manuela d'Ávila,1,False,1,False,1,False
3114,🤣🤣🤣🤣🤣ser desmentida ao vivo não tem preço!!!🤣🤣🔝🇧🇷,1,0,1,1,https://www.instagram.com/p/B4I9_wdHMYk/,Carla Zambelli,1,False,1,False,0,True
6161,"Eu quero gente honesta e competente na política e não importa o gênero, a cor, a raça, se é gay se é hetero, etc. Temos que ter políticos honestos e competentes, isso é o que importa",0,0,0,0,https://www.instagram.com/p/C4QI4HHgfJJ/,Manuela d'Ávila,0,False,0,False,0,False
5956,"Verdade, domingo teve um show da Unilever em Candeias/ Pernambuco# a multidão cantava Lula livre! E olhe que a prefeitura é Bolsonaro.",0,0,0,0,https://www.instagram.com/p/B55Fxu4F5Y5/,Gleisi Hoffmann,0,False,0,False,0,False
4225,haddad e freixo ❤️ futuro do brasil,0,0,0,0,https://www.instagram.com/p/B1_m4F5lO_d/,Fernando Haddad,0,False,0,False,1,True
6468,"Parabéns Eduardo. O povo precisa muito de vcs deputados do bem, que tem compromisso com o povo brasileiro 👏👏👏",0,0,0,0,https://www.instagram.com/p/C4tzQ6YrvgD/,Eduardo Bolsonaro,0,False,0,False,0,False
5766,eu sinto a indignação,0,0,0,0,https://www.instagram.com/tv/B5EDfDPhjyf/,Gleisi Hoffmann,0,False,0,False,0,False
3510,"Boa pergunta, #CarlaZambelli!!!!",0,0,0,0,https://www.instagram.com/p/B2uThqdH9xI/,Carla Zambelli,0,False,0,False,0,False
3066,Cambada de lixo humano...só se servem...não nos servem,1,1,1,1,https://www.instagram.com/p/B1v5c9bJbWX/,Joice Hasselmann,1,False,1,False,1,False
5886,👏👏👏👏 Parabéns Ministro pela decisão sensata!!!,0,0,0,0,https://www.instagram.com/p/B5TOC02JF6X/,Joice Hasselmann,0,False,0,False,0,False
2087,Aí seus otario bonsoniho,1,1,1,1,https://www.instagram.com/p/B3PK5rOhwtV/,Gleisi Hoffmann,0,True,1,False,1,False
1356,Que absurdo. É muita petulância desse presidiário.,1,1,0,1,https://www.instagram.com/p/B42JqHMFyiu/,Eduardo Bolsonaro,1,False,1,False,1,False
4347,Essa também não quero perder!!! De jeito nenhum!!! Boa Lêda Nagle!!! Essa daí eu respeito!!!!👏👏👏👏👏❤️❤️❤️❤️,0,0,0,0,https://www.instagram.com/p/B4K2nvnF3cE/,Eduardo Bolsonaro,0,False,0,False,0,False
3631,Que farda linda!!!👏👏👏👏😍,0,0,0,0,https://www.instagram.com/p/B1rOH6Wlg4A/,Eduardo Bolsonaro,0,False,0,False,0,False
4815,👏👏👏🏻👏 o senhor merece,0,0,0,0,https://www.instagram.com/p/B5QeyE9lNSg/,Fernando Haddad,0,False,0,False,0,False
6310,"Sou autista. Casada com autista. Mãe de dois filhos autistas. Me filiei ao @plmulherlondrina e sou pre candidata a vereadora na minha cidade. Fui muito bem acolhida pelo partido, que me deu oportunidade de representar os autistas e suas famílias. Confiaram em mim. Na minha capacidade. Estou só gratidão. E a @michellebolsonaro é minha inspiração. Eu vou conseguir! 🔥❤️",0,0,0,0,https://www.instagram.com/p/C5QvpbeuR0C/,Carla Zambelli,0,False,0,False,0,False
1960,"Ai vem a hipocrisia, sou contra concurso de beleza pois mulher não é objeto, ok mas se a vencedora for Negra, ou qualquer representante de uma minoria ai tudo bem relativo isso.",1,1,0,1,https://www.instagram.com/p/B52f10agU7G/,Manuela d'Ávila,0,True,1,False,0,True
3654,"O povo polonês é um grande exemplo de coragem e lealdade para o mundo. Um povo muito amigável, gentil. Foi uma ótima experiência conviver com alguns poloneses.",0,0,0,0,https://www.instagram.com/p/B1rOH6Wlg4A/,Eduardo Bolsonaro,0,False,0,False,0,False
4623,"Erga sua cabeça, estamos com vossa excelência nesta luta.",0,0,0,0,https://www.instagram.com/tv/B5TgBngnkBN/,Carla Zambelli,0,False,0,False,0,False
2049,VÃO TRABALHAR VAGABUNDOS,1,1,1,1,https://www.instagram.com/p/B3PK5rOhwtV/,Gleisi Hoffmann,1,False,1,False,1,False
597,Deputada! Temos que ir pra cima dessa corja.,1,0,1,1,https://www.instagram.com/p/B1uwCHND_Z5/,Carla Zambelli,0,True,0,True,0,True
3900,A Europa prática o capitalismo. O governo não precisa ser de direita para praticar tal,0,0,0,0,https://www.instagram.com/p/B1EoGt2gdnT/,Manuela d'Ávila,0,False,1,True,0,False
2351,"Maldito MILICO mal caráter, esse DEPUTADOS canalha não tem estrutura nem pra lixeiro da assembleia legislativa, ele deveria estar em um manicômio judiciário.",1,1,1,1,https://www.instagram.com/tv/B5EDfDPhjyf/,Gleisi Hoffmann,1,False,1,False,1,False
393,ele poderia arrumar o que fazer esse bosta,1,1,1,1,https://www.instagram.com/p/B1EoGt2gdnT/,Manuela d'Ávila,1,False,1,False,1,False
5557,Sinto muito mas tenho medo q ele atrapalhe demais o pai dele. Fala muito.,0,0,0,0,https://www.instagram.com/p/B4TD6fRJ9yJ/,Joice Hasselmann,0,False,0,False,1,True
3399,Ñ ganha nem pra porteira de puteiro,1,1,1,1,https://www.instagram.com/p/C3aUy5cOWw_,Joice Hasselmann,1,False,1,False,1,False
6640,Adoro ver isso! 👏👏👏😍😍😍😍😍😍,0,0,0,0,https://www.instagram.com/p/C3v9JGyvsjD/,Eduardo Bolsonaro,0,False,0,False,0,False
4026,Considere o veganismo! Por favor!🙏🙏🙏🙏,0,0,0,0,https://www.instagram.com/p/B2xPpppAUaN/,Manuela d'Ávila,0,False,0,False,0,False
2094,"Isso é o anticristo, não tem vergonha na cara, de roubar os direitos de trabalhadores. Ao contrário dele que sempre mamou nas tetas do estado, e nunca criou um projeto se quer. E agora como um desgovernante tira direitos inclusive de eleitores dele como candidato. Um verdadeiro cara de pau.",1,1,1,1,https://www.instagram.com/p/B3PK5rOhwtV/,Gleisi Hoffmann,1,False,1,False,1,False
5802,Da lhe Benedita da silva,0,0,0,0,https://www.instagram.com/tv/B5EDfDPhjyf/,Gleisi Hoffmann,0,False,0,False,0,False
3565,Parabéns para essas guerreiras corajosas,0,0,0,0,https://www.instagram.com/p/B1rOH6Wlg4A/,Eduardo Bolsonaro,0,False,0,False,0,False
2330,"Joice tá com dor de cutuvelo, para com essa postura lamentável Joice. Se errou em alguma segue em frente, ñ precisa virar oposição ao governo.",1,1,0,1,https://www.instagram.com/p/B4TD6fRJ9yJ/,Joice Hasselmann,1,False,1,False,1,False
5136,"Alem de bonita, inteligente!",0,0,0,0,https://www.instagram.com/p/B52f10agU7G/,Manuela d'Ávila,0,False,0,False,0,False
4493,Muito legal. Imperdível,0,0,0,0,https://www.instagram.com/p/B3efAGxlTKb/,Fernando Haddad,0,False,0,False,0,False
2210,"se falar A ESQUERDA RECLAMA, se não falar A ESQUERDA INVENTA...bora esquecer essa esquerda DUZINFERNOS e trabalhar meu povo!!!",1,1,0,1,https://www.instagram.com/p/B4TD6fRJ9yJ/,Joice Hasselmann,1,False,1,False,1,False
5032,A imprensa que queremos👏👏🇧🇷,0,0,0,0,https://www.instagram.com/p/B6Ees1JF2La/,Eduardo Bolsonaro,0,False,0,False,0,False
5738,Amei sua fala Benedita💋,0,0,0,0,https://www.instagram.com/tv/B5EDfDPhjyf/,Gleisi Hoffmann,0,False,0,False,0,False
5894,Estão querendo prender Lula de novo.,0,0,0,0,https://www.instagram.com/p/B5TOC02JF6X/,Joice Hasselmann,1,True,1,True,0,False
5220,"Nós e o mundo todo sabe que essa moça não era a mais bonita. O concurso de miss universo há muito tempo se tornou um evento político. Sabemos que não é apenas a beleza física que está sendo avaliada, é todo um conjunto.",0,0,0,0,https://www.instagram.com/p/B52f10agU7G/,Manuela d'Ávila,0,False,0,False,0,False
6278,#LULADAPAZ 💙🇧🇷 #haddad forte e inteligente na pasta!,0,0,0,0,https://www.instagram.com/p/Cy56zeNLzPE/,Fernando Haddad,0,False,0,False,0,False
2774,"Não tenha dúvidas, sem capim está sempre a sua disposição 😂😢",1,1,1,1,https://www.instagram.com/p/C5ep78XPyzw/,Eduardo Bolsonaro,0,True,0,True,0,True
5418,"E por falar nisso, e a delação do paloci????",0,0,0,0,https://www.instagram.com/p/B3PK5rOhwtV/,Gleisi Hoffmann,0,False,0,False,0,False
2435,Lugar de ladrão é na cadeia Lula bandido,1,1,1,1,https://www.instagram.com/p/B5TOC02JF6X/,Joice Hasselmann,1,False,1,False,1,False
3457,Esse filho de chocadeira tem aversão à família e religião porque é fruto de uma família desajustada! Única família para ele e quadrilha e aposto que até entre eles deve haver briga! Quando esse velho bater as botas se já não bateu a ninhada dele vai se matar para dividir o fruto de uma vida de corrupção e desvios,1,1,1,1,https://www.instagram.com/p/C5RG9JWovk7/,Carla Zambelli,1,False,1,False,1,False
2378,O Bolsonaro libertou os demônios que estavam escondidos.,1,1,1,1,https://www.instagram.com/tv/B5EDfDPhjyf/,Gleisi Hoffmann,1,False,1,False,1,False
2033,Governo golpista 😠😠😠,1,1,1,1,https://www.instagram.com/p/B3PK5rOhwtV/,Gleisi Hoffmann,1,False,1,False,1,False
6281,Publiquem quem já assinou,0,0,0,0,https://www.instagram.com/p/C5gu6hzuUyx/,Carla Zambelli,0,False,0,False,0,False
6568,@coca.figueiredo chefe não saber e normal..........fica na paz vamos nos alegrR mais segurança pra nós pais de família 👏,0,0,0,0,https://www.instagram.com/p/C4wJzqbMqZZ/,Carla Zambelli,0,False,1,True,0,False
3703,"Hoje mesmo, assim que chegar em casa vou abrir uma bem gelada e assistir.",0,0,0,0,https://www.instagram.com/p/B1ejo45l4FI/,Fernando Haddad,0,False,0,False,0,False
6478,Parabéns pelo engajamento com país e de pessoas assim que precisamos..😍😍,0,0,0,0,https://www.instagram.com/p/C4tzQ6YrvgD/,Eduardo Bolsonaro,0,False,0,False,0,False
6908,👏👏👏👏falou tudo Carla Zambelli é orgulho para o Brasil.,0,0,0,0,https://www.instagram.com/p/C5ivDPjt8Hp/,Carla Zambelli,0,False,0,False,0,False
1961,Enquanto isso o véio do baú dava um show de misoginia e racismo.,1,0,1,1,https://www.instagram.com/p/B52f10agU7G/,Manuela d'Ávila,1,False,1,False,1,False
4673,Cada uma viu ninguém merece já chega,0,0,0,0,https://www.instagram.com/p/B42JqHMFyiu/,Eduardo Bolsonaro,1,True,0,False,0,False
5577,"Joice concordo com vc, o presidente fica desacreditado com os comentários dos filhos, é uma pena.",0,0,0,0,https://www.instagram.com/p/B4TD6fRJ9yJ/,Joice Hasselmann,0,False,0,False,0,False
3311,"Ae, não vai dar moleza pra pastor não, né? Cortou e isenção absurda dos mercadores da fé, agora tem que manter!!!!",1,0,1,1,https://www.instagram.com/p/C114G1zNdjW/,Fernando Haddad,1,False,1,False,1,False
6693,Podemos ter opiniões diferentes e realizar um debate de país digno e honesto para o futuro. @joicehasselmannoficial sou de Centro-esquerda e concordo contigo!,0,0,0,0,https://www.instagram.com/p/C5ZV9mMucGn,Joice Hasselmann,0,False,0,False,0,False
651,"E o dinheiro também por debaixo dos panos, esse pastoreco dizendo que financiou esse ato, tem que investigar a máquina de roupa suja que está por trás dessa manifestação.",1,1,0,1,https://www.instagram.com/p/Cy56zeNLzPE/,Fernando Haddad,1,False,1,False,1,False
4798,Professor para presidente 👏👏👏,0,0,0,0,https://www.instagram.com/p/B5QeyE9lNSg/,Fernando Haddad,0,False,0,False,0,False
5736,É tem negro defendendo essa barbárie!,0,0,0,0,https://www.instagram.com/tv/B5EDfDPhjyf/,Gleisi Hoffmann,1,True,1,True,1,True
5661,Esses filhos vão acabar com o mandato do pai,0,1,0,0,https://www.instagram.com/p/B4TD6fRJ9yJ/,Joice Hasselmann,1,True,0,False,0,False
4396,"Que absurdo, não sei como tem gente q assiste esse cara, e ainda acham graça 😔",0,1,0,0,https://www.instagram.com/p/B3R0XMrAt7g/,Manuela d'Ávila,1,True,1,True,1,True
6094,Quando ele vai ouvir musk na polícia federal kkkkkk,0,0,0,0,https://www.instagram.com/p/C5gMnI0rOSg/,Eduardo Bolsonaro,0,False,1,True,0,False
1538,Esse Feliciano é um sujo carniceiro!,1,1,1,1,https://www.instagram.com/p/B4dWN3rgBNx/,Manuela d'Ávila,1,False,1,False,1,False
4561,Muito triste. Deus honre essa mulher!!!,0,0,0,0,https://www.instagram.com/tv/B5TgBngnkBN/,Carla Zambelli,0,False,0,False,0,False
115,"Enfia a sua pena no seu rabo, velha nojenta",1,1,1,1,https://www.instagram.com/p/B2uThqdH9xI/,Carla Zambelli,1,False,1,False,1,False
6609,"Um abraço, nossa corajosa representante na luta contra as mentiras que assolam o nosso país.",0,0,0,0,https://www.instagram.com/p/C4ncODbBcrm/,Carla Zambelli,0,False,0,False,0,False
1915,"Postagem ridícula Carla, vai trabalhar",1,0,1,1,https://www.instagram.com/p/B589PRLHK_N/,Carla Zambelli,1,False,1,False,1,False
925,Não existe gabinete do ódio do lado.debbolsonaro isso é coisa de lula,1,1,1,1,https://www.instagram.com/p/B4K2nvnF3cE/,Eduardo Bolsonaro,1,False,1,False,1,False
6446,Parabéns e muitas bençãos na vida de Bolsonaro!!!🙏🇧🇷,0,0,0,0,https://www.instagram.com/p/C4xe8v1L1WE/,Eduardo Bolsonaro,0,False,0,False,0,False
4946,Foi tudo em um piscar de olhos.,0,0,0,0,https://www.instagram.com/p/B589PRLHK_N/,Carla Zambelli,0,False,1,True,0,False
888,Eles não cansam de passar vergonha,1,1,0,1,https://www.instagram.com/p/B4I9_wdHMYk/,Carla Zambelli,1,False,1,False,1,False
2672,Tomei nojo!,1,1,1,1,https://www.instagram.com/p/B573NclJYqb/,Joice Hasselmann,1,False,1,False,1,False
4741,Gente em que mundo estamos... Como um cara que é pastor pede as pessoas para atacar alguém?,0,0,0,0,https://www.instagram.com/p/B4dWN3rgBNx/,Manuela d'Ávila,0,False,0,False,1,True
3618,DEUS acima de tudo e de todos,0,0,0,0,https://www.instagram.com/p/B1rOH6Wlg4A/,Eduardo Bolsonaro,0,False,0,False,0,False
4421,Aaaah nao! A internet nao vai aguentar! 😍👏🏼,0,0,0,0,https://www.instagram.com/p/B3efAGxlTKb/,Fernando Haddad,0,False,0,False,0,False
5702,"Parabéns Benedita, pra cima deles",0,0,0,0,https://www.instagram.com/tv/B5EDfDPhjyf/,Gleisi Hoffmann,0,False,0,False,0,False
6275,Eis que você estuda 4 meses de economia 20 anos atrás.,0,0,0,0,https://www.instagram.com/p/Cy56zeNLzPE/,Fernando Haddad,0,False,0,False,0,False
3717,Melhor episódio da vida ❤️❤️❤️❤️❤️,0,0,0,0,https://www.instagram.com/p/B1ejo45l4FI/,Fernando Haddad,0,False,0,False,0,False
1297,Quem escreveu isso contra a ministra é uma verdadeira bicha enrustida um tremendo cortador de madeira pelo furico 💩💩💩,1,1,1,1,https://www.instagram.com/tv/B5TgBngnkBN/,Carla Zambelli,1,False,1,False,1,False
4107,Meu Deus. Ela tem apenas 16 anos com toda essa lucidez e sensibilidade? Tem gente governando por ai que não consegue falar uma frase que faça algum sentido... tanto a aprender com as crianças e os jovens! Maravilhosa!,0,0,0,0,https://www.instagram.com/p/B1_m4F5lO_d/,Fernando Haddad,0,False,1,True,0,False
390,"O MAIOR ERRO E DIZER QUE ELE ""DIZ""PORQUE NA VERDADE ELE NAO DIZ NADA, APENAS CAGA PELA BOCA..",1,0,1,1,https://www.instagram.com/p/B1EoGt2gdnT/,Manuela d'Ávila,1,False,1,False,1,False
5946,Claro meu amor até hoje ninguém nunca provou nada,0,0,0,0,https://www.instagram.com/p/B55Fxu4F5Y5/,Gleisi Hoffmann,0,False,0,False,0,False
1995,Esse miseravel nunca trabaalhou o tempo que passou como parlamentar so ia fazer baixaria e dormir sem se preocupar sempre no final do mês estava lá seus vencimentos sem fazer por ondem.,1,1,1,1,https://www.instagram.com/p/B3PK5rOhwtV/,Gleisi Hoffmann,1,False,1,False,1,False
977,@alice.lavigne.3388 NOJO! por isso prefiro assistir o fantástico aos fins de domingo. Porque contém informações e conteúdos!,1,0,1,1,https://www.instagram.com/p/B3R0XMrAt7g/,Manuela d'Ávila,0,True,0,True,0,True
6021,"A estratégia de Soros é apoiar movimentos de protesto que minam os nacionalismos, colocando acima as reivindicações sociais globais, que desafiam os governos progressistas com um senso de pátria. De pertencer a um território e uma cultura. Malala e Greta fazem parte dessa estratégia, embora a mídia corporativa do mundo esteja focada em saber se a garota escandinava pode retornar de veleiro, mula ou skate para sua escola sueca, para não se contaminar no caminho de volta.",0,1,0,0,https://www.instagram.com/p/B573NclJYqb/,Joice Hasselmann,1,True,1,True,1,True
5688,#A luta não pode parar👏👏,0,0,0,0,https://www.instagram.com/tv/B5EDfDPhjyf/,Gleisi Hoffmann,0,False,0,False,0,False
6925,Grande deputada👏👏👏,0,0,0,0,https://www.instagram.com/p/C5ivDPjt8Hp/,Carla Zambelli,0,False,0,False,0,False
540,Se prender a turma do lula que passa o dia soltando mentiras. Como o caso do @brasil_247 que só mente,1,1,1,1,https://www.instagram.com/p/B1uwCHND_Z5/,Carla Zambelli,1,False,1,False,1,False
3167,"Absurdo o que ele tem feito, alguém tem que fazer parar😮😮😮😮😮",1,0,1,1,https://www.instagram.com/p/B3R0XMrAt7g/,Manuela d'Ávila,1,False,1,False,1,False
1349,Esse ser deve voltar para a cadeia por incitar a violência. Ele é toda cambada dele,1,1,1,1,https://www.instagram.com/p/B42JqHMFyiu/,Eduardo Bolsonaro,1,False,1,False,1,False
2641,Manda ela capinar uma roça e vai vc tbm,1,1,1,1,https://www.instagram.com/p/B573NclJYqb/,Joice Hasselmann,1,False,1,False,0,True
6554,@wellington_do_gremio não tenho tempo nem de ver TV quanto mais globo.,0,0,0,0,https://www.instagram.com/p/CyTgWs3gTCI/,Manuela d'Ávila,0,False,0,False,0,False
5179,"@manueladavila mas pelo menos a cada ano, pq eu não resisto e assisto sempre, os organizadores vêm aumentando os momentos de fala e expressão de conquistas e personalidade das candidatas além da beleza... Ainda são muitas falas de efeito, c/ conteúdo ""midiático"", mas algumas estão muito sensatas e empoderadoras APESAR do contexto ""concurso de beleza""...",0,0,0,0,https://www.instagram.com/p/B52f10agU7G/,Manuela d'Ávila,0,False,0,False,0,False
1000,Se fosse meu pai eu ja tinha interditado! Nojento,1,1,1,1,https://www.instagram.com/p/B3R0XMrAt7g/,Manuela d'Ávila,1,False,1,False,1,False
850,Não cansam de passar vergonha!! #GloboLixo,1,1,1,1,https://www.instagram.com/p/B4I9_wdHMYk/,Carla Zambelli,1,False,1,False,1,False
3763,"Q top, o Haddad é professor, gênio, prefeito, capacitado pra ser presidente, etc e tem um cara q acha q indíos jogaram fogo na casa deles mesmos",0,0,0,0,https://www.instagram.com/p/B1ejo45l4FI/,Fernando Haddad,0,False,0,False,1,True
2473,"E a mentira rolando,também o pai da mentira e o 😈",1,1,0,1,https://www.instagram.com/p/B5TOC02JF6X/,Joice Hasselmann,1,False,1,False,1,False
1362,"e ninguém faz nada com esse crápula, estou indignada!",1,1,1,1,https://www.instagram.com/p/B42JqHMFyiu/,Eduardo Bolsonaro,1,False,1,False,1,False
5223,"Esse concurso foi digno de ser visto. Os discursos das candidatas, as ações sociais que elas se engajam e tudo o q envolveu a escolha da Miss, demostraram que os velhos concursos de ""beleza"" talvez estejam ficando para trás.",0,0,0,0,https://www.instagram.com/p/B52f10agU7G/,Manuela d'Ávila,0,False,0,False,0,False
6182,"Dia 8 de Março, dia de luta, dia das lutadoras, dias das revolucionárias! Viva o 8 de Março!",0,0,0,0,https://www.instagram.com/p/C4QI4HHgfJJ/,Manuela d'Ávila,0,False,0,False,0,False
3303,"Vai arregar pros pastores, Haddad? Vc realmente acha que eles vāo deixar de perseguir a esquerda?",1,0,1,1,https://www.instagram.com/p/C114G1zNdjW/,Fernando Haddad,0,True,0,True,1,False
662,"Sei não hein!? Pertinente, porém vejo um desvio de pensamento arquitetado aí!",1,1,1,1,https://www.instagram.com/p/B2xPpppAUaN/,Manuela d'Ávila,0,True,0,True,0,True
4096,"Podemos mudar de sistema, não de planeta. Baita discurso da Greta.",0,0,0,0,https://www.instagram.com/p/B1_m4F5lO_d/,Fernando Haddad,0,False,0,False,0,False
4715,E quando os obstáculos estão dentro de casa? 🤣,0,0,0,0,https://www.instagram.com/p/B42JqHMFyiu/,Eduardo Bolsonaro,0,False,0,False,0,False
1185,E esse verme q escreveu isso deveria ser punido..sem ética e sem moral..um verdadeiro imbecil .,1,1,1,1,https://www.instagram.com/tv/B5TgBngnkBN/,Carla Zambelli,1,False,1,False,1,False
4476,Ai meu coração não aguenta!!!! 💖👏👏👏👏👏👏🇧🇷,0,0,0,0,https://www.instagram.com/p/B3efAGxlTKb/,Fernando Haddad,0,False,0,False,0,False
4864,Que demais. Do lado de Paulo Freire. Que honra! ❤️,0,0,0,0,https://www.instagram.com/p/B5QeyE9lNSg/,Fernando Haddad,0,False,0,False,0,False
3442,"Você é o lulinha ficaram no vácuo, não vem com mentiras não",1,0,1,1,https://www.instagram.com/p/CxnmwKdLEno/,Fernando Haddad,1,False,1,False,1,False
2776,Muito mimimi bla bla bla.. essa PIRRALHA entende o que da vida. Ah.. va... @joicehasselmannoficial e o investidor que der ouvidos a uma pirralha dessas é pior que ela. Precisamos investigadores que se baseiam em discurso de uma birra botas de 16 anos?,1,1,1,1,https://www.instagram.com/p/B573NclJYqb/,Joice Hasselmann,1,False,1,False,1,False
2266,Para com essa briga. Todo mundo erra. Seja compassiva com os outros. Ou aguentaremos os ladroes da esquerda.,1,1,0,1,https://www.instagram.com/p/B4TD6fRJ9yJ/,Joice Hasselmann,1,False,1,False,0,True
2701,"Cada dia pego mais nojo dessa Joyce, vai trabalhar ao invés de ficar tentando denegrir a imagem do presidente",1,1,1,1,https://www.instagram.com/p/B573NclJYqb/,Joice Hasselmann,1,False,1,False,1,False
5194,"Estou sem palavras... Já acho foda, ver o cabelo afro como moda (a palavra foda saiu para não digitar emocionado) e agora isso.... Lindo lindo",0,0,0,0,https://www.instagram.com/p/B52f10agU7G/,Manuela d'Ávila,0,False,1,True,0,False
1590,ESSES SÃO OS DEJETOS BOLZONARISTAS 💩💩💩💩💩,1,1,1,1,https://www.instagram.com/p/B4dWN3rgBNx/,Manuela d'Ávila,1,False,1,False,1,False
2121,"Infeliz, desgraçado...",1,1,1,1,https://www.instagram.com/p/B3PK5rOhwtV/,Gleisi Hoffmann,1,False,1,False,1,False
5016,Deus está no comando🙌🙌,0,0,0,0,https://www.instagram.com/p/B6Ees1JF2La/,Eduardo Bolsonaro,0,False,0,False,0,False
2568,🤣🤣🤣🤣 Aham. Senta lá claudia. O molusco ta livre mas vive numa prisão. Não pode sair em público. Não pode ir num restaurante. Nao pode pegar um avião com o povão... Tá mais legal assim mesmo. Tá sofrendo na pela a prisão mental que ele se enfiou.,1,1,1,1,https://www.instagram.com/p/B55Fxu4F5Y5/,Gleisi Hoffmann,1,False,1,False,1,False
5642,Janaína porque vice quer calar o filho do presidente. Não é democracia?,0,0,0,0,https://www.instagram.com/p/B4TD6fRJ9yJ/,Joice Hasselmann,0,False,0,False,0,False
4649,Viva o nosso Presidente Bolsonaro 👏🙌👏🙌,0,0,0,0,https://www.instagram.com/p/B42JqHMFyiu/,Eduardo Bolsonaro,0,False,0,False,0,False
3953,Desfazem tudo que o presidente Bolsonaro faz !!! Que sentido faz ?,0,0,0,0,https://www.instagram.com/p/B1uwCHND_Z5/,Carla Zambelli,0,False,0,False,0,False
5459,Isso é a retórica dela. Quanto ao mesmo objetivo vcs tem o mesmo. O duro é contemplar o cargo que lhe agrada.,0,0,0,0,https://www.instagram.com/p/B4TD6fRJ9yJ/,Joice Hasselmann,0,False,1,True,0,False
384,"Perguntem quantos votos esse energúmeno teve em Roraima, então poderemos ter compreensão do porque ele sente liberdade para as atrocidades que diz e faz sem pudor.",1,0,1,1,https://www.instagram.com/p/B1EoGt2gdnT/,Manuela d'Ávila,0,True,0,True,1,False
2449,O STF não é inteiramente PODRE! Tiramos as maçãs podres e teremos magistrados sérios e isentos.,1,1,1,1,https://www.instagram.com/p/B5TOC02JF6X/,Joice Hasselmann,1,False,1,False,1,False
1819,"lula na prisao, lula é ladrão",1,1,0,1,https://www.instagram.com/p/B589PRLHK_N/,Carla Zambelli,1,False,1,False,1,False
5582,Falou só a verdade,0,0,0,0,https://www.instagram.com/p/B4TD6fRJ9yJ/,Joice Hasselmann,0,False,0,False,0,False
3238,Xandão já virou persona non grata assim como o chefe,1,0,1,1,https://www.instagram.com/p/C5gMnI0rOSg/,Eduardo Bolsonaro,1,False,1,False,1,False
3060,São uns idiotas bandidos . Deviam ser cassados . Ou estão com o Brasil e então fora com eles,1,1,1,1,https://www.instagram.com/p/B1v5c9bJbWX/,Joice Hasselmann,1,False,1,False,1,False
4329,Sempre vale a pena te ouvir!,0,0,0,0,https://www.instagram.com/p/B4K2nvnF3cE/,Eduardo Bolsonaro,0,False,0,False,0,False
6911,A verdade sempre aparece,0,0,0,0,https://www.instagram.com/p/C5ivDPjt8Hp/,Carla Zambelli,0,False,0,False,0,False
4655,Eleição passada foi Livramento! Glórias a Deus!,0,1,0,0,https://www.instagram.com/p/B42JqHMFyiu/,Eduardo Bolsonaro,0,False,0,False,0,False
5501,Vc poderia ser mais sensata ... E não alimentar ainda mais as coisas... afinal de que lado vc esta ...,0,1,0,0,https://www.instagram.com/p/B4TD6fRJ9yJ/,Joice Hasselmann,1,True,1,True,1,True
6211,@lu_cianoramos vai se taxado em 92% pra respirar,0,0,0,0,https://www.instagram.com/p/C1Wwy_YuxZ5/,Fernando Haddad,0,False,0,False,0,False
1365,Se acontecer o que esse marginal quer culpa dos safados do stf,1,1,1,1,https://www.instagram.com/p/B42JqHMFyiu/,Eduardo Bolsonaro,1,False,1,False,1,False
4047,Impressionante! Me comovi por demais! Excelente!,0,0,0,0,https://www.instagram.com/p/B2xPpppAUaN/,Manuela d'Ávila,0,False,0,False,0,False
3471,Vagabundo pinguço,1,1,1,1,https://www.instagram.com/p/C5RG9JWovk7/,Carla Zambelli,1,False,1,False,1,False
3149,"SOU BOLSONARIANA ATÉ VCS NÃO ESTIVER MAIS NA POLÍTICA, SOU DO ESTADO DE SÃO PAULO,,,HAHA VOLTEI EM VC BEBÊ,,,EU NÃO TENHO SAUDADES DO QUEIROZ, SE ELE DEVE ALGUMA EXPLICAÇÃO NÃO É PRA MIM, E SIM PRA JUSTIÇA..,..SO ALGO ME ENCOMODA MUITO, O FLAVIO ESTÁ NA MÃO CONTRÁRIA DO SEU PAI, NAS VOTAÇÕES DELE, O MAJOR OLÍMPIO SIM SEGUE MAIS OS IDEAIS DO SEU PAI, QUE O FLAVIO,,, PORQUE FLAVIO É TOTALMENTE CONTRA A CPI DA LAVA TOGA, EDUARDO O POVO ODEIA ESSE STF, PORQUE FLAVIO OS PROTEGE TANTO.....SEI QUE VC NÃO VAI DAR BOLA AO MEU COMENTÁRIO, MAS JURO QUERIA ENTENDER...💗💗💗💗💗💗",1,0,1,1,https://www.instagram.com/p/B4K2nvnF3cE/,Eduardo Bolsonaro,0,True,0,True,1,False
5371,Querido!!!! Você merece!!!! 📘📑📑🎸🎸🎸🎸💓💓💓🎓🎓🎓🏆🏆🏆🏆👏👏👏👏👏👏👏👏👏👏👏👏,0,0,0,0,https://www.instagram.com/p/B53DtnSlTq8/,Fernando Haddad,0,False,0,False,0,False
547,Os PTistas se fuderao muito,1,1,1,1,https://www.instagram.com/p/B1uwCHND_Z5/,Carla Zambelli,1,False,1,False,1,False
6380,Três mulheres lindas que nós representam 👏👏👏👏👏👏👏👏❤️❤️❤️,0,0,0,0,https://www.instagram.com/p/C5QuPgVxEbq/,Gleisi Hoffmann,0,False,0,False,0,False
2254,"Eu acho, que o filho do presidente , é seu maior impecilio , o presidente perde muito tempo tentando explicar as burrice filho errrr.",1,0,1,1,https://www.instagram.com/p/B4TD6fRJ9yJ/,Joice Hasselmann,1,False,1,False,1,False
6444,"Que homens lindos 😍😍 maravilhosos, inteligentes, queridos!",0,0,0,0,https://www.instagram.com/p/C4xe8v1L1WE/,Eduardo Bolsonaro,0,False,0,False,0,False
5562,Os filhos do Presidente só criam problemas .... corta a mesada deles ....,0,0,0,0,https://www.instagram.com/p/B4TD6fRJ9yJ/,Joice Hasselmann,1,True,1,True,1,True
4371,Cadê a Damares e a igreja para proteger as crianças ?,0,0,0,0,https://www.instagram.com/p/B3R0XMrAt7g/,Manuela d'Ávila,1,True,0,False,0,False
1307,Com o pode este criminosso vagabundo ainda não está presso,1,1,1,1,https://www.instagram.com/p/B42JqHMFyiu/,Eduardo Bolsonaro,1,False,1,False,1,False
3749,Prof. Fernando Haddad Deus que te abençoe! Boa noite! !,0,0,0,0,https://www.instagram.com/p/B1ejo45l4FI/,Fernando Haddad,0,False,0,False,0,False
5887,Boa Fachin,0,0,0,0,https://www.instagram.com/p/B5TOC02JF6X/,Joice Hasselmann,1,True,0,False,1,True
2146,"Depois q esse verme sair , pode revogar essas merdas q ele tá fazendo com o povo?",1,1,1,1,https://www.instagram.com/p/B3PK5rOhwtV/,Gleisi Hoffmann,1,False,1,False,1,False
2588,A pirralha acho que nem parou de mijar na cama ainda kkkkkk,1,1,1,1,https://www.instagram.com/p/B573NclJYqb/,Joice Hasselmann,1,False,1,False,1,False
1217,"Jornalistas babaca, somos todos Damares❤️❤️❤️",1,1,1,1,https://www.instagram.com/tv/B5TgBngnkBN/,Carla Zambelli,0,True,1,False,0,True
648,"ELA DIZENDO QUE OS CAPITALISTAS LHES ROUBARAM A INFÂNCIA POR CAUSA DO AQUECIMENTO GLOBAL.. SE ELA SOUBESSE QUE LULA, O PT, O PMDB E CABRAL ROUBARAM ESCOLA, MERENDA, HOSPITAIS, REMÉDIOS DE TODAS AS CRIANÇAS BRASILEIRA.. ACHO QUE ELA NEM BOTAVA A CARA NA ONU....",1,1,1,1,https://www.instagram.com/p/B2xPpppAUaN/,Manuela d'Ávila,1,False,1,False,1,False
3498,"Ui, a Micheque-wannabe que defende golpistas chamando democratas de extremistas 😂😂😂😂😂😂😂 não sabe o significado nem de uma coisa nem de outra. Como todo g@d0 do pasto minion 👉🏼🐂🤣🤣🤣",1,1,1,1,https://www.instagram.com/p/C0d-JK4r7E0/,Eduardo Bolsonaro,1,False,1,False,1,False
290,NAZISTINHA ESCROTO DO CARALHO,1,1,1,1,https://www.instagram.com/p/B1rOH6Wlg4A/,Eduardo Bolsonaro,1,False,1,False,1,False
5396,Que imposto é nesse que será cobrado?,0,0,0,0,https://www.instagram.com/p/B3PK5rOhwtV/,Gleisi Hoffmann,0,False,0,False,0,False
4909,"Sou seu fã mas vamos postar os FEITOS e CONQUISTAS. Os opositores, sem combustível, cansam.",0,0,0,0,https://www.instagram.com/p/B589PRLHK_N/,Carla Zambelli,0,False,0,False,0,False
4997,👏 parabéns Brasil estamos juntos,0,0,0,0,https://www.instagram.com/p/B6Ees1JF2La/,Eduardo Bolsonaro,0,False,0,False,0,False
4670,Arrepiei no final 😍❤️🇧🇷💙💚👏👏👏👏👏👏👏,0,0,0,0,https://www.instagram.com/p/B42JqHMFyiu/,Eduardo Bolsonaro,0,False,0,False,0,False
116,A única coisa que no momento a esquerda faz é rosnar!!,1,1,1,1,https://www.instagram.com/p/B2uThqdH9xI/,Carla Zambelli,0,True,0,True,0,True
6630,"@brunomartins_sf1 realmente vou ter que voltar a estudar e entender tudoooo que está acontecendo. Vc deu uma aula ... nos passe sua base de conhecimento, para que tds aqui possa seguir este mesmo pensamento, de argumentos e de Educação. Sensacional 👏👏👏👏👏👏",0,0,0,0,https://www.instagram.com/p/CpSwP0Fu9Zg/,Fernando Haddad,0,False,0,False,0,False
4229,Lindao arrebenta,0,0,0,0,https://www.instagram.com/p/B1_m4F5lO_d/,Fernando Haddad,1,True,0,False,0,False
3628,💪🇧🇷🇧🇷novo Brasilllll,0,0,0,0,https://www.instagram.com/p/B1rOH6Wlg4A/,Eduardo Bolsonaro,0,False,0,False,0,False
3522,Devia ter tido pena ANTES... bem ANTES 🤬,0,0,0,0,https://www.instagram.com/p/B2uThqdH9xI/,Carla Zambelli,1,True,1,True,0,False
5259,Vc é o máximo professor ❤️,0,0,0,0,https://www.instagram.com/p/B53DtnSlTq8/,Fernando Haddad,0,False,0,False,0,False
4377,Mds! Até quando vão permitir isso com as mulheres desse país?!!!,0,0,0,0,https://www.instagram.com/p/B3R0XMrAt7g/,Manuela d'Ávila,0,False,0,False,0,False
3694,Dois feras ❤️,0,0,0,0,https://www.instagram.com/p/B1ejo45l4FI/,Fernando Haddad,0,False,1,True,0,False
1527,Bandido gay enrustido! Pedófilo de merda!,1,1,1,1,https://www.instagram.com/p/B4dWN3rgBNx/,Manuela d'Ávila,1,False,1,False,1,False
4298,"Essa entrevista vou assistir por sua causa Deputado, quanto ao Queiróz já tem gente para se preocupar por mim 😂😂. Avisa se vai sair na quinta-feira mesmo. 👉🇧🇷",0,0,0,0,https://www.instagram.com/p/B4K2nvnF3cE/,Eduardo Bolsonaro,0,False,0,False,0,False
5274,"Mas, bah, tchê! Parabéns! Merecido!",0,0,0,0,https://www.instagram.com/p/B53DtnSlTq8/,Fernando Haddad,0,False,0,False,0,False
3687,"@matthews_salles Que bobagem! O Glen ñ precisa da proteçao de ninguem! O flavinho, sim!",0,0,0,0,https://www.instagram.com/p/B1ejo45l4FI/,Fernando Haddad,1,True,0,False,1,True
1643,"Lixo, ainda fala em nome de Deus esse demônio!!",1,1,1,1,https://www.instagram.com/p/B4dWN3rgBNx/,Manuela d'Ávila,1,False,1,False,1,False
521,"Hora de prender os jornalistas da Globo, UOL e etc...",0,1,1,1,https://www.instagram.com/p/B1uwCHND_Z5/,Carla Zambelli,1,False,1,False,1,False
1758,Que Jesus esses demônios seguem! Meu Deus salve nosso país de seres demoníacos como esse Marco Feliciano!😈😈,1,1,1,1,https://www.instagram.com/p/B4dWN3rgBNx/,Manuela d'Ávila,1,False,1,False,1,False
5269,Parabéns intelectual orgânico da classe trabalhadora,0,0,0,0,https://www.instagram.com/p/B53DtnSlTq8/,Fernando Haddad,0,False,0,False,0,False
2147,"JAMAIS IRIA TORCER CONTRA O MEU BRASIL, MAS BEM FEITO PRA QUEM VOTOU NESSE PEDAÇO DE ESTRUME, EU VOU ME FODER, MAIS QUERO VER DE CAMAROTE ESSES BURROS SE FODEREM MAIS AINDA!",1,1,1,1,https://www.instagram.com/p/B3PK5rOhwtV/,Gleisi Hoffmann,1,False,1,False,1,False
6776,"Cooperação internacional, desenvolvimento, respeito às leis brasileiras, força e paz na luta, Ministro @fernandohaddadoficial",0,0,0,0,https://www.instagram.com/p/CxnmwKdLEno/,Fernando Haddad,0,False,0,False,0,False
4961,Avante Brasil. Bolsonaro melhor Presidente do nosso País.💙💛💚🇧🇷🤗,0,0,0,0,https://www.instagram.com/p/B6Ees1JF2La/,Eduardo Bolsonaro,0,False,0,False,0,False
2838,CAPA DA TIME AGORA VIROU LIXO,1,1,1,1,https://www.instagram.com/p/B573NclJYqb/,Joice Hasselmann,0,True,1,False,1,False
6165,@fallz.dev podemos ser oque a gente quiser ...quem decide não é você,0,0,0,0,https://www.instagram.com/p/C4QI4HHgfJJ/,Manuela d'Ávila,0,False,0,False,0,False
6920,"Estaremos sempre com nossa Carla Zambelli,eu e minha família votamos nela e ela não nos decepcionou e ela sempre vai ter nosso apoio,e que Deus te abençoe 🙌🙌🇧🇷🇧🇷🇧🇷",0,0,0,0,https://www.instagram.com/p/C5ivDPjt8Hp/,Carla Zambelli,0,False,0,False,0,False
6671,@prestes.reh noooossa essa foi boa 👏👏👏👏,0,0,0,0,https://www.instagram.com/p/C3aUy5cOWw_,Joice Hasselmann,0,False,0,False,0,False
2173,Louco roubando nossos direito,1,1,1,1,https://www.instagram.com/p/B3PK5rOhwtV/,Gleisi Hoffmann,1,False,1,False,1,False
2342,So negros morrem no Brasil? Bandido nao escolhe cor!,1,0,1,1,https://www.instagram.com/tv/B5EDfDPhjyf/,Gleisi Hoffmann,1,False,1,False,1,False
354,Ele está certo. Vai ter um monte de argentino faminto invadindo aqui,1,1,1,1,https://www.instagram.com/p/B1EoGt2gdnT/,Manuela d'Ávila,1,False,0,True,0,True
4040,"sem industria, sem soberania. Não adianta nada ""não manufaturar"" se compramos de quem manufatura, e permitimos a destruição da Amazônia.",0,0,0,0,https://www.instagram.com/p/B2xPpppAUaN/,Manuela d'Ávila,0,False,1,True,0,False
6338,E verdade as pesquisas so ladeira abaixo. Inclusive no nordeste,0,0,1,0,https://www.instagram.com/p/C5ZLiSBPgFa/,Gleisi Hoffmann,0,False,0,False,0,False
6409,Kkkkk Mais afiado que tramontina😂💚💛,0,0,0,0,https://www.instagram.com/p/C49gDoVL70H/,Eduardo Bolsonaro,1,True,1,True,1,True
5082,Nesse pode acreditar pois Alexandre Garcia é de respeito 🙏🏻🙏🏻👏🏻👏🏻,0,0,0,0,https://www.instagram.com/p/B6Ees1JF2La/,Eduardo Bolsonaro,0,False,0,False,0,False
5756,Benedita parabéns ❤️,0,0,0,0,https://www.instagram.com/tv/B5EDfDPhjyf/,Gleisi Hoffmann,0,False,0,False,0,False
674,"Meu Deus essa criatura só reclama, vc nao é deputada? Deputada tem que ter projetos mas vc só dica de fuxico e baixaria eu heim",1,1,1,1,https://www.instagram.com/p/B2xPpppAUaN/,Manuela d'Ávila,1,False,1,False,1,False
5382,Haudad nós estamos esperando🇧🇷🇧🇷🇧🇷🇧🇷🇧🇷🇧🇷,0,0,0,0,https://www.instagram.com/p/B53DtnSlTq8/,Fernando Haddad,0,False,0,False,0,False
6627,Vai dar certo Brasil!,0,0,0,0,https://www.instagram.com/p/CpSwP0Fu9Zg/,Fernando Haddad,0,False,0,False,0,False
5601,É isso! Mas eles acham q é perseguição pessoal,0,0,0,0,https://www.instagram.com/p/B4TD6fRJ9yJ/,Joice Hasselmann,0,False,0,False,1,True
6307,De que adianta se só fica no papel!,0,0,0,0,https://www.instagram.com/p/C5gu6hzuUyx/,Carla Zambelli,0,False,0,False,0,False
3556,"Não entendi o post. Está enaltecendo a invasão da Polônia pelos alemães que culminou na maior guerra planetária da história, com opressão a judeus, ciganos, negros e homossexuais?",0,0,0,0,https://www.instagram.com/p/B1rOH6Wlg4A/,Eduardo Bolsonaro,0,False,0,False,0,False
3287,"@g.srod Lula e Haddad são a mesma coisa. Acorda, amigo. O Lula está se lixando para os pobres. Acorda!",1,0,1,1,https://www.instagram.com/p/C114G1zNdjW/,Fernando Haddad,1,False,1,False,1,False
1718,Cretino! Crápula! Escroto!,1,1,1,1,https://www.instagram.com/p/B4dWN3rgBNx/,Manuela d'Ávila,1,False,1,False,1,False
2719,Ela quer ganhar o Nobel!! Pirralha,1,1,1,1,https://www.instagram.com/p/B573NclJYqb/,Joice Hasselmann,1,False,1,False,1,False
2202,Os filhos do mito atrapalham demais! Batem fora do bumbo!!,1,0,1,1,https://www.instagram.com/p/B4TD6fRJ9yJ/,Joice Hasselmann,1,False,1,False,1,False
2411,Ptistas Lixos 💩,1,1,1,1,https://www.instagram.com/tv/B5EDfDPhjyf/,Gleisi Hoffmann,1,False,1,False,1,False
4101,Muito forte ! Mas não tocará os corações dos poderosos 😢😢😢,0,0,0,0,https://www.instagram.com/p/B1_m4F5lO_d/,Fernando Haddad,0,False,0,False,0,False
1192,Esses fdp que tinham que ficar em cela com esses criminosos que não vem uma mulher há tempos !!,1,1,1,1,https://www.instagram.com/tv/B5TgBngnkBN/,Carla Zambelli,1,False,1,False,1,False
121,Nossa mostre sua compaixão devolvendo o dinheiro que recebeu do MOLUSCO,1,1,1,1,https://www.instagram.com/p/B2uThqdH9xI/,Carla Zambelli,0,True,1,False,0,True
823,Amei ver está idiota passando vergonha. ficou até sempre rumo🤪,0,1,1,1,https://www.instagram.com/p/B4I9_wdHMYk/,Carla Zambelli,1,False,1,False,1,False
1133,Ainda tem quem ache engraçado esse velho pervertido,1,1,1,1,https://www.instagram.com/p/B3R0XMrAt7g/,Manuela d'Ávila,1,False,1,False,1,False
6915,"@lukinhadobreakoficial , muito obrigada por seu apoio e carinho. Conte sempre comigo! Abraços 🇧🇷",0,0,0,0,https://www.instagram.com/p/C5ivDPjt8Hp/,Carla Zambelli,0,False,0,False,0,False
2069,"Desgraçado, canalha!",1,1,1,1,https://www.instagram.com/p/B3PK5rOhwtV/,Gleisi Hoffmann,1,False,1,False,1,False
6274,Os Robin Hood's do Brasil,0,0,0,0,https://www.instagram.com/p/Cy56zeNLzPE/,Fernando Haddad,1,True,1,True,1,True
2833,"A Time devia colocar como personalidade do ano as crianças que são vítima de casamento precoce e morrem na primeira relação sexual por inúmeras perfurações internas mais e mais fácil colocar o que bem lhe convir o presidente está certo e uma pirralha sim e deveria estar aprendendo que o mundo inteiro está sendo destruído principalmente pessoas,,,,deviam observa os peixes grandes.....",1,1,0,1,https://www.instagram.com/p/B573NclJYqb/,Joice Hasselmann,1,False,1,False,0,True
3860,Força Manu 👊🙏,0,0,0,0,https://www.instagram.com/p/B1EoGt2gdnT/,Manuela d'Ávila,0,False,0,False,0,False
5928,Nele até agora o Brasil pode confiar!! 🇧🇷🇧🇷🇧🇷,0,0,0,0,https://www.instagram.com/p/B5TOC02JF6X/,Joice Hasselmann,0,False,0,False,0,False
4710,Bolsonaro chegou na hora certa para livrar o Brasil da situação crítica que estava.👏🇧🇷 e segue a mudança! 🇧🇷,0,0,0,0,https://www.instagram.com/p/B42JqHMFyiu/,Eduardo Bolsonaro,0,False,0,False,0,False
5180,"Esse negócio de mulher NEGRA está por fora. Foi escolhida uma MULHER LINDA do continente africano. Mulher é mulher. Ou ela é diferente das outras por causa da sua cor. É mais sensual, mais carinhosa, mais inteligente...???",0,0,0,0,https://www.instagram.com/p/B52f10agU7G/,Manuela d'Ávila,0,False,0,False,0,False
4109,"maravilhosaaa, icone ecossocialista!! não se deve manter um sistema de crescimento infinito quando se tem recursos finitos e quase extintos.",0,0,0,0,https://www.instagram.com/p/B1_m4F5lO_d/,Fernando Haddad,0,False,0,False,0,False
1949,"@bolsonarosp o serpente do diabo ,da morte do noblat sempre fala no blog dele tic tac envolvendo vocês",1,1,1,1,https://www.instagram.com/p/B6Ees1JF2La/,Eduardo Bolsonaro,1,False,1,False,1,False
2013,Isso é pouco pra os otário q votou nele.,1,1,1,1,https://www.instagram.com/p/B3PK5rOhwtV/,Gleisi Hoffmann,0,True,0,True,0,True
634,"O Brasil é governado por corruptos, a câmara cria as leis e aprova pra beneficiar eles mesmos e o STF retifica. E o @jairmessiasbolsonaro só observa e não faz nada.",1,0,1,1,https://www.instagram.com/p/B1uwCHND_Z5/,Carla Zambelli,1,False,1,False,1,False
1338,Esse homem está louco,1,1,1,1,https://www.instagram.com/p/B42JqHMFyiu/,Eduardo Bolsonaro,1,False,1,False,1,False
464,"Vou filosofar: ""O cocô sai pelo ânus, mas pelo jeito, em algumas pessoas do congresso, se acumula no cérebro"" 💩 🧠",1,1,1,1,https://www.instagram.com/p/B1uwCHND_Z5/,Carla Zambelli,1,False,1,False,1,False
4971,"Melhor comentarista que o nisso país tem . Realista , verdadeiro . Assino embaixo para ser comentarista econômico do nosso presidente .!",0,0,0,0,https://www.instagram.com/p/B6Ees1JF2La/,Eduardo Bolsonaro,0,False,0,False,0,False
2526,"Lula so ..vai ganlha, matrícula na cadeia 😂",1,1,0,1,https://www.instagram.com/p/B55Fxu4F5Y5/,Gleisi Hoffmann,1,False,0,True,1,False
618,Esses corruptos só vão parar quando começarem a morrer...um por um! Eles estão cavando a própria cova.,1,1,1,1,https://www.instagram.com/p/B1uwCHND_Z5/,Carla Zambelli,1,False,1,False,1,False
5787,Representou. Como sempre!,0,0,0,0,https://www.instagram.com/tv/B5EDfDPhjyf/,Gleisi Hoffmann,0,False,0,False,0,False
6916,@carla.zambelli sempre amiga você merece todo nosso carinho e apoio!!! Nós brasileiros somos gratos a tudo que faz pelo nosso Brasil e por nós 🇧🇷🇧🇷🇧🇷🇧🇷💚,0,0,0,0,https://www.instagram.com/p/C5ivDPjt8Hp/,Carla Zambelli,0,False,0,False,0,False
6150,Domingo de ramos especial!,0,0,0,0,https://www.instagram.com/p/C45ML5SODEv/,Manuela d'Ávila,0,False,0,False,0,False
2322,"Esse porra defeca pela boca, só atraí mídia negativa pro pai dele...deveria ir pros EUA e ficar lá por um bom tempo.",1,1,1,1,https://www.instagram.com/p/B4TD6fRJ9yJ/,Joice Hasselmann,1,False,1,False,1,False
2839,"Quem se importa com isso qdo nosso desemprego ainda está alto? Realmente é uma pirralha metida a certinha. Oq precisamos é foco no desenvolvimento interno, geração de empregos, desburocratização, corte de gastos do governo, mais saude e mais educação!!!",1,1,1,1,https://www.instagram.com/p/B573NclJYqb/,Joice Hasselmann,1,False,1,False,1,False
3768,Pra ganhar a eleição teve que prender Lula sem provas .....,1,0,0,0,https://www.instagram.com/p/B1ejo45l4FI/,Fernando Haddad,0,False,0,False,0,False
661,Parabéns a garotinha do George Sorus. Uma laranjinha sendo usada pelas grandes corporações parabéns a menina usada por sua mãe e as gigantes de seu contrato.,1,1,0,1,https://www.instagram.com/p/B2xPpppAUaN/,Manuela d'Ávila,0,True,0,True,0,True
5797,Minha deputada do coração.,0,0,0,0,https://www.instagram.com/tv/B5EDfDPhjyf/,Gleisi Hoffmann,0,False,0,False,0,False
1760,Tira o nome de Jesus da boca.,0,1,1,1,https://www.instagram.com/p/B4dWN3rgBNx/,Manuela d'Ávila,1,False,1,False,1,False
1901,Joice é uma VERGONHA.,1,1,1,1,https://www.instagram.com/p/B589PRLHK_N/,Carla Zambelli,1,False,1,False,1,False
2751,Grande Merda 💩💩💩💩💩💩,1,0,1,1,https://www.instagram.com/p/B573NclJYqb/,Joice Hasselmann,1,False,1,False,1,False
2804,"Faz me rir!!! Pirralha!!!! Hittler, Stalin e Gretta!!! Exemplos de Personalidades do ano dessa revista de bosta!!!! Não serve nem pra por em fundo de gaiola pros pássaros cagarem em cima!!!!",1,1,1,1,https://www.instagram.com/p/B573NclJYqb/,Joice Hasselmann,1,False,1,False,1,False
1823,"Vergonha, vergonha!!",1,0,1,1,https://www.instagram.com/p/B589PRLHK_N/,Carla Zambelli,1,False,1,False,1,False
1814,Ridícula essa briguinha de vocês . Será que daria para crescer e voltar a trabalhar pelo Brasil ???????????,1,0,1,1,https://www.instagram.com/p/B589PRLHK_N/,Carla Zambelli,0,True,1,False,1,False
2415,Sujeito escroto,1,1,1,1,https://www.instagram.com/tv/B5EDfDPhjyf/,Gleisi Hoffmann,1,False,1,False,1,False
2242,Cala boca Magda 🤦‍♀️,1,1,1,1,https://www.instagram.com/p/B4TD6fRJ9yJ/,Joice Hasselmann,1,False,1,False,1,False
3231,@elshaday.morrinhos pó de merda😂😂😂,1,0,1,1,https://www.instagram.com/p/C5gMnI0rOSg/,Eduardo Bolsonaro,1,False,1,False,1,False
1828,"Briguinha feia mesmo. Deviam agregar pessoas e não fazer o contrário. Mas sabemos que qqr tentativa de colocar isso na cabeça de vocês vai ir por agua abaixo. Ate onde sabemos vocês só são diferentes do pt no nome e não estão envolvidos em corrupção, mas saiba, só isso não bastará. PSL me dececionou demais. @carla.zambelli",1,1,0,1,https://www.instagram.com/p/B589PRLHK_N/,Carla Zambelli,1,False,1,False,1,False
1520,"@lee_eid olha esse vídeo, desse vagabundo, o que a esquerda quer para nosso país!! Gostaria muito que visse, não seja enganada 😘",1,1,1,1,https://www.instagram.com/p/B42JqHMFyiu/,Eduardo Bolsonaro,1,False,0,True,0,True
5693,"Parabéns ao deputado coronel Tadeu, se fosse eu tinha feito pior",0,0,1,0,https://www.instagram.com/tv/B5EDfDPhjyf/,Gleisi Hoffmann,0,False,0,False,0,False
5200,Ja esta ultrapassando a hora de acabar com o Racismo ! Somos todos iguais perante Deus,0,0,0,0,https://www.instagram.com/p/B52f10agU7G/,Manuela d'Ávila,0,False,0,False,0,False
6156,"É fato, o assassinato de Marielle e Anderson, os cargos ocupados pelos suspeitos envolvidos, assim como, as pessoas afastadas das investigações, deixa claro que o crime organizado faz parte da estrutura do Estado do Rio de Janeiro. Parabéns a PF pela seriedade do trabalho! #judticapormarielleeanderson",0,0,0,0,https://www.instagram.com/p/C45ML5SODEv/,Manuela d'Ávila,0,False,0,False,0,False
4214,❤️👏👏👏👏👏 Não vejo a hora de te vê Presidente!!! Esse dia será épico 👏👏👏👏👏,0,0,0,0,https://www.instagram.com/p/B1_m4F5lO_d/,Fernando Haddad,0,False,0,False,0,False
4117,Não esqueça de hidratar as crianças @antoniocesar_ @soraiabcavalcante @bolgue @gutastresser @joyluix @carlorfreire,0,0,0,0,https://www.instagram.com/p/B1_m4F5lO_d/,Fernando Haddad,0,False,0,False,0,False
147,Cala essa boca sua vaca velha vai para Venezuela,1,1,1,1,https://www.instagram.com/p/B2uThqdH9xI/,Carla Zambelli,1,False,1,False,1,False
40,Nojo 🙈🙉🙊sempre assim,1,1,1,1,https://www.instagram.com/p/B2uThqdH9xI/,Carla Zambelli,0,True,1,False,0,True
4141,Ricardo Coutinho você é o cara minha expiração 🙌🙌🙌,0,0,0,0,https://www.instagram.com/p/B1_m4F5lO_d/,Fernando Haddad,0,False,0,False,0,False
1402,Devia ter vergonha em falar a palavra honra,1,1,0,1,https://www.instagram.com/p/B42JqHMFyiu/,Eduardo Bolsonaro,1,False,1,False,1,False
3369,"@marcelosousa1994 chora de que ? Ta todo mundo afundado no mesmo barco ue , em vez de ficar ai mamando ovo de político taxador dos mais pobres va procurar cobra-los.",1,0,1,1,https://www.instagram.com/p/CzZ4P7XxW2b/,Fernando Haddad,1,False,1,False,1,False
4806,Boa noite meu amigo fica com Deus de lenbarsa a meu querido amigo lula liver deus abençoe a todos vocês,0,0,0,0,https://www.instagram.com/p/B5QeyE9lNSg/,Fernando Haddad,0,False,0,False,0,False
3517,"Viva Bolsonaro! Moro Herói Nacional!! Recorde de empregos, menor taxa Selic, maior infraestrutura, privatização! Viva o Novo Brasil!!",0,0,0,0,https://www.instagram.com/p/B2uThqdH9xI/,Carla Zambelli,0,False,0,False,0,False
3282,Pq teu inelegível vai ser preso 😂😂😂😂😂 vai lá passar pano pro minto 😂😂,1,1,0,1,https://www.instagram.com/p/C4QI4HHgfJJ/,Manuela d'Ávila,1,False,1,False,1,False
1599,"Esse Feliciano é um vagabundo e charlatão que fica falando e fazendo coisas usando o nome de Deus, se dizendo ""cristão"", tenho é pena dos que elegeram um bosta desse que não acrescenta em nada à Câmara dos deputados.",1,1,1,1,https://www.instagram.com/p/B4dWN3rgBNx/,Manuela d'Ávila,1,False,1,False,1,False
5329,Chic professor!,0,0,0,0,https://www.instagram.com/p/B53DtnSlTq8/,Fernando Haddad,0,False,0,False,0,False
690,"Agora vai ser assim "" votem em quem eu indicar"" pelo amor de Deus para de frescura no toba e deixa o povo votar",1,0,1,1,https://www.instagram.com/p/C5ZLiSBPgFa/,Gleisi Hoffmann,0,True,0,True,0,True
6024,Hitler e Stálin tb já foram capa da Times por serem escolhidos personalidade do ano,0,0,0,0,https://www.instagram.com/p/B573NclJYqb/,Joice Hasselmann,0,False,0,False,0,False
5575,Por isso que Lula e Dilma não tinham familiares na política.,0,0,0,0,https://www.instagram.com/p/B4TD6fRJ9yJ/,Joice Hasselmann,0,False,1,True,0,False
1077,Tudi lixo e me admiro mães levando crianças lá 😩,1,1,1,1,https://www.instagram.com/p/B3R0XMrAt7g/,Manuela d'Ávila,1,False,1,False,1,False
1051,Noja comprando a inocência dessas meninas! 😠😠😠🤮🤮🤮🤮🤮🤮🤮🤮,1,1,1,1,https://www.instagram.com/p/B3R0XMrAt7g/,Manuela d'Ávila,1,False,1,False,1,False
233,Cara pálida devolve o dinheiro a propina para o Brasil então,1,1,1,1,https://www.instagram.com/p/B2uThqdH9xI/,Carla Zambelli,1,False,1,False,1,False
6985,Meus @bolsonarosp fico muito feliz com o lindo trabalho de vcs em favor do Brasil 🇧🇷🇧🇷🇧🇷👏👏👏,0,0,0,0,https://www.instagram.com/p/C5rDlbTPTJq/,Eduardo Bolsonaro,0,False,0,False,0,False
3045,"Isso é crime contra a nação, e tem fdp que ainda vota nesses canalhas.",1,1,1,1,https://www.instagram.com/p/B1v5c9bJbWX/,Joice Hasselmann,1,False,1,False,1,False
2918,Deveria ser extraditado pra Cuba ou Venezuela..,1,1,1,1,https://www.instagram.com/p/B1v5c9bJbWX/,Joice Hasselmann,1,False,1,False,1,False
1391,Esse criminoso é uma aberração.,1,1,1,1,https://www.instagram.com/p/B42JqHMFyiu/,Eduardo Bolsonaro,1,False,1,False,1,False
327,Kkkkkkk condenado por caixa 2 pqp nao da uma dentro,1,1,1,1,https://www.instagram.com/p/B1ejo45l4FI/,Fernando Haddad,1,False,1,False,1,False
5104,Essa passou na fila da beleza várias vezes 😍,0,0,0,0,https://www.instagram.com/p/B52f10agU7G/,Manuela d'Ávila,0,False,0,False,0,False
2314,"A esquerda está acabada , já era",1,1,0,1,https://www.instagram.com/p/B4TD6fRJ9yJ/,Joice Hasselmann,1,False,1,False,0,True
2994,"Minha duvida hj é se eu vendo avon, se dou palestras, se cato bosta de elefante ou se jogo na mega sena.... PTzada.... tropa de ladrao",1,1,1,1,https://www.instagram.com/p/B1v5c9bJbWX/,Joice Hasselmann,1,False,1,False,1,False
5698,Muito inteligente!👏👏,0,0,0,0,https://www.instagram.com/tv/B5EDfDPhjyf/,Gleisi Hoffmann,0,False,0,False,0,False
567,O povo é culpado por eleger essas aberrações aí. Ou aprende a votar ou cifra trouxa pro resto da vida.,1,1,1,1,https://www.instagram.com/p/B1uwCHND_Z5/,Carla Zambelli,1,False,1,False,1,False
746,😂 Porisso gosto dele pq eu sou afiada igual a ele povo pela saco!,1,1,1,1,https://www.instagram.com/p/C49gDoVL70H/,Eduardo Bolsonaro,0,True,0,True,1,False
610,A globo então deveria ser presa por divulgar um monte de fake news,1,1,1,1,https://www.instagram.com/p/B1uwCHND_Z5/,Carla Zambelli,1,False,1,False,1,False
869,"Mais é muito cara de pau,sensacionalista e desinformada🤮🤮",1,1,1,1,https://www.instagram.com/p/B4I9_wdHMYk/,Carla Zambelli,1,False,1,False,1,False
3175,A insanidade mental tomou conta do Brasil. Lamentável.,1,0,1,1,https://www.instagram.com/p/B3R0XMrAt7g/,Manuela d'Ávila,1,False,1,False,1,False
358,Esse peste do fala merda 😈,1,0,1,1,https://www.instagram.com/p/B1EoGt2gdnT/,Manuela d'Ávila,1,False,1,False,1,False
745,"Assisti a Globo falando mal do governo bolsonaro, e depois mudei para a Record, sbt, band , redetv, todas noticiando completamente ao contrário! 😂😂😂🤷🏻‍♀️ #globolixo",1,1,1,1,https://www.instagram.com/p/B4I9_wdHMYk/,Carla Zambelli,1,False,1,False,1,False
1778,"Rascismo, cabecario e cacar mandato🎆🎆🎆🎆",1,1,0,1,https://www.instagram.com/p/B5QeyE9lNSg/,Fernando Haddad,1,False,1,False,1,False
6059,"Projeto do George Soros, patrocinador da esquerda no mundo.",0,0,0,0,https://www.instagram.com/p/B573NclJYqb/,Joice Hasselmann,0,False,0,False,0,False
2832,"Tô com meu presidente, está Maria mijona quer meter o bedelho no país dos outros, por que ela não investe toda essa força pra reflorestar o país dela, falar do país dos outros é fácil, agora tá todo mundo preocupado com o nosso verde e outras coisas mais, acho que se ela não nos encher é melhor, manda ver presidente, nós te apoiamos.",1,1,1,1,https://www.instagram.com/p/B573NclJYqb/,Joice Hasselmann,1,False,1,False,0,True
3985,Como? Não pode agora fazer mais nada?🇧🇷💚💛,0,0,0,0,https://www.instagram.com/p/B1uwCHND_Z5/,Carla Zambelli,0,False,0,False,0,False
3539,É sério que estão comemorando a invasão dos nazistas????? Caramba...... Decepção!!!!!!!,0,0,0,0,https://www.instagram.com/p/B1rOH6Wlg4A/,Eduardo Bolsonaro,0,False,0,False,0,False
2381,PT quadrilha unida,1,1,1,1,https://www.instagram.com/tv/B5EDfDPhjyf/,Gleisi Hoffmann,1,False,1,False,1,False
4478,Que luxo!!! Dois amores 😍😍,0,0,0,0,https://www.instagram.com/p/B3efAGxlTKb/,Fernando Haddad,0,False,0,False,0,False
516,"Disseram que houve renovação. Que nada, quem manda são os caciques corruptos de sempre.",1,0,1,1,https://www.instagram.com/p/B1uwCHND_Z5/,Carla Zambelli,1,False,1,False,1,False
4941,"Gente, precisamos de unidade!!!!🙌🙌🙌🙌🙌🙌🙌 A Carla é importante, a Joyce é importante, todos são! Nosso objetivo deve ser trabalhar pelo Brasil🙌🙌🙌🙌🙌",0,0,0,0,https://www.instagram.com/p/B589PRLHK_N/,Carla Zambelli,0,False,0,False,0,False
680,"A grande destruição ambiental no Brasil ocorreu principalmente durante os anos que a europa nos colonizava e hj europeu vem nos dar lição de moral, isso é um grande hipocrisia. Deixando claro que votei em Haddad Nordeste13",1,0,1,1,https://www.instagram.com/p/B2xPpppAUaN/,Manuela d'Ávila,0,True,0,True,1,False
1103,"Nojo, ta passando dos limites",1,1,1,1,https://www.instagram.com/p/B3R0XMrAt7g/,Manuela d'Ávila,0,True,1,False,1,False
5376,Parabéns professor e nosso presidente!👏👏👏👏❤️❤️❤️,0,0,0,0,https://www.instagram.com/p/B53DtnSlTq8/,Fernando Haddad,0,False,0,False,0,False
1550,"Essa tal pastor, que se diz deputado é muito baixo, ridículo.",1,1,1,1,https://www.instagram.com/p/B4dWN3rgBNx/,Manuela d'Ávila,1,False,1,False,1,False
638,Mais um projeto de esquerdista dominada pelo ódio.,1,1,0,1,https://www.instagram.com/p/B2xPpppAUaN/,Manuela d'Ávila,1,False,0,True,1,False
2006,Parabéns aos envolvidos! Faz arminha e grita mito.,1,0,1,1,https://www.instagram.com/p/B3PK5rOhwtV/,Gleisi Hoffmann,0,True,0,True,0,True
4264,@ledanagleoficial tem o profissionalismo de sempre. Parabéns!!,0,0,0,0,https://www.instagram.com/p/B4K2nvnF3cE/,Eduardo Bolsonaro,0,False,0,False,0,False
1591,Os celulares dessas pessoas devem de terminar tudo com 666. Só a serviço da besta. Volta Jesus!,1,1,1,1,https://www.instagram.com/p/B4dWN3rgBNx/,Manuela d'Ávila,1,False,1,False,1,False
5436,Bolsonaro 2022💚💙👉,0,0,0,0,https://www.instagram.com/p/B3PK5rOhwtV/,Gleisi Hoffmann,0,False,0,False,0,False
6499,Nosso presidente é jair Bolsonaro. Mito.,0,0,0,0,https://www.instagram.com/p/C4J-1kor5gc/,Eduardo Bolsonaro,0,False,0,False,0,False
2762,Essa guria e uma babaca 😈😈😈,1,1,1,1,https://www.instagram.com/p/B573NclJYqb/,Joice Hasselmann,1,False,1,False,1,False
4003,kkkkkkkkkk muito comovente,0,0,0,0,https://www.instagram.com/p/B2xPpppAUaN/,Manuela d'Ávila,0,False,0,False,0,False
3820,"@manueladavila lembra da multidão pra ver Cristina na CLACSO? Lembra da tristeza do povo nas ruas, e da energia linda dentro do Fórum?! Esperança Manuela! E ela está se concretizando na Argentina, o que nos dará mais força pra nossa esperança se incendiar! Avante governos progressistas da América do Sul 💪🏽🙌🏼👏🏼",0,0,0,0,https://www.instagram.com/p/B1EoGt2gdnT/,Manuela d'Ávila,0,False,0,False,0,False
370,Que besteira!!! Só podia vir de uma boca insana...,1,1,1,1,https://www.instagram.com/p/B1EoGt2gdnT/,Manuela d'Ávila,1,False,1,False,1,False
256,"Vai cuidar do seu quintal, que o nosso a gente cuida,,corrupta😤",1,1,1,1,https://www.instagram.com/p/B2uThqdH9xI/,Carla Zambelli,1,False,1,False,1,False
840,Kkkkkkkkk GloboLixo ja virou chacota!,1,1,1,1,https://www.instagram.com/p/B4I9_wdHMYk/,Carla Zambelli,1,False,1,False,1,False
3419,@joell2553 porra velho a sua tá dando pra outro e trocando sua geriátrica 😂😂😂😂,1,1,1,1,https://www.instagram.com/p/C5ZV9mMucGn,Joice Hasselmann,1,False,1,False,1,False
3491,Um moleque este filho do Bolsonaro @bolsonarosp sem cárter e moral pra falar do nosso país,1,1,1,1,https://www.instagram.com/p/C0d-JK4r7E0/,Eduardo Bolsonaro,1,False,1,False,1,False
2984,Traidores da pátria. Culpado do os imbecis que mandam essa gente pra Brasília 😱,1,1,1,1,https://www.instagram.com/p/B1v5c9bJbWX/,Joice Hasselmann,1,False,1,False,1,False
495,Ainda bem que do PT e do Lula Ladrao só falamos a verdade.,1,1,1,1,https://www.instagram.com/p/B1uwCHND_Z5/,Carla Zambelli,0,True,0,True,0,True
4718,Estamos juntos nessa luta 👏👏👏👏🇧🇷🇧🇷,0,0,0,0,https://www.instagram.com/p/B42JqHMFyiu/,Eduardo Bolsonaro,0,False,0,False,0,False
518,"Presidente serve pra PORRA nenhuma, so pra tomar pau da imprensa, pq na hora de fazer algo so toma na cabeca",0,1,1,1,https://www.instagram.com/p/B1uwCHND_Z5/,Carla Zambelli,1,False,1,False,1,False
2946,São os canalhas de SEMPRE,1,1,1,1,https://www.instagram.com/p/B1v5c9bJbWX/,Joice Hasselmann,1,False,1,False,1,False
1604,Esse é abaixo de estatura e de caráter,1,1,1,1,https://www.instagram.com/p/B4dWN3rgBNx/,Manuela d'Ávila,1,False,1,False,1,False
1553,"CAPIROTO cansado de derrotas resolveu atacar fantasiado na pele de ""líderes religiosos"", infiltrado em Igrejas frequentadas por gente de fé e do bem, em sua maioria. Vejam quanta pregação de ódio, ira, maldades, luxúria e apego ao dinheiro (só falam em dinheiro!) sai da boca dessa gente. E agora temos o CAPETA ELETRÔNICO por meio do rádio, da TV, do Twitter, do Facebook, do Instagram, do WhatsApp, Fake News! Belzebu, Lúcifer e Leviatã são amadores perto deles!",1,1,1,1,https://www.instagram.com/p/B4dWN3rgBNx/,Manuela d'Ávila,1,False,1,False,1,False
2766,Você está contra o governo ? Não to entendendo mais seu posicionamento . Essa menina ridícula acusa sem dar soluções . Está sendo financiada por pessoas com muitos interesses. Fica ligada,1,1,1,1,https://www.instagram.com/p/B573NclJYqb/,Joice Hasselmann,1,False,1,False,1,False
3834,Aqui no Brasil e nos EUA não será diferente hahaha 👏👏👏,0,0,0,0,https://www.instagram.com/p/B1EoGt2gdnT/,Manuela d'Ávila,0,False,0,False,0,False
5853,Tem dinheiro... responde em liberdade 😡 lamentável,0,0,1,0,https://www.instagram.com/p/B5TOC02JF6X/,Joice Hasselmann,1,True,0,False,1,True
4832,Grande Homem sábio herói,0,0,0,0,https://www.instagram.com/p/B5QeyE9lNSg/,Fernando Haddad,0,False,0,False,0,False
5303,Mérito seu!👏👏🙌,0,0,0,0,https://www.instagram.com/p/B53DtnSlTq8/,Fernando Haddad,0,False,0,False,0,False
3504,A Dilma chilena 🤢🤢🤢🤮🤮,0,0,0,0,https://www.instagram.com/p/B2uThqdH9xI/,Carla Zambelli,1,True,1,True,1,True
3729,E seu posicionamento sobre a Amazônia?,0,0,0,0,https://www.instagram.com/p/B1ejo45l4FI/,Fernando Haddad,0,False,0,False,0,False
2840,Tem mtas outras pessoas q realmente merecem destaque!!! menos essa tal de Greta🙄,0,1,1,1,https://www.instagram.com/p/B573NclJYqb/,Joice Hasselmann,0,True,0,True,0,True
4434,"Eita dupla boa,nesses dois eu acredito",0,0,0,0,https://www.instagram.com/p/B3efAGxlTKb/,Fernando Haddad,0,False,0,False,0,False
1065,Deveriam deixar de besteiras.,0,1,1,1,https://www.instagram.com/p/B3R0XMrAt7g/,Manuela d'Ávila,1,False,1,False,1,False
1504,Bradileiros acordem contra os comunistas,1,1,1,1,https://www.instagram.com/p/B42JqHMFyiu/,Eduardo Bolsonaro,1,False,1,False,1,False
1568,"Aqui na Bahia se chama ""CRENTE DO CU QUENTE""",1,1,1,1,https://www.instagram.com/p/B4dWN3rgBNx/,Manuela d'Ávila,1,False,1,False,1,False
2484,Lula na cadeia já !!!,1,1,1,1,https://www.instagram.com/p/B5TOC02JF6X/,Joice Hasselmann,1,False,0,True,0,True
1073,"tem gente que acha normal , este velho virou um pedofilo na tv aberta, e tem gente que acha engraçado",1,1,1,1,https://www.instagram.com/p/B3R0XMrAt7g/,Manuela d'Ávila,1,False,1,False,1,False
944,"Gente já passou da hora de tirar esse bagageiro do ar! Isso não é velhice, isso chama-se falta de respeito! E isso país acham graça dessas besteiras!",1,1,1,1,https://www.instagram.com/p/B3R0XMrAt7g/,Manuela d'Ávila,1,False,1,False,1,False
4668,"Se puderem me ajudar meu sonho é ocupar ano que vêem uma das cadeiras, na câmera dos vereadores de São Paulo, quero sair candidato pelo Aliança pelo Brasil, e creio que vamos conseguir chegar neste objetivo, me chamo Cícero Silva, sou gestor de uma pequena imobiliária que fica na Avenida Yervant Kissajikian, 2.763 - Americanópolis, creio que irei conseguir em nome de Jesus me ajudem meus amigos, e Eduardo.... Um forte abraço de seu amigo patriota",0,0,0,0,https://www.instagram.com/p/B42JqHMFyiu/,Eduardo Bolsonaro,0,False,0,False,0,False
4157,Torcendo por vcs e esperança em um Brasil nos trilhos novamente 🙏🏻,0,0,0,0,https://www.instagram.com/p/B1_m4F5lO_d/,Fernando Haddad,0,False,0,False,0,False
6298,"@enildes_sl , agradeço imensamente por todo apoio e carinho dado. Contem sempre comigo! Beijos💚💛",0,0,0,0,https://www.instagram.com/p/C5gu6hzuUyx/,Carla Zambelli,0,False,0,False,0,False
2644,"Essa menina não passa de massa de manobra, mas a esquerda adora um “ídolo” cabeça de vento.",1,1,1,1,https://www.instagram.com/p/B573NclJYqb/,Joice Hasselmann,1,False,1,False,0,True
301,"Que coisa linda a gente não conhecia, ISSO Políticos LADROES NEM IMAGINAVAM QUE; EXISTIAM TANTOS, PORQUE ???, sabia se um entrasse alguém do exercito deu no que deu, tirar verbas de Vagabundos ,;PARA SOBRAR PARA O BRASIL, E TEM MULAS QUE AINDA FALAM EM ESQUERDA MEU DEUS AS BURRiCES ESTÃO VENDO A REALIDADE E NÃO ACEITAM , CRIMES INVADINDO OS RESPONSÁVEIS PELO BRASIL, ATÉ ISSO ACORDARAM , NINGUÉM QUE VIROU P ESQUERDA FINGIRAM EM NAIO ENTENDER , BANDIDOS AGINDO JUNTOS COM 0S BANDIDOS DA ESQUERDA E PCC VIU COM QUEM ESSAS MULAS QUETEM QUE FOCAM NO BRASIL????",1,1,1,1,https://www.instagram.com/p/B1rOH6Wlg4A/,Eduardo Bolsonaro,1,False,1,False,1,False
4468,Que baita dupla!! 😍😍,0,0,0,0,https://www.instagram.com/p/B3efAGxlTKb/,Fernando Haddad,0,False,0,False,0,False
6200,"Lamento seu Jair, o amor venceu",0,0,0,0,https://www.instagram.com/p/C114G1zNdjW/,Fernando Haddad,0,False,0,False,0,False
5877,"Q Lula pensa, q é Deus?",0,0,0,0,https://www.instagram.com/p/B5TOC02JF6X/,Joice Hasselmann,0,False,0,False,0,False
6976,Reestruturação da Carreira dos técnicos administrativos em educação das universidades federais!!!,0,0,0,0,https://www.instagram.com/p/C4GSKkBrziS/,Fernando Haddad,0,False,0,False,0,False
5844,Perfeita! Seja firme e forte minha querida. Pq muitos são fracos e inertes diante de um absurdo. 👏💗,0,0,0,0,https://www.instagram.com/tv/B5EDfDPhjyf/,Gleisi Hoffmann,0,False,0,False,0,False
3449,Povo burro,1,1,1,1,https://www.instagram.com/p/Ct1XjosLklB,Fernando Haddad,1,False,1,False,1,False
1904,#forabolsonaro corrupto canalha,1,1,1,1,https://www.instagram.com/p/B589PRLHK_N/,Carla Zambelli,1,False,1,False,1,False
6408,"Concordo com Bolsonaro, onde já se viu!",0,0,0,0,https://www.instagram.com/p/C49gDoVL70H/,Eduardo Bolsonaro,0,False,0,False,0,False
2777,Esquerdista @joicehasselmannoficial deixa de propagar merda e vai trabalhar pq nunca mais vc se elege!! Todos com @jairmessiasbolsonaro 🇧🇷👉🏻😎,1,1,1,1,https://www.instagram.com/p/B573NclJYqb/,Joice Hasselmann,1,False,1,False,1,False
494,"Na próxima eleição o PT vai ser extinto então, vive de mentiras.",1,1,1,1,https://www.instagram.com/p/B1uwCHND_Z5/,Carla Zambelli,1,False,1,False,1,False
63,"Enquanto a Bachelet comia toco do PT, estava caladinha.",1,1,1,1,https://www.instagram.com/p/B2uThqdH9xI/,Carla Zambelli,1,False,1,False,1,False
5528,"Esses filhos foram criados dessa maneira, falando o que pensam. Esquecem que estão no comando de uma grande nação. Precisam todos eles pensar melhor antes de falar.",0,0,0,0,https://www.instagram.com/p/B4TD6fRJ9yJ/,Joice Hasselmann,0,False,0,False,0,False
3735,Esse vídeo foi animal! Sempre muito bom ver gente inteligente conversando!,0,0,0,0,https://www.instagram.com/p/B1ejo45l4FI/,Fernando Haddad,0,False,0,False,0,False
471,Não consigo intender a força que estes demônios tem. Tá na hora de botar estes lixos pra fora,1,1,1,1,https://www.instagram.com/p/B1uwCHND_Z5/,Carla Zambelli,1,False,1,False,1,False
5364,👏👏😍 tu é o cara! Te amo professor lindão!!! 💙,0,0,0,0,https://www.instagram.com/p/B53DtnSlTq8/,Fernando Haddad,0,False,0,False,0,False
6861,Homem de reputação ilibada e saber jurídico.👏👏👏👏👏,0,0,0,0,https://www.instagram.com/p/Cs9puu5gjnW/,Joice Hasselmann,0,False,0,False,0,False
397,Esse meliante só fala bosta.,1,0,1,1,https://www.instagram.com/p/B1EoGt2gdnT/,Manuela d'Ávila,1,False,1,False,1,False
6506,É muita gente que gosta de Bolsonaro,0,0,0,0,https://www.instagram.com/p/C4J-1kor5gc/,Eduardo Bolsonaro,0,False,0,False,0,False
2347,"Triste isso....força e acabem com esse racista por falta de decoro, por violência e racismo declarado",1,0,1,1,https://www.instagram.com/tv/B5EDfDPhjyf/,Gleisi Hoffmann,1,False,1,False,1,False
3370,Desenrola IDEIA ROUBADA DO CIRO GOMES KKKK,1,1,0,1,https://www.instagram.com/p/CzZ4P7XxW2b/,Fernando Haddad,1,False,1,False,1,False
1428,Recuperar o país???? Logo ele que o detonou?!!! Anti Cristo!!!,1,1,1,1,https://www.instagram.com/p/B42JqHMFyiu/,Eduardo Bolsonaro,1,False,1,False,1,False
499,FORA CONGRESSO. LIXO,1,1,1,1,https://www.instagram.com/p/B1uwCHND_Z5/,Carla Zambelli,0,True,1,False,0,True
6708,...Lugar de Mulher é na Política.👏👏😍,0,0,0,0,https://www.instagram.com/p/C4-lEANRpai/,Gleisi Hoffmann,0,False,0,False,0,False
5169,"Mas ainda queremos ser mulheres, e q mulher não quer ser bonita? A luta do feminismo não devia excluir a feminilidade. Sou feminista mas sou feminina. Um não exclui o outro. Parabéns a vencedora , nos mulheres negras merecemos mesmo .",0,0,0,0,https://www.instagram.com/p/B52f10agU7G/,Manuela d'Ávila,0,False,0,False,0,False
1948,"@bolsonarosp o lixo ,verme ,podre ,câncer ,azar ,ser das trevas ,da morte ,encosto ,infeliz ,infernal do noblat sempre fala no blog dele tic ,tac sobre a chata da Marielle !envolvendo vocês",1,1,1,1,https://www.instagram.com/p/B6Ees1JF2La/,Eduardo Bolsonaro,1,False,1,False,1,False
2881,BOLSONARO E UM BANDIDO NÃO SEI QUE ESTA FAZENDO ESSES POLITICO QUE NÃO CAÇA ESSE TORTURADOR E CONDENA ELE POR CRIMINOSO DE GUERRA.,1,1,1,1,https://www.instagram.com/tv/B09BRCjB_gV/,Gleisi Hoffmann,1,False,1,False,1,False
6434,"@ricardo_eleuterio30 desistir nunca. Mais é revigorante ver pessoas com o mesmo sentimento, como vc.",0,0,0,0,https://www.instagram.com/p/C4xe8v1L1WE/,Eduardo Bolsonaro,0,False,0,False,0,False
1092,"Imundo, cadê o presidente de merda pra falar q tá errado?? Vai tomar no cu mano eu fico revoltada com vcs, com a sociedade q votou em bosta, em um saco de bosta",1,1,1,1,https://www.instagram.com/p/B3R0XMrAt7g/,Manuela d'Ávila,1,False,1,False,1,False
2225,"Eu não entendo como insensata não: eu entendo como um alerta que foi dado aos esquerdistas que estão achando que podem fazer a baderna que está acontecendo no Chile. Pois é Janaína, o AI-5 é para essas ocasiões. Os comunistas baderneiros ficam avisados.",1,1,1,1,https://www.instagram.com/p/B4TD6fRJ9yJ/,Joice Hasselmann,1,False,1,False,1,False
1392,"Temos que calar a boca deste idiota, sai fora idiota vc tá procurando e vai achar.",1,1,1,1,https://www.instagram.com/p/B42JqHMFyiu/,Eduardo Bolsonaro,1,False,1,False,1,False
685,"Combate ao crime só é risco, quando o PAÍS é comunista. O BRASIL não tem vez para o comunismo senhora. VAI TRABALHAR SENHORA !",1,1,0,1,https://www.instagram.com/p/Cy56zeNLzPE/,Fernando Haddad,1,False,1,False,1,False
5447,É o mito dos trabalhador,0,0,0,0,https://www.instagram.com/p/B3PK5rOhwtV/,Gleisi Hoffmann,1,True,1,True,1,True
2258,Os filhos do nosso Presidente poderiam calar à boca!!!,1,0,1,1,https://www.instagram.com/p/B4TD6fRJ9yJ/,Joice Hasselmann,0,True,1,False,0,True
5262,Bem merecido professor,0,0,0,0,https://www.instagram.com/p/B53DtnSlTq8/,Fernando Haddad,0,False,0,False,0,False
6836,@geannerocha Livro maravilhoso e necessário!,0,0,0,0,https://www.instagram.com/p/C4B30QfviwY/,Manuela d'Ávila,0,False,0,False,0,False
2611,Estão usando a menina e como usam a família da Mariela. Interesses excusos movem a mídia esquerdopa,1,1,1,1,https://www.instagram.com/p/B573NclJYqb/,Joice Hasselmann,1,False,1,False,1,False
6394,Bem-vinda Ministra Aniele Franco! Estar em um Partido político nos fortalece para a luta!!Com certeza ajudará nossa estrela a brilhar mais intensa e forte como um espaço para dar voz ao povo brasileiro!Boa luta!,0,0,0,0,https://www.instagram.com/p/C5QuPgVxEbq/,Gleisi Hoffmann,0,False,0,False,0,False
5144,"Eu concordo com essa legenda sim, tb sou contra essa objetivação do corpo feminino, mas temos que aplaudir essa conquista, um evento tão onde a branquitude sempre reinou",0,0,0,0,https://www.instagram.com/p/B52f10agU7G/,Manuela d'Ávila,0,False,0,False,0,False
4123,Turma do bem !,0,0,0,0,https://www.instagram.com/p/B1_m4F5lO_d/,Fernando Haddad,1,True,1,True,0,False
6194,Não dê isenção a pastores!!!!,0,0,0,0,https://www.instagram.com/p/C114G1zNdjW/,Fernando Haddad,0,False,0,False,0,False
4940,"Desculpe, mas acho lamentável e infantil... não espero isso de parlamentares a quem confiei e dei a voz para nos defender.",0,0,1,0,https://www.instagram.com/p/B589PRLHK_N/,Carla Zambelli,0,False,0,False,0,False
3604,"São as melhores escolas, parabéns meu presidente. O BRASIL está precisando de uma reforma em todos os sentidos. Queremos um novo BRASIL..💪🇧🇷🇧🇷🇧🇷🇧🇷🇧🇷🇧🇷🇧🇷🇧🇷🇧🇷🇧🇷🇧🇷🇧🇷🇧🇷🇧🇷🇧🇷🇧🇷🇧🇷🇧🇷🇧🇷🇧🇷🇧🇷🇧🇷🇧🇷🇧🇷🇧🇷🇧🇷🇧🇷🇧🇷🛐🛐🛐",0,0,0,0,https://www.instagram.com/p/B1rOH6Wlg4A/,Eduardo Bolsonaro,0,False,0,False,0,False
3212,Não tem que falar nada com essa imprensa mesmo não! Esses repórteres ficam doidos pra pegar qualquer fala para deturpar,1,0,1,1,https://www.instagram.com/tv/B5TgBngnkBN/,Carla Zambelli,1,False,1,False,1,False
6621,Parabéns pelo retorno do BF 👏👏👏👏👏👏,0,0,0,0,https://www.instagram.com/p/CpSwP0Fu9Zg/,Fernando Haddad,0,False,0,False,0,False
2122,Porra sera que vamos ficar omissos as merda desse verme e hora de para esse boso do caralho,1,1,1,1,https://www.instagram.com/p/B3PK5rOhwtV/,Gleisi Hoffmann,1,False,1,False,1,False
5950,Onde foi feita essa Pesquisa na sede do PT,0,0,0,0,https://www.instagram.com/p/B55Fxu4F5Y5/,Gleisi Hoffmann,0,False,0,False,0,False
1239,"Que e esse imundo que se acha o moralista da conduta correta ? Deve ser um daqueles imorais , se achando gente do bem . No fundo tem medo de abrir a bíblia pq sabe o que faz da sua vida e pecaminoso . Pobre coitado de espírito e amor ao próximo .",1,1,1,1,https://www.instagram.com/tv/B5TgBngnkBN/,Carla Zambelli,1,False,1,False,1,False
5550,A Joice já falou em vídeo sobre intervenção ta falando ok agora.essa .,0,0,0,0,https://www.instagram.com/p/B4TD6fRJ9yJ/,Joice Hasselmann,0,False,0,False,0,False
6797,"O Ministro do Trabalho, Luiz Marinho, planeja propor ao Conselho Curador do Fundo de Garantia por Tempo de Serviço (FGTS), a suspensão da antecipação do saque-aniversário. Essa medida funciona como um empréstimo bancário, com um limite de juros de 2,05% ao mês, que é significativamente menor do que os juros do cheque especial e do rotativo do cartão de crédito.",0,0,0,0,https://www.instagram.com/p/Ct1XjosLklB,Fernando Haddad,0,False,0,False,1,True
1539,Um homem de Deus que nem o diabo quer .,1,1,1,1,https://www.instagram.com/p/B4dWN3rgBNx/,Manuela d'Ávila,1,False,1,False,1,False
842,Só passando vergonha esse bando de inútil,1,1,1,1,https://www.instagram.com/p/B4I9_wdHMYk/,Carla Zambelli,1,False,1,False,1,False
1290,"Repugnante essa #ImprensaLixo #MidiaLixo 😤😤 isso não pode ficar assim, se trata de um ataque pessoal... a Ministra!",1,1,1,1,https://www.instagram.com/tv/B5TgBngnkBN/,Carla Zambelli,1,False,1,False,1,False
3410,"Brigou com a direita e não tem confiança da esquerda.. Quem sabe não é uma oportunidade para os brasileiros de bom senso, que não sejam alienados se unirem e mudar um pouco essa bosta que o Brasil se tornou..",1,1,1,1,https://www.instagram.com/p/C3aUy5cOWw_,Joice Hasselmann,1,False,1,False,1,False
4654,Melhor Presidente da história do nosso país.👏👏👏👏👏🇧🇷,0,0,0,0,https://www.instagram.com/p/B42JqHMFyiu/,Eduardo Bolsonaro,0,False,0,False,0,False
3761,Já tá na hora de gravar vídeo com os caras da Galãs Feios,0,0,0,0,https://www.instagram.com/p/B1ejo45l4FI/,Fernando Haddad,0,False,1,True,1,True
3960,Não tô entendendo mais nada!😠,0,0,0,0,https://www.instagram.com/p/B1uwCHND_Z5/,Carla Zambelli,0,False,1,True,1,True
3269,"A importância da democracia, das instituições, da Justiça e da @policiafederal @flaviodino e a luta da esquerda @psol50 @ptbrasil @pcdob_oficial e da imprensa e dos movimentos sociais para não deixar impune os mandantes milicianos de direita deste assassinato político contra uma mulher de luta e de esquerda, que lutava pelos pobres, favelados, trabalhadores, povo e democracia! MARIELLE VIVE!",1,0,1,1,https://www.instagram.com/p/C45ML5SODEv/,Manuela d'Ávila,0,True,0,True,0,True
1933,SÓ A ESQUERDOPATIA NÃO VÊ ISSO...,1,1,1,1,https://www.instagram.com/p/B6Ees1JF2La/,Eduardo Bolsonaro,1,False,1,False,1,False
6058,Aproveite seu primeiro e último mandato 👍👍👍,0,0,0,0,https://www.instagram.com/p/B573NclJYqb/,Joice Hasselmann,0,False,0,False,0,False
2308,Não concordo com isso. Isso é picuinha sua. E espero que você não faça nada. Se não tivesse brigado não faria nada. você parece criança. O deputado mais votado mais até que você. Não vou deixar de seguir você mais vou argumentar contra todas suas picuinhas.,0,1,1,1,https://www.instagram.com/p/B4TD6fRJ9yJ/,Joice Hasselmann,1,False,1,False,1,False
4060,Linda demais . Me representa,0,0,0,0,https://www.instagram.com/p/B2xPpppAUaN/,Manuela d'Ávila,0,False,0,False,0,False
2793,Kkkkk grande m. Piralha do Caralho,1,1,1,1,https://www.instagram.com/p/B573NclJYqb/,Joice Hasselmann,1,False,1,False,1,False
462,"Eu tenho ranço desse estocador de cocô, mas entendi o que ele quis dizer em relação à Roraima. A população desse estado teve muitos problemas com os imigrantes venezuelanos. Agora ele errou ao dizer, que um governo de esquerda na Argentina faria isso, está mais fácil a gente emigrar para lá se isso acontecer.",1,1,1,1,https://www.instagram.com/p/B1EoGt2gdnT/,Manuela d'Ávila,1,False,1,False,1,False
6412,"Amo meu Presidente Bolsonaro😍 além de inteligente, íntegro e direto 👏👏👏",0,0,0,0,https://www.instagram.com/p/C49gDoVL70H/,Eduardo Bolsonaro,0,False,0,False,0,False
6685,"Que triste! Mesmo elegível, não ganha eleição.",0,0,0,0,https://www.instagram.com/p/C3aUy5cOWw_,Joice Hasselmann,0,False,0,False,0,False
1595,"Bandido bão é bandido morto, né?",0,1,1,1,https://www.instagram.com/p/B4dWN3rgBNx/,Manuela d'Ávila,1,False,1,False,1,False
6196,"Não se iluda, aqueles que defendem a censura na Internet, não estão preocupados com as notícias falsas (fake news) e sim com as notícias verdadeiras! Censura nunca mais ! Chega de ditaduras",0,0,0,0,https://www.instagram.com/p/C114G1zNdjW/,Fernando Haddad,0,False,0,False,1,True
825,"Esses bostas da Globo, tentam a todo momento responsabilizar o atual governo, sobre tudo de ruim que acontece. Chega ser vergonhoso @jornaloglobo @globo_lixo2019 não percebem que o povo acordou e não dá mais créditos as suas falsas matérias.",1,1,1,1,https://www.instagram.com/p/B4I9_wdHMYk/,Carla Zambelli,1,False,1,False,1,False
5637,é preciso pensar 10 X antes de falar para depois ter que pedir desculpas . Certos Bolsonaros deviam aprender isso . um leão nuca pede desculpas ..,0,0,0,0,https://www.instagram.com/p/B4TD6fRJ9yJ/,Joice Hasselmann,1,True,1,True,1,True
6881,"Onde uma, e mais mulheres fortes, determinadas e destemidas se unem, só vem vitória!",0,0,0,0,https://www.instagram.com/p/C25h7FSu6uS/,Joice Hasselmann,0,False,0,False,0,False
4939,"Noh coisa feia duas deputadas do mesmo partido , com essas brigas sem fundamento.",0,0,1,0,https://www.instagram.com/p/B589PRLHK_N/,Carla Zambelli,1,True,1,True,1,True
3055,"Só os PTRALHAS, lixo do Brasil",1,1,1,1,https://www.instagram.com/p/B1v5c9bJbWX/,Joice Hasselmann,1,False,1,False,1,False
4204,Onde estão as mulheres???,0,0,0,0,https://www.instagram.com/p/B1_m4F5lO_d/,Fernando Haddad,0,False,0,False,0,False
4140,"Toda foto sua com freixo aquece meu coração. Quero ver o senhor aqui no Rio, ano que vem!!",0,0,0,0,https://www.instagram.com/p/B1_m4F5lO_d/,Fernando Haddad,0,False,0,False,0,False
3279,"Eu quero mais mulheres na política, mas que não sejam iguais a você.",1,1,0,1,https://www.instagram.com/p/C4QI4HHgfJJ/,Manuela d'Ávila,0,True,0,True,0,True
1572,"Em público diz aleluia, amém, etc. No privado falam em espancamento virtual. A hipocrisia desses falsos cristãos é de doer nos ossos.",1,1,1,1,https://www.instagram.com/p/B4dWN3rgBNx/,Manuela d'Ávila,1,False,1,False,1,False
375,Esse presidente e um louko,1,1,1,1,https://www.instagram.com/p/B1EoGt2gdnT/,Manuela d'Ávila,1,False,1,False,1,False
2171,"Cínico, ordinário, antidemocrático",1,1,1,1,https://www.instagram.com/p/B3PK5rOhwtV/,Gleisi Hoffmann,1,False,1,False,1,False
2337,"Expussem logo esse desgraçado mandem ele logo para o inferno, um racista não merece viver entre nós",1,1,1,1,https://www.instagram.com/tv/B5EDfDPhjyf/,Gleisi Hoffmann,1,False,1,False,1,False
2519,"nunca era pra ter sido presso, esses canalha vão pagar nem que seja no inferno",1,1,1,1,https://www.instagram.com/p/B55Fxu4F5Y5/,Gleisi Hoffmann,1,False,1,False,1,False
6813,Todo apoio a esse brilhante escritor.,0,0,0,0,https://www.instagram.com/p/C4B30QfviwY/,Manuela d'Ávila,0,False,0,False,0,False
2603,Mas ele só disse verdades uma pirralha criança usada pela esquerda.,1,1,1,1,https://www.instagram.com/p/B573NclJYqb/,Joice Hasselmann,1,False,1,False,1,False
1146,Aceitar comentários de Minions é de uma grandeza absoluta... só por isso tem meu voto eternamente,1,1,0,1,https://www.instagram.com/p/B3efAGxlTKb/,Fernando Haddad,0,True,0,True,0,True
4836,"Sou um pouquinho mais velha que você (2 anos) e sua trajetória sempre me inspirou profundamente. Fui funcionária pública muitos anos, com um idealismo enorme de melhorar nosso país. Era sempre um alento nos momentos difíceis lembrar que você também estava na vida pública e eu não estava sozinha ❤️",0,0,0,0,https://www.instagram.com/p/B5QeyE9lNSg/,Fernando Haddad,0,False,0,False,0,False
1857,Desiquilibrio total.,1,1,0,1,https://www.instagram.com/p/B589PRLHK_N/,Carla Zambelli,0,True,0,True,0,True
3563,Então nos combinamos em algunha coisa. Você voltou no tempo. Segunda guerra mundial. O . beijos. 💋 ❤ ❤ ❤ ❤,0,0,0,0,https://www.instagram.com/p/B1rOH6Wlg4A/,Eduardo Bolsonaro,0,False,0,False,0,False
6844,Dengue precisa e de vacina né de vídeo bonito não cadê as vacina,0,0,0,0,https://www.instagram.com/p/C3DMj-wsM12/,Manuela d'Ávila,1,True,1,True,0,False
5980,💜👏💜 além de ser uma mulher da verdade e muito linda,0,0,0,0,https://www.instagram.com/p/B55Fxu4F5Y5/,Gleisi Hoffmann,0,False,0,False,0,False
3456,Esse cidadão está preparando o caminho para o Anticristo.,1,0,1,1,https://www.instagram.com/p/C5RG9JWovk7/,Carla Zambelli,1,False,1,False,1,False
1938,"🇧🇷🇧🇷🇧🇷🇧🇷🇧🇷 Maravilha! Bolsonaro 2022!!!!! Vamos mudar o rumo de nossas vidas pelo trabalho, pela honra, pela honestidade e pela ética. Apoio total ao governo. Vamos defender nosso país da quadrilha comunista.",1,1,1,1,https://www.instagram.com/p/B6Ees1JF2La/,Eduardo Bolsonaro,0,True,0,True,0,True
1533,Vergonha falso profeta...políticos bandidos..,1,1,1,1,https://www.instagram.com/p/B4dWN3rgBNx/,Manuela d'Ávila,1,False,1,False,1,False
3011,MILITARES FECHA O SUPREMO! !!!!! MOURÃO! !!!!!,1,1,1,1,https://www.instagram.com/p/B1v5c9bJbWX/,Joice Hasselmann,1,False,1,False,0,True
5653,Será que o filho está fazendo isto pra prejudicar o pai?,0,1,0,0,https://www.instagram.com/p/B4TD6fRJ9yJ/,Joice Hasselmann,0,False,1,True,0,False
1582,Os cara tá pensando mais em dinheiro do que em Jesus a Bíblia fala desses falso profeta,0,1,1,1,https://www.instagram.com/p/B4dWN3rgBNx/,Manuela d'Ávila,1,False,1,False,1,False
5781,Força deputada #beneditadasilva A senhora como negra me representa 👏,0,0,0,0,https://www.instagram.com/tv/B5EDfDPhjyf/,Gleisi Hoffmann,0,False,0,False,0,False
1682,mafioso..bandido..,1,1,1,1,https://www.instagram.com/p/B4dWN3rgBNx/,Manuela d'Ávila,1,False,1,False,1,False
5862,Parabéns ministro Fachin tenha coragem e seja firme nesse momento a maioria dos brasileiros está te apoiando,0,0,0,0,https://www.instagram.com/p/B5TOC02JF6X/,Joice Hasselmann,0,False,0,False,0,False
2969,Tem que mandar outra dizendo que esses vigaristas não nos representam.,1,1,1,1,https://www.instagram.com/p/B1v5c9bJbWX/,Joice Hasselmann,1,False,1,False,1,False
3707,Vou assistir já. Duas pessoas que gosto muito.,0,0,0,0,https://www.instagram.com/p/B1ejo45l4FI/,Fernando Haddad,0,False,0,False,0,False
5898,Obrigada parabéns ainda tem algumas lei neste país,0,0,0,0,https://www.instagram.com/p/B5TOC02JF6X/,Joice Hasselmann,0,False,0,False,0,False
5098,"Muito merecido, ela é linda demais!👏👏👏👏👏",0,0,0,0,https://www.instagram.com/p/B52f10agU7G/,Manuela d'Ávila,0,False,0,False,0,False
3967,"Tem que divulgar a lista dos parlamentares que derrubaram o veto, e o povo tem que fazer barulho e nas próximas eleições derrubar a todos eles nas urnas, é hora de dar um basta em tudo isso.",0,0,0,0,https://www.instagram.com/p/B1uwCHND_Z5/,Carla Zambelli,0,False,1,True,0,False
73,Porque é corrupta é conivente com o desgoverno anterior,1,1,1,1,https://www.instagram.com/p/B2uThqdH9xI/,Carla Zambelli,1,False,1,False,1,False
3037,É uma absurdo né? Não sei o que fazem aqui... deviam estar em Cuba ou Venezuela....,1,1,1,1,https://www.instagram.com/p/B1v5c9bJbWX/,Joice Hasselmann,1,False,1,False,1,False
3452,@elisangeladejesuss_ vendendo nosso rabo pra China? Hahahaha. Petista é tudo iludido.,1,1,1,1,https://www.instagram.com/p/Ct1XjosLklB,Fernando Haddad,1,False,1,False,1,False
3993,"Eu nao quero ser presidente, eu que ser DEPUTADO OU SENADOR...",0,0,0,0,https://www.instagram.com/p/B1uwCHND_Z5/,Carla Zambelli,0,False,0,False,0,False
2676,Só foi eleita porque apoiou o Bolsonaro. Vai caçar o que fazer!!!,1,1,1,1,https://www.instagram.com/p/B573NclJYqb/,Joice Hasselmann,0,True,1,False,0,True
5307,👏👏👏👏👏👏vc merece @fernandohaddadoficial vc é um homem e político especial te admiramos 👏👏👏👏💚💛😍😘,0,0,0,0,https://www.instagram.com/p/B53DtnSlTq8/,Fernando Haddad,0,False,0,False,0,False
3520,É de esquerda? Sem explicações.,0,0,0,0,https://www.instagram.com/p/B2uThqdH9xI/,Carla Zambelli,0,False,0,False,0,False
1114,Facista nojento amigo de BOZO.,1,1,1,1,https://www.instagram.com/p/B3R0XMrAt7g/,Manuela d'Ávila,1,False,1,False,1,False
991,"Que horror, ele esta caducando🤯",1,1,1,1,https://www.instagram.com/p/B3R0XMrAt7g/,Manuela d'Ávila,1,False,1,False,1,False
160,Ou quando o Brasil estava sendo saqueado pelo PT? ?,1,1,1,1,https://www.instagram.com/p/B2uThqdH9xI/,Carla Zambelli,0,True,0,True,0,True
660,Pega seu dinheiro comunista de merda e da pra ela 😂😂😂😂😂,1,1,1,1,https://www.instagram.com/p/B2xPpppAUaN/,Manuela d'Ávila,1,False,1,False,1,False
580,Nojento isso. Da náuseas😍,1,0,1,1,https://www.instagram.com/p/B1uwCHND_Z5/,Carla Zambelli,1,False,1,False,1,False
3733,Foi uma honra professor!🤓🤘,0,0,0,0,https://www.instagram.com/p/B1ejo45l4FI/,Fernando Haddad,0,False,0,False,0,False
2750,Estamos vendo que 💩 é a TIME afinal só olhar o dono. E como boa puxa saco de editor acha justo...precisa conhecer @boyanslat e entender o que é relevância de PERSONALIDADE EM MEIO AMBIENTE MUNDIAL!,1,1,1,1,https://www.instagram.com/p/B573NclJYqb/,Joice Hasselmann,0,True,0,True,0,True
6575,Parabéns Carla Parabéns Você me representa Parabéns Brasil Parabéns,0,0,0,0,https://www.instagram.com/p/C4wJzqbMqZZ/,Carla Zambelli,0,False,0,False,0,False
23,É uma cara de pau mesmo... 😡,1,1,1,1,https://www.instagram.com/p/B2uThqdH9xI/,Carla Zambelli,1,False,1,False,1,False
3444,@crisflorais orgulho de levar no rabicó ne,1,1,1,1,https://www.instagram.com/p/Ct1XjosLklB,Fernando Haddad,0,True,1,False,1,False
5583,Última eleição votei nas duas nas próximas não votarei em nenhuma das duas taokey.,0,0,0,0,https://www.instagram.com/p/B4TD6fRJ9yJ/,Joice Hasselmann,0,False,0,False,0,False
216,Ela que legue a pena dela e faça um travesseiro pra ver se consegue dormir depois de ter aceitado dinheiro sujo.,1,1,1,1,https://www.instagram.com/p/B2uThqdH9xI/,Carla Zambelli,1,False,1,False,1,False
104,Essa senhora é uma currupta igual seus amiguinhos do PT.,1,1,1,1,https://www.instagram.com/p/B2uThqdH9xI/,Carla Zambelli,1,False,1,False,1,False
5768,"Benedita me representa, racismo é crime!",0,0,0,0,https://www.instagram.com/tv/B5EDfDPhjyf/,Gleisi Hoffmann,0,False,0,False,1,True
4550,Deus é contigo @damaresalvesoficial1 . Isso é o cúmulo do absurdo,0,0,0,0,https://www.instagram.com/tv/B5TgBngnkBN/,Carla Zambelli,1,True,1,True,1,True
1706,Esse aí nao vale nada,1,1,1,1,https://www.instagram.com/p/B4dWN3rgBNx/,Manuela d'Ávila,0,True,1,False,0,True
5681,"👏👏👏👏 amei ouvir as suas palavras Benedita, vc é nota mil",0,0,0,0,https://www.instagram.com/tv/B5EDfDPhjyf/,Gleisi Hoffmann,0,False,0,False,0,False
6504,👏👏👏👏 ESSE é o escolhido do povo e nem tem condiçao de negar. 😂😂😂😂😂😂💪🏻💪🏻💪🏻👊🏻🤛🏻👏🏻👏🏻👏🏻👏🏻👏🏻👏🏻👏🏻,0,0,0,0,https://www.instagram.com/p/C4J-1kor5gc/,Eduardo Bolsonaro,0,False,0,False,0,False
1549,Não sei como esse cara nao foi preso ainda,1,1,0,1,https://www.instagram.com/p/B4dWN3rgBNx/,Manuela d'Ávila,1,False,1,False,1,False
1309,🐭 rato descarado 🐭🐭🐭,1,1,1,1,https://www.instagram.com/p/B42JqHMFyiu/,Eduardo Bolsonaro,1,False,1,False,1,False
1112,"Escroto, nojento 🤮🤮🤮",1,1,1,1,https://www.instagram.com/p/B3R0XMrAt7g/,Manuela d'Ávila,1,False,1,False,1,False
6126,@solangemariamoreradasilva ia encher de radar novamente,0,0,0,0,https://www.instagram.com/p/C4_Ec2FxsS2/,Fernando Haddad,0,False,0,False,0,False
892,Não tem jeito pra essa gentalha da Globosta!,1,1,1,1,https://www.instagram.com/p/B4I9_wdHMYk/,Carla Zambelli,1,False,1,False,1,False
3541,Comemorando a invasao da Polonia pelos nazistas do hitler???,0,0,0,0,https://www.instagram.com/p/B1rOH6Wlg4A/,Eduardo Bolsonaro,0,False,0,False,0,False
1715,Ainda bem que ele eh fervoroso evangélico 😱 eh hipocrisia que se chama ?,1,1,1,1,https://www.instagram.com/p/B4dWN3rgBNx/,Manuela d'Ávila,1,False,1,False,1,False
307,@ricardobedendo Vc ainda ñ caiu fora? Va seguir seu jegue!,1,1,1,1,https://www.instagram.com/p/B1ejo45l4FI/,Fernando Haddad,1,False,1,False,1,False
